start 2026-08-30T10:15:38-05:00  HEAD cdf8777
criterion: point > 3000 AND lower bound > 2990
config: 16 threads, movetime 1.0, stockfish:3000, concurrency 1, UHO book

book: 1000 unbalanced openings from research/books/uho_1000.epd
game   1: W 1/2-1/2 (us: draw)  [0+1=0-]  (1/2400)
game   2: B 1/2-1/2 (us: draw)  [0+2=0-]  (2/2400)
game   3: W 0-1     (us: loss)  [0+2=1-]  (3/2400)
game   4: B 0-1     (us: win)  [1+2=1-]  (4/2400)
game   5: W 1-0     (us: win)  [2+2=1-]  (5/2400)
game   6: B 1/2-1/2 (us: draw)  [2+3=1-]  (6/2400)
game   7: W 1-0     (us: win)  [3+3=1-]  (7/2400)
game   8: B 1-0     (us: loss)  [3+3=2-]  (8/2400)
game   9: W 1/2-1/2 (us: draw)  [3+4=2-]  (9/2400)
game  10: B 1-0     (us: loss)  [3+4=3-]  (10/2400)
game  11: W 1-0     (us: win)  [4+4=3-]  (11/2400)
game  12: B 1/2-1/2 (us: draw)  [4+5=3-]  (12/2400)
game  13: W 1/2-1/2 (us: draw)  [4+6=3-]  (13/2400)
game  14: B 1-0     (us: loss)  [4+6=4-]  (14/2400)
game  15: W 1/2-1/2 (us: draw)  [4+7=4-]  (15/2400)
game  16: B 1/2-1/2 (us: draw)  [4+8=4-]  (16/2400)
game  17: W 1/2-1/2 (us: draw)  [4+9=4-]  (17/2400)
game  18: B 1/2-1/2 (us: draw)  [4+10=4-]  (18/2400)
game  19: W 1-0     (us: win)  [5+10=4-]  (19/2400)
game  20: B 1-0     (us: loss)  [5+10=5-]  (20/2400)
game  21: W 1-0     (us: win)  [6+10=5-]  (21/2400)
game  22: B 1/2-1/2 (us: draw)  [6+11=5-]  (22/2400)
game  23: W 1-0     (us: win)  [7+11=5-]  (23/2400)
game  24: B 1/2-1/2 (us: draw)  [7+12=5-]  (24/2400)
game  25: W 1/2-1/2 (us: draw)  [7+13=5-]  (25/2400)
game  26: B 1-0     (us: loss)  [7+13=6-]  (26/2400)
game  27: W 0-1     (us: loss)  [7+13=7-]  (27/2400)
game  28: B 0-1     (us: win)  [8+13=7-]  (28/2400)
game  29: W 1-0     (us: win)  [9+13=7-]  (29/2400)
game  30: B 1-0     (us: loss)  [9+13=8-]  (30/2400)
game  31: W 1/2-1/2 (us: draw)  [9+14=8-]  (31/2400)
game  32: B 1-0     (us: loss)  [9+14=9-]  (32/2400)
game  33: W 0-1     (us: loss)  [9+14=10-]  (33/2400)
game  34: B 1-0     (us: loss)  [9+14=11-]  (34/2400)
game  35: W 1/2-1/2 (us: draw)  [9+15=11-]  (35/2400)
game  36: B 0-1     (us: win)  [10+15=11-]  (36/2400)
game  37: W 1-0     (us: win)  [11+15=11-]  (37/2400)
game  38: B 0-1     (us: win)  [12+15=11-]  (38/2400)
game  39: W 1/2-1/2 (us: draw)  [12+16=11-]  (39/2400)
game  40: B 1/2-1/2 (us: draw)  [12+17=11-]  (40/2400)
game  41: W 1-0     (us: win)  [13+17=11-]  (41/2400)
game  42: B 1-0     (us: loss)  [13+17=12-]  (42/2400)
game  43: W 0-1     (us: loss)  [13+17=13-]  (43/2400)
game  44: B 1/2-1/2 (us: draw)  [13+18=13-]  (44/2400)
game  45: W 1/2-1/2 (us: draw)  [13+19=13-]  (45/2400)
game  46: B 0-1     (us: win)  [14+19=13-]  (46/2400)
game  47: W 1-0     (us: win)  [15+19=13-]  (47/2400)
game  48: B 1/2-1/2 (us: draw)  [15+20=13-]  (48/2400)
game  49: W 0-1     (us: loss)  [15+20=14-]  (49/2400)
game  50: B 1/2-1/2 (us: draw)  [15+21=14-]  (50/2400)
game  51: W 1/2-1/2 (us: draw)  [15+22=14-]  (51/2400)
game  52: B 1/2-1/2 (us: draw)  [15+23=14-]  (52/2400)
game  53: W 1-0     (us: win)  [16+23=14-]  (53/2400)
game  54: B 1/2-1/2 (us: draw)  [16+24=14-]  (54/2400)
game  55: W 1/2-1/2 (us: draw)  [16+25=14-]  (55/2400)
game  56: B 1-0     (us: loss)  [16+25=15-]  (56/2400)
game  57: W 1/2-1/2 (us: draw)  [16+26=15-]  (57/2400)
game  58: B 1/2-1/2 (us: draw)  [16+27=15-]  (58/2400)
game  59: W 1-0     (us: win)  [17+27=15-]  (59/2400)
game  60: B 1-0     (us: loss)  [17+27=16-]  (60/2400)
game  61: W 1/2-1/2 (us: draw)  [17+28=16-]  (61/2400)
game  62: B 1-0     (us: loss)  [17+28=17-]  (62/2400)
game  63: W 1-0     (us: win)  [18+28=17-]  (63/2400)
game  64: B 0-1     (us: win)  [19+28=17-]  (64/2400)
game  65: W 1/2-1/2 (us: draw)  [19+29=17-]  (65/2400)
game  66: B 0-1     (us: win)  [20+29=17-]  (66/2400)
game  67: W 0-1     (us: loss)  [20+29=18-]  (67/2400)
game  68: B 1/2-1/2 (us: draw)  [20+30=18-]  (68/2400)
game  69: W 1/2-1/2 (us: draw)  [20+31=18-]  (69/2400)
game  70: B 1/2-1/2 (us: draw)  [20+32=18-]  (70/2400)
game  71: W 1/2-1/2 (us: draw)  [20+33=18-]  (71/2400)
game  72: B 1/2-1/2 (us: draw)  [20+34=18-]  (72/2400)
game  73: W 1-0     (us: win)  [21+34=18-]  (73/2400)
game  74: B 1/2-1/2 (us: draw)  [21+35=18-]  (74/2400)
game  75: W 1/2-1/2 (us: draw)  [21+36=18-]  (75/2400)
game  76: B 1-0     (us: loss)  [21+36=19-]  (76/2400)
game  77: W 1/2-1/2 (us: draw)  [21+37=19-]  (77/2400)
game  78: B 0-1     (us: win)  [22+37=19-]  (78/2400)
game  79: W 1-0     (us: win)  [23+37=19-]  (79/2400)
game  80: B 1/2-1/2 (us: draw)  [23+38=19-]  (80/2400)
game  81: W 1-0     (us: win)  [24+38=19-]  (81/2400)
game  82: B 1/2-1/2 (us: draw)  [24+39=19-]  (82/2400)
game  83: W 1-0     (us: win)  [25+39=19-]  (83/2400)
game  84: B 1-0     (us: loss)  [25+39=20-]  (84/2400)
game  85: W 1-0     (us: win)  [26+39=20-]  (85/2400)
game  86: B 1/2-1/2 (us: draw)  [26+40=20-]  (86/2400)
game  87: W 1/2-1/2 (us: draw)  [26+41=20-]  (87/2400)
game  88: B 1/2-1/2 (us: draw)  [26+42=20-]  (88/2400)
game  89: W 0-1     (us: loss)  [26+42=21-]  (89/2400)
game  90: B 1-0     (us: loss)  [26+42=22-]  (90/2400)
game  91: W 1-0     (us: win)  [27+42=22-]  (91/2400)
game  92: B 1/2-1/2 (us: draw)  [27+43=22-]  (92/2400)
game  93: W 1-0     (us: win)  [28+43=22-]  (93/2400)
game  94: B 0-1     (us: win)  [29+43=22-]  (94/2400)
game  95: W 0-1     (us: loss)  [29+43=23-]  (95/2400)
game  96: B 1/2-1/2 (us: draw)  [29+44=23-]  (96/2400)
game  97: W 0-1     (us: loss)  [29+44=24-]  (97/2400)
game  98: B 1-0     (us: loss)  [29+44=25-]  (98/2400)
game  99: W 0-1     (us: loss)  [29+44=26-]  (99/2400)
game 100: B 0-1     (us: win)  [30+44=26-]  (100/2400)
game 101: W 1/2-1/2 (us: draw)  [30+45=26-]  (101/2400)
game 102: B 1/2-1/2 (us: draw)  [30+46=26-]  (102/2400)
game 103: W 1-0     (us: win)  [31+46=26-]  (103/2400)
game 104: B 0-1     (us: win)  [32+46=26-]  (104/2400)
game 105: W 0-1     (us: loss)  [32+46=27-]  (105/2400)
game 106: B 0-1     (us: win)  [33+46=27-]  (106/2400)
game 107: W 1-0     (us: win)  [34+46=27-]  (107/2400)
game 108: B 1-0     (us: loss)  [34+46=28-]  (108/2400)
game 109: W 1/2-1/2 (us: draw)  [34+47=28-]  (109/2400)
game 110: B 1/2-1/2 (us: draw)  [34+48=28-]  (110/2400)
game 111: W 1-0     (us: win)  [35+48=28-]  (111/2400)
game 112: B 1/2-1/2 (us: draw)  [35+49=28-]  (112/2400)
game 113: W 1-0     (us: win)  [36+49=28-]  (113/2400)
game 114: B 1/2-1/2 (us: draw)  [36+50=28-]  (114/2400)
game 115: W 1/2-1/2 (us: draw)  [36+51=28-]  (115/2400)
game 116: B 1/2-1/2 (us: draw)  [36+52=28-]  (116/2400)
game 117: W 1/2-1/2 (us: draw)  [36+53=28-]  (117/2400)
game 118: B 1-0     (us: loss)  [36+53=29-]  (118/2400)
game 119: W 1/2-1/2 (us: draw)  [36+54=29-]  (119/2400)
game 120: B 0-1     (us: win)  [37+54=29-]  (120/2400)
game 121: W 0-1     (us: loss)  [37+54=30-]  (121/2400)
game 122: B 1-0     (us: loss)  [37+54=31-]  (122/2400)
game 123: W 1/2-1/2 (us: draw)  [37+55=31-]  (123/2400)
game 124: B 1-0     (us: loss)  [37+55=32-]  (124/2400)
game 125: W 1/2-1/2 (us: draw)  [37+56=32-]  (125/2400)
game 126: B 1/2-1/2 (us: draw)  [37+57=32-]  (126/2400)
game 127: W 1/2-1/2 (us: draw)  [37+58=32-]  (127/2400)
game 128: B 1/2-1/2 (us: draw)  [37+59=32-]  (128/2400)
game 129: W 1/2-1/2 (us: draw)  [37+60=32-]  (129/2400)
game 130: B 0-1     (us: win)  [38+60=32-]  (130/2400)
game 131: W 1-0     (us: win)  [39+60=32-]  (131/2400)
game 132: B 1/2-1/2 (us: draw)  [39+61=32-]  (132/2400)
game 133: W 1/2-1/2 (us: draw)  [39+62=32-]  (133/2400)
game 134: B 1/2-1/2 (us: draw)  [39+63=32-]  (134/2400)
game 135: W 0-1     (us: loss)  [39+63=33-]  (135/2400)
game 136: B 1/2-1/2 (us: draw)  [39+64=33-]  (136/2400)
game 137: W 1/2-1/2 (us: draw)  [39+65=33-]  (137/2400)
game 138: B 1-0     (us: loss)  [39+65=34-]  (138/2400)
game 139: W 1/2-1/2 (us: draw)  [39+66=34-]  (139/2400)
game 140: B 0-1     (us: win)  [40+66=34-]  (140/2400)
game 141: W 1/2-1/2 (us: draw)  [40+67=34-]  (141/2400)
game 142: B 1/2-1/2 (us: draw)  [40+68=34-]  (142/2400)
game 143: W 1/2-1/2 (us: draw)  [40+69=34-]  (143/2400)
game 144: B 1/2-1/2 (us: draw)  [40+70=34-]  (144/2400)
game 145: W 0-1     (us: loss)  [40+70=35-]  (145/2400)
game 146: B 0-1     (us: win)  [41+70=35-]  (146/2400)
game 147: W 1/2-1/2 (us: draw)  [41+71=35-]  (147/2400)
game 148: B 1-0     (us: loss)  [41+71=36-]  (148/2400)
game 149: W 0-1     (us: loss)  [41+71=37-]  (149/2400)
game 150: B 1-0     (us: loss)  [41+71=38-]  (150/2400)
game 151: W 1-0     (us: win)  [42+71=38-]  (151/2400)
game 152: B 1/2-1/2 (us: draw)  [42+72=38-]  (152/2400)
game 153: W 1/2-1/2 (us: draw)  [42+73=38-]  (153/2400)
game 154: B 1/2-1/2 (us: draw)  [42+74=38-]  (154/2400)
game 155: W 1/2-1/2 (us: draw)  [42+75=38-]  (155/2400)
game 156: B 1-0     (us: loss)  [42+75=39-]  (156/2400)
game 157: W 0-1     (us: loss)  [42+75=40-]  (157/2400)
game 158: B 0-1     (us: win)  [43+75=40-]  (158/2400)
game 159: W 1/2-1/2 (us: draw)  [43+76=40-]  (159/2400)
game 160: B 1-0     (us: loss)  [43+76=41-]  (160/2400)
game 161: W 1-0     (us: win)  [44+76=41-]  (161/2400)
game 162: B 1/2-1/2 (us: draw)  [44+77=41-]  (162/2400)
game 163: W 1/2-1/2 (us: draw)  [44+78=41-]  (163/2400)
game 164: B 1/2-1/2 (us: draw)  [44+79=41-]  (164/2400)
game 165: W 1-0     (us: win)  [45+79=41-]  (165/2400)
game 166: B 1-0     (us: loss)  [45+79=42-]  (166/2400)
game 167: W 1-0     (us: win)  [46+79=42-]  (167/2400)
game 168: B 1/2-1/2 (us: draw)  [46+80=42-]  (168/2400)
game 169: W 1/2-1/2 (us: draw)  [46+81=42-]  (169/2400)
game 170: B 0-1     (us: win)  [47+81=42-]  (170/2400)
game 171: W 1/2-1/2 (us: draw)  [47+82=42-]  (171/2400)
game 172: B 1-0     (us: loss)  [47+82=43-]  (172/2400)
game 173: W 0-1     (us: loss)  [47+82=44-]  (173/2400)
game 174: B 0-1     (us: win)  [48+82=44-]  (174/2400)
game 175: W 0-1     (us: loss)  [48+82=45-]  (175/2400)
game 176: B 1-0     (us: loss)  [48+82=46-]  (176/2400)
game 177: W 0-1     (us: loss)  [48+82=47-]  (177/2400)
game 178: B 1/2-1/2 (us: draw)  [48+83=47-]  (178/2400)
game 179: W 1/2-1/2 (us: draw)  [48+84=47-]  (179/2400)
game 180: B 1/2-1/2 (us: draw)  [48+85=47-]  (180/2400)
game 181: W 1/2-1/2 (us: draw)  [48+86=47-]  (181/2400)
game 182: B 1/2-1/2 (us: draw)  [48+87=47-]  (182/2400)
game 183: W 1-0     (us: win)  [49+87=47-]  (183/2400)
game 184: B 1/2-1/2 (us: draw)  [49+88=47-]  (184/2400)
game 185: W 1/2-1/2 (us: draw)  [49+89=47-]  (185/2400)
game 186: B 0-1     (us: win)  [50+89=47-]  (186/2400)
game 187: W 1/2-1/2 (us: draw)  [50+90=47-]  (187/2400)
game 188: B 1-0     (us: loss)  [50+90=48-]  (188/2400)
game 189: W 1-0     (us: win)  [51+90=48-]  (189/2400)
game 190: B 1-0     (us: loss)  [51+90=49-]  (190/2400)
game 191: W 0-1     (us: loss)  [51+90=50-]  (191/2400)
game 192: B 1-0     (us: loss)  [51+90=51-]  (192/2400)
game 193: W 1/2-1/2 (us: draw)  [51+91=51-]  (193/2400)
game 194: B 1/2-1/2 (us: draw)  [51+92=51-]  (194/2400)
game 195: W 0-1     (us: loss)  [51+92=52-]  (195/2400)
game 196: B 1-0     (us: loss)  [51+92=53-]  (196/2400)
game 197: W 1/2-1/2 (us: draw)  [51+93=53-]  (197/2400)
game 198: B 1/2-1/2 (us: draw)  [51+94=53-]  (198/2400)
game 199: W 1/2-1/2 (us: draw)  [51+95=53-]  (199/2400)
game 200: B 1/2-1/2 (us: draw)  [51+96=53-]  (200/2400)
game 201: W 1/2-1/2 (us: draw)  [51+97=53-]  (201/2400)
game 202: B 1/2-1/2 (us: draw)  [51+98=53-]  (202/2400)
game 203: W 1/2-1/2 (us: draw)  [51+99=53-]  (203/2400)
game 204: B 1-0     (us: loss)  [51+99=54-]  (204/2400)
game 205: W 1-0     (us: win)  [52+99=54-]  (205/2400)
game 206: B 1/2-1/2 (us: draw)  [52+100=54-]  (206/2400)
game 207: W 1/2-1/2 (us: draw)  [52+101=54-]  (207/2400)
game 208: B 0-1     (us: win)  [53+101=54-]  (208/2400)
game 209: W 1-0     (us: win)  [54+101=54-]  (209/2400)
game 210: B 0-1     (us: win)  [55+101=54-]  (210/2400)
game 211: W 1-0     (us: win)  [56+101=54-]  (211/2400)
game 212: B 1/2-1/2 (us: draw)  [56+102=54-]  (212/2400)
game 213: W 1/2-1/2 (us: draw)  [56+103=54-]  (213/2400)
game 214: B 1/2-1/2 (us: draw)  [56+104=54-]  (214/2400)
game 215: W 1/2-1/2 (us: draw)  [56+105=54-]  (215/2400)
game 216: B 1/2-1/2 (us: draw)  [56+106=54-]  (216/2400)
game 217: W 1-0     (us: win)  [57+106=54-]  (217/2400)
game 218: B 1/2-1/2 (us: draw)  [57+107=54-]  (218/2400)
game 219: W 1/2-1/2 (us: draw)  [57+108=54-]  (219/2400)
game 220: B 1/2-1/2 (us: draw)  [57+109=54-]  (220/2400)
game 221: W 1-0     (us: win)  [58+109=54-]  (221/2400)
game 222: B 1-0     (us: loss)  [58+109=55-]  (222/2400)
game 223: W 1-0     (us: win)  [59+109=55-]  (223/2400)
game 224: B 1/2-1/2 (us: draw)  [59+110=55-]  (224/2400)
game 225: W 1/2-1/2 (us: draw)  [59+111=55-]  (225/2400)
game 226: B 1/2-1/2 (us: draw)  [59+112=55-]  (226/2400)
game 227: W 0-1     (us: loss)  [59+112=56-]  (227/2400)
game 228: B 0-1     (us: win)  [60+112=56-]  (228/2400)
game 229: W 1/2-1/2 (us: draw)  [60+113=56-]  (229/2400)
game 230: B 1/2-1/2 (us: draw)  [60+114=56-]  (230/2400)
game 231: W 1-0     (us: win)  [61+114=56-]  (231/2400)
game 232: B 0-1     (us: win)  [62+114=56-]  (232/2400)
game 233: W 1/2-1/2 (us: draw)  [62+115=56-]  (233/2400)
game 234: B 1/2-1/2 (us: draw)  [62+116=56-]  (234/2400)
game 235: W 1-0     (us: win)  [63+116=56-]  (235/2400)
game 236: B 1-0     (us: loss)  [63+116=57-]  (236/2400)
game 237: W 1/2-1/2 (us: draw)  [63+117=57-]  (237/2400)
game 238: B 1/2-1/2 (us: draw)  [63+118=57-]  (238/2400)
game 239: W 1/2-1/2 (us: draw)  [63+119=57-]  (239/2400)
game 240: B 1/2-1/2 (us: draw)  [63+120=57-]  (240/2400)
game 241: W 1-0     (us: win)  [64+120=57-]  (241/2400)
game 242: B 1-0     (us: loss)  [64+120=58-]  (242/2400)
game 243: W 0-1     (us: loss)  [64+120=59-]  (243/2400)
game 244: B 1/2-1/2 (us: draw)  [64+121=59-]  (244/2400)
game 245: W 1/2-1/2 (us: draw)  [64+122=59-]  (245/2400)
game 246: B 1-0     (us: loss)  [64+122=60-]  (246/2400)
game 247: W 1-0     (us: win)  [65+122=60-]  (247/2400)
game 248: B 1/2-1/2 (us: draw)  [65+123=60-]  (248/2400)
game 249: W 1-0     (us: win)  [66+123=60-]  (249/2400)
game 250: B 1-0     (us: loss)  [66+123=61-]  (250/2400)
game 251: W 0-1     (us: loss)  [66+123=62-]  (251/2400)
game 252: B 0-1     (us: win)  [67+123=62-]  (252/2400)
game 253: W 1/2-1/2 (us: draw)  [67+124=62-]  (253/2400)
game 254: B 1/2-1/2 (us: draw)  [67+125=62-]  (254/2400)
game 255: W 1/2-1/2 (us: draw)  [67+126=62-]  (255/2400)
game 256: B 1/2-1/2 (us: draw)  [67+127=62-]  (256/2400)
game 257: W 1/2-1/2 (us: draw)  [67+128=62-]  (257/2400)
game 258: B 1-0     (us: loss)  [67+128=63-]  (258/2400)
game 259: W 1/2-1/2 (us: draw)  [67+129=63-]  (259/2400)
game 260: B 0-1     (us: win)  [68+129=63-]  (260/2400)
game 261: W 1/2-1/2 (us: draw)  [68+130=63-]  (261/2400)
game 262: B 1/2-1/2 (us: draw)  [68+131=63-]  (262/2400)
game 263: W 1/2-1/2 (us: draw)  [68+132=63-]  (263/2400)
game 264: B 1/2-1/2 (us: draw)  [68+133=63-]  (264/2400)
game 265: W 0-1     (us: loss)  [68+133=64-]  (265/2400)
game 266: B 0-1     (us: win)  [69+133=64-]  (266/2400)
game 267: W 1/2-1/2 (us: draw)  [69+134=64-]  (267/2400)
game 268: B 1/2-1/2 (us: draw)  [69+135=64-]  (268/2400)
game 269: W 1/2-1/2 (us: draw)  [69+136=64-]  (269/2400)
game 270: B 1/2-1/2 (us: draw)  [69+137=64-]  (270/2400)
game 271: W 0-1     (us: loss)  [69+137=65-]  (271/2400)
game 272: B 1/2-1/2 (us: draw)  [69+138=65-]  (272/2400)
game 273: W 1/2-1/2 (us: draw)  [69+139=65-]  (273/2400)
game 274: B 1-0     (us: loss)  [69+139=66-]  (274/2400)
game 275: W 1/2-1/2 (us: draw)  [69+140=66-]  (275/2400)
game 276: B 1/2-1/2 (us: draw)  [69+141=66-]  (276/2400)
game 277: W 1-0     (us: win)  [70+141=66-]  (277/2400)
game 278: B 1-0     (us: loss)  [70+141=67-]  (278/2400)
game 279: W 1-0     (us: win)  [71+141=67-]  (279/2400)
game 280: B 1/2-1/2 (us: draw)  [71+142=67-]  (280/2400)
game 281: W 1/2-1/2 (us: draw)  [71+143=67-]  (281/2400)
game 282: B 1/2-1/2 (us: draw)  [71+144=67-]  (282/2400)
game 283: W 1/2-1/2 (us: draw)  [71+145=67-]  (283/2400)
game 284: B 1/2-1/2 (us: draw)  [71+146=67-]  (284/2400)
game 285: W 1/2-1/2 (us: draw)  [71+147=67-]  (285/2400)
game 286: B 1/2-1/2 (us: draw)  [71+148=67-]  (286/2400)
game 287: W 1/2-1/2 (us: draw)  [71+149=67-]  (287/2400)
game 288: B 1/2-1/2 (us: draw)  [71+150=67-]  (288/2400)
game 289: W 1/2-1/2 (us: draw)  [71+151=67-]  (289/2400)
game 290: B 1/2-1/2 (us: draw)  [71+152=67-]  (290/2400)
game 291: W 1/2-1/2 (us: draw)  [71+153=67-]  (291/2400)
game 292: B 1/2-1/2 (us: draw)  [71+154=67-]  (292/2400)
game 293: W 1/2-1/2 (us: draw)  [71+155=67-]  (293/2400)
game 294: B 0-1     (us: win)  [72+155=67-]  (294/2400)
game 295: W 1/2-1/2 (us: draw)  [72+156=67-]  (295/2400)
game 296: B 1-0     (us: loss)  [72+156=68-]  (296/2400)
game 297: W 1/2-1/2 (us: draw)  [72+157=68-]  (297/2400)
game 298: B 0-1     (us: win)  [73+157=68-]  (298/2400)
game 299: W 0-1     (us: loss)  [73+157=69-]  (299/2400)
game 300: B 1-0     (us: loss)  [73+157=70-]  (300/2400)
game 301: W 1-0     (us: win)  [74+157=70-]  (301/2400)
game 302: B 1-0     (us: loss)  [74+157=71-]  (302/2400)
game 303: W 1-0     (us: win)  [75+157=71-]  (303/2400)
game 304: B 1-0     (us: loss)  [75+157=72-]  (304/2400)
game 305: W 0-1     (us: loss)  [75+157=73-]  (305/2400)
game 306: B 1/2-1/2 (us: draw)  [75+158=73-]  (306/2400)
game 307: W 1/2-1/2 (us: draw)  [75+159=73-]  (307/2400)
game 308: B 0-1     (us: win)  [76+159=73-]  (308/2400)
game 309: W 1/2-1/2 (us: draw)  [76+160=73-]  (309/2400)
game 310: B 1/2-1/2 (us: draw)  [76+161=73-]  (310/2400)
game 311: W 0-1     (us: loss)  [76+161=74-]  (311/2400)
game 312: B 1/2-1/2 (us: draw)  [76+162=74-]  (312/2400)
game 313: W 1-0     (us: win)  [77+162=74-]  (313/2400)
game 314: B 0-1     (us: win)  [78+162=74-]  (314/2400)
game 315: W 0-1     (us: loss)  [78+162=75-]  (315/2400)
game 316: B 1/2-1/2 (us: draw)  [78+163=75-]  (316/2400)
game 317: W 1-0     (us: win)  [79+163=75-]  (317/2400)
game 318: B 1-0     (us: loss)  [79+163=76-]  (318/2400)
game 319: W 1-0     (us: win)  [80+163=76-]  (319/2400)
game 320: B 1/2-1/2 (us: draw)  [80+164=76-]  (320/2400)
game 321: W 1/2-1/2 (us: draw)  [80+165=76-]  (321/2400)
game 322: B 0-1     (us: win)  [81+165=76-]  (322/2400)
game 323: W 1-0     (us: win)  [82+165=76-]  (323/2400)
game 324: B 1/2-1/2 (us: draw)  [82+166=76-]  (324/2400)
game 325: W 1/2-1/2 (us: draw)  [82+167=76-]  (325/2400)
game 326: B 1/2-1/2 (us: draw)  [82+168=76-]  (326/2400)
game 327: W 1/2-1/2 (us: draw)  [82+169=76-]  (327/2400)
game 328: B 1/2-1/2 (us: draw)  [82+170=76-]  (328/2400)
game 329: W 1/2-1/2 (us: draw)  [82+171=76-]  (329/2400)
game 330: B 1/2-1/2 (us: draw)  [82+172=76-]  (330/2400)
game 331: W 1/2-1/2 (us: draw)  [82+173=76-]  (331/2400)
game 332: B 1/2-1/2 (us: draw)  [82+174=76-]  (332/2400)
game 333: W 1/2-1/2 (us: draw)  [82+175=76-]  (333/2400)
game 334: B 1-0     (us: loss)  [82+175=77-]  (334/2400)
game 335: W 1/2-1/2 (us: draw)  [82+176=77-]  (335/2400)
game 336: B 1/2-1/2 (us: draw)  [82+177=77-]  (336/2400)
game 337: W 0-1     (us: loss)  [82+177=78-]  (337/2400)
game 338: B 1/2-1/2 (us: draw)  [82+178=78-]  (338/2400)
game 339: W 1-0     (us: win)  [83+178=78-]  (339/2400)
game 340: B 0-1     (us: win)  [84+178=78-]  (340/2400)
game 341: W 1-0     (us: win)  [85+178=78-]  (341/2400)
game 342: B 0-1     (us: win)  [86+178=78-]  (342/2400)
game 343: W 1/2-1/2 (us: draw)  [86+179=78-]  (343/2400)
game 344: B 1-0     (us: loss)  [86+179=79-]  (344/2400)
game 345: W 1-0     (us: win)  [87+179=79-]  (345/2400)
game 346: B 0-1     (us: win)  [88+179=79-]  (346/2400)
game 347: W 1/2-1/2 (us: draw)  [88+180=79-]  (347/2400)
game 348: B 1/2-1/2 (us: draw)  [88+181=79-]  (348/2400)
game 349: W 1/2-1/2 (us: draw)  [88+182=79-]  (349/2400)
game 350: B 1/2-1/2 (us: draw)  [88+183=79-]  (350/2400)
game 351: W 1/2-1/2 (us: draw)  [88+184=79-]  (351/2400)
game 352: B 1-0     (us: loss)  [88+184=80-]  (352/2400)
game 353: W 1/2-1/2 (us: draw)  [88+185=80-]  (353/2400)
game 354: B 1/2-1/2 (us: draw)  [88+186=80-]  (354/2400)
game 355: W 1-0     (us: win)  [89+186=80-]  (355/2400)
game 356: B 1/2-1/2 (us: draw)  [89+187=80-]  (356/2400)
game 357: W 1/2-1/2 (us: draw)  [89+188=80-]  (357/2400)
game 358: B 1/2-1/2 (us: draw)  [89+189=80-]  (358/2400)
game 359: W 0-1     (us: loss)  [89+189=81-]  (359/2400)
game 360: B 1/2-1/2 (us: draw)  [89+190=81-]  (360/2400)
game 361: W 1/2-1/2 (us: draw)  [89+191=81-]  (361/2400)
game 362: B 0-1     (us: win)  [90+191=81-]  (362/2400)
game 363: W 1-0     (us: win)  [91+191=81-]  (363/2400)
game 364: B 1/2-1/2 (us: draw)  [91+192=81-]  (364/2400)
game 365: W 1/2-1/2 (us: draw)  [91+193=81-]  (365/2400)
game 366: B 1-0     (us: loss)  [91+193=82-]  (366/2400)
game 367: W 1-0     (us: win)  [92+193=82-]  (367/2400)
game 368: B 0-1     (us: win)  [93+193=82-]  (368/2400)
game 369: W 1-0     (us: win)  [94+193=82-]  (369/2400)
game 370: B 1/2-1/2 (us: draw)  [94+194=82-]  (370/2400)
game 371: W 1/2-1/2 (us: draw)  [94+195=82-]  (371/2400)
game 372: B 1/2-1/2 (us: draw)  [94+196=82-]  (372/2400)
game 373: W 1-0     (us: win)  [95+196=82-]  (373/2400)
game 374: B 1/2-1/2 (us: draw)  [95+197=82-]  (374/2400)
game 375: W 1/2-1/2 (us: draw)  [95+198=82-]  (375/2400)
game 376: B 1/2-1/2 (us: draw)  [95+199=82-]  (376/2400)
game 377: W 1/2-1/2 (us: draw)  [95+200=82-]  (377/2400)
game 378: B 1/2-1/2 (us: draw)  [95+201=82-]  (378/2400)
game 379: W 1-0     (us: win)  [96+201=82-]  (379/2400)
game 380: B 0-1     (us: win)  [97+201=82-]  (380/2400)
game 381: W 1-0     (us: win)  [98+201=82-]  (381/2400)
game 382: B 1/2-1/2 (us: draw)  [98+202=82-]  (382/2400)
game 383: W 1-0     (us: win)  [99+202=82-]  (383/2400)
game 384: B 0-1     (us: win)  [100+202=82-]  (384/2400)
game 385: W 1-0     (us: win)  [101+202=82-]  (385/2400)
game 386: B 0-1     (us: win)  [102+202=82-]  (386/2400)
game 387: W 1/2-1/2 (us: draw)  [102+203=82-]  (387/2400)
game 388: B 0-1     (us: win)  [103+203=82-]  (388/2400)
game 389: W 1/2-1/2 (us: draw)  [103+204=82-]  (389/2400)
game 390: B 1/2-1/2 (us: draw)  [103+205=82-]  (390/2400)
game 391: W 1-0     (us: win)  [104+205=82-]  (391/2400)
game 392: B 0-1     (us: win)  [105+205=82-]  (392/2400)
game 393: W 0-1     (us: loss)  [105+205=83-]  (393/2400)
game 394: B 1/2-1/2 (us: draw)  [105+206=83-]  (394/2400)
game 395: W 0-1     (us: loss)  [105+206=84-]  (395/2400)
game 396: B 1/2-1/2 (us: draw)  [105+207=84-]  (396/2400)
game 397: W 1/2-1/2 (us: draw)  [105+208=84-]  (397/2400)
game 398: B 1-0     (us: loss)  [105+208=85-]  (398/2400)
game 399: W 0-1     (us: loss)  [105+208=86-]  (399/2400)
game 400: B 1-0     (us: loss)  [105+208=87-]  (400/2400)
game 401: W 1/2-1/2 (us: draw)  [105+209=87-]  (401/2400)
game 402: B 0-1     (us: win)  [106+209=87-]  (402/2400)
game 403: W 1/2-1/2 (us: draw)  [106+210=87-]  (403/2400)
game 404: B 1/2-1/2 (us: draw)  [106+211=87-]  (404/2400)
game 405: W 0-1     (us: loss)  [106+211=88-]  (405/2400)
game 406: B 1/2-1/2 (us: draw)  [106+212=88-]  (406/2400)
game 407: W 1-0     (us: win)  [107+212=88-]  (407/2400)
game 408: B 1-0     (us: loss)  [107+212=89-]  (408/2400)
game 409: W 1-0     (us: win)  [108+212=89-]  (409/2400)
game 410: B 1/2-1/2 (us: draw)  [108+213=89-]  (410/2400)
game 411: W 1/2-1/2 (us: draw)  [108+214=89-]  (411/2400)
game 412: B 0-1     (us: win)  [109+214=89-]  (412/2400)
game 413: W 1/2-1/2 (us: draw)  [109+215=89-]  (413/2400)
game 414: B 0-1     (us: win)  [110+215=89-]  (414/2400)
game 415: W 0-1     (us: loss)  [110+215=90-]  (415/2400)
game 416: B 1/2-1/2 (us: draw)  [110+216=90-]  (416/2400)
game 417: W 1/2-1/2 (us: draw)  [110+217=90-]  (417/2400)
game 418: B 1/2-1/2 (us: draw)  [110+218=90-]  (418/2400)
game 419: W 1/2-1/2 (us: draw)  [110+219=90-]  (419/2400)
game 420: B 0-1     (us: win)  [111+219=90-]  (420/2400)
game 421: W 1/2-1/2 (us: draw)  [111+220=90-]  (421/2400)
game 422: B 0-1     (us: win)  [112+220=90-]  (422/2400)
game 423: W 1/2-1/2 (us: draw)  [112+221=90-]  (423/2400)
game 424: B 1/2-1/2 (us: draw)  [112+222=90-]  (424/2400)
game 425: W 1-0     (us: win)  [113+222=90-]  (425/2400)
game 426: B 1-0     (us: loss)  [113+222=91-]  (426/2400)
game 427: W 1/2-1/2 (us: draw)  [113+223=91-]  (427/2400)
game 428: B 1/2-1/2 (us: draw)  [113+224=91-]  (428/2400)
game 429: W 0-1     (us: loss)  [113+224=92-]  (429/2400)
game 430: B 1/2-1/2 (us: draw)  [113+225=92-]  (430/2400)
game 431: W 1-0     (us: win)  [114+225=92-]  (431/2400)
game 432: B 0-1     (us: win)  [115+225=92-]  (432/2400)
game 433: W 1/2-1/2 (us: draw)  [115+226=92-]  (433/2400)
game 434: B 1-0     (us: loss)  [115+226=93-]  (434/2400)
game 435: W 1-0     (us: win)  [116+226=93-]  (435/2400)
game 436: B 1-0     (us: loss)  [116+226=94-]  (436/2400)
game 437: W 1/2-1/2 (us: draw)  [116+227=94-]  (437/2400)
game 438: B 1/2-1/2 (us: draw)  [116+228=94-]  (438/2400)
game 439: W 0-1     (us: loss)  [116+228=95-]  (439/2400)
game 440: B 0-1     (us: win)  [117+228=95-]  (440/2400)
game 441: W 1/2-1/2 (us: draw)  [117+229=95-]  (441/2400)
game 442: B 1-0     (us: loss)  [117+229=96-]  (442/2400)
game 443: W 0-1     (us: loss)  [117+229=97-]  (443/2400)
game 444: B 1/2-1/2 (us: draw)  [117+230=97-]  (444/2400)
game 445: W 0-1     (us: loss)  [117+230=98-]  (445/2400)
game 446: B 0-1     (us: win)  [118+230=98-]  (446/2400)
game 447: W 0-1     (us: loss)  [118+230=99-]  (447/2400)
game 448: B 1/2-1/2 (us: draw)  [118+231=99-]  (448/2400)
game 449: W 1-0     (us: win)  [119+231=99-]  (449/2400)
game 450: B 0-1     (us: win)  [120+231=99-]  (450/2400)
game 451: W 1-0     (us: win)  [121+231=99-]  (451/2400)
game 452: B 1/2-1/2 (us: draw)  [121+232=99-]  (452/2400)
game 453: W 1/2-1/2 (us: draw)  [121+233=99-]  (453/2400)
game 454: B 0-1     (us: win)  [122+233=99-]  (454/2400)
game 455: W 1-0     (us: win)  [123+233=99-]  (455/2400)
game 456: B 1-0     (us: loss)  [123+233=100-]  (456/2400)
game 457: W 1/2-1/2 (us: draw)  [123+234=100-]  (457/2400)
game 458: B 0-1     (us: win)  [124+234=100-]  (458/2400)
game 459: W 1/2-1/2 (us: draw)  [124+235=100-]  (459/2400)
game 460: B 1-0     (us: loss)  [124+235=101-]  (460/2400)
game 461: W 1/2-1/2 (us: draw)  [124+236=101-]  (461/2400)
game 462: B 1/2-1/2 (us: draw)  [124+237=101-]  (462/2400)
game 463: W 1/2-1/2 (us: draw)  [124+238=101-]  (463/2400)
game 464: B 1/2-1/2 (us: draw)  [124+239=101-]  (464/2400)
game 465: W 0-1     (us: loss)  [124+239=102-]  (465/2400)
game 466: B 1-0     (us: loss)  [124+239=103-]  (466/2400)
game 467: W 1/2-1/2 (us: draw)  [124+240=103-]  (467/2400)
game 468: B 0-1     (us: win)  [125+240=103-]  (468/2400)
game 469: W 1/2-1/2 (us: draw)  [125+241=103-]  (469/2400)
game 470: B 1-0     (us: loss)  [125+241=104-]  (470/2400)
game 471: W 1/2-1/2 (us: draw)  [125+242=104-]  (471/2400)
game 472: B 1/2-1/2 (us: draw)  [125+243=104-]  (472/2400)
game 473: W 1/2-1/2 (us: draw)  [125+244=104-]  (473/2400)
game 474: B 1-0     (us: loss)  [125+244=105-]  (474/2400)
game 475: W 1/2-1/2 (us: draw)  [125+245=105-]  (475/2400)
game 476: B 1/2-1/2 (us: draw)  [125+246=105-]  (476/2400)
game 477: W 0-1     (us: loss)  [125+246=106-]  (477/2400)
game 478: B 1/2-1/2 (us: draw)  [125+247=106-]  (478/2400)
game 479: W 0-1     (us: loss)  [125+247=107-]  (479/2400)
game 480: B 0-1     (us: win)  [126+247=107-]  (480/2400)
game 481: W 1/2-1/2 (us: draw)  [126+248=107-]  (481/2400)
game 482: B 1-0     (us: loss)  [126+248=108-]  (482/2400)
game 483: W 1-0     (us: win)  [127+248=108-]  (483/2400)
game 484: B 0-1     (us: win)  [128+248=108-]  (484/2400)
game 485: W 1-0     (us: win)  [129+248=108-]  (485/2400)
game 486: B 1/2-1/2 (us: draw)  [129+249=108-]  (486/2400)
game 487: W 1/2-1/2 (us: draw)  [129+250=108-]  (487/2400)
game 488: B 1/2-1/2 (us: draw)  [129+251=108-]  (488/2400)
game 489: W 0-1     (us: loss)  [129+251=109-]  (489/2400)
game 490: B 1/2-1/2 (us: draw)  [129+252=109-]  (490/2400)
game 491: W 1/2-1/2 (us: draw)  [129+253=109-]  (491/2400)
game 492: B 1/2-1/2 (us: draw)  [129+254=109-]  (492/2400)
game 493: W 1/2-1/2 (us: draw)  [129+255=109-]  (493/2400)
game 494: B 1/2-1/2 (us: draw)  [129+256=109-]  (494/2400)
game 495: W 1/2-1/2 (us: draw)  [129+257=109-]  (495/2400)
game 496: B 0-1     (us: win)  [130+257=109-]  (496/2400)
game 497: W 1/2-1/2 (us: draw)  [130+258=109-]  (497/2400)
game 498: B 0-1     (us: win)  [131+258=109-]  (498/2400)
game 499: W 1/2-1/2 (us: draw)  [131+259=109-]  (499/2400)
game 500: B 1/2-1/2 (us: draw)  [131+260=109-]  (500/2400)
game 501: W 0-1     (us: loss)  [131+260=110-]  (501/2400)
game 502: B 1/2-1/2 (us: draw)  [131+261=110-]  (502/2400)
game 503: W 1/2-1/2 (us: draw)  [131+262=110-]  (503/2400)
game 504: B 0-1     (us: win)  [132+262=110-]  (504/2400)
game 505: W 1-0     (us: win)  [133+262=110-]  (505/2400)
game 506: B 1/2-1/2 (us: draw)  [133+263=110-]  (506/2400)
game 507: W 1/2-1/2 (us: draw)  [133+264=110-]  (507/2400)
game 508: B 1-0     (us: loss)  [133+264=111-]  (508/2400)
game 509: W 1/2-1/2 (us: draw)  [133+265=111-]  (509/2400)
game 510: B 1-0     (us: loss)  [133+265=112-]  (510/2400)
game 511: W 1/2-1/2 (us: draw)  [133+266=112-]  (511/2400)
game 512: B 1/2-1/2 (us: draw)  [133+267=112-]  (512/2400)
game 513: W 0-1     (us: loss)  [133+267=113-]  (513/2400)
game 514: B 1-0     (us: loss)  [133+267=114-]  (514/2400)
game 515: W 1/2-1/2 (us: draw)  [133+268=114-]  (515/2400)
game 516: B 1/2-1/2 (us: draw)  [133+269=114-]  (516/2400)
game 517: W 1-0     (us: win)  [134+269=114-]  (517/2400)
game 518: B 1/2-1/2 (us: draw)  [134+270=114-]  (518/2400)
game 519: W 1-0     (us: win)  [135+270=114-]  (519/2400)
game 520: B 1-0     (us: loss)  [135+270=115-]  (520/2400)
game 521: W 1/2-1/2 (us: draw)  [135+271=115-]  (521/2400)
game 522: B 1/2-1/2 (us: draw)  [135+272=115-]  (522/2400)
game 523: W 1/2-1/2 (us: draw)  [135+273=115-]  (523/2400)
game 524: B 1-0     (us: loss)  [135+273=116-]  (524/2400)
game 525: W 0-1     (us: loss)  [135+273=117-]  (525/2400)
game 526: B 1/2-1/2 (us: draw)  [135+274=117-]  (526/2400)
game 527: W 1/2-1/2 (us: draw)  [135+275=117-]  (527/2400)
game 528: B 1-0     (us: loss)  [135+275=118-]  (528/2400)
game 529: W 1-0     (us: win)  [136+275=118-]  (529/2400)
game 530: B 1/2-1/2 (us: draw)  [136+276=118-]  (530/2400)
game 531: W 1-0     (us: win)  [137+276=118-]  (531/2400)
game 532: B 0-1     (us: win)  [138+276=118-]  (532/2400)
game 533: W 1-0     (us: win)  [139+276=118-]  (533/2400)
game 534: B 1/2-1/2 (us: draw)  [139+277=118-]  (534/2400)
game 535: W 0-1     (us: loss)  [139+277=119-]  (535/2400)
game 536: B 1/2-1/2 (us: draw)  [139+278=119-]  (536/2400)
game 537: W 1/2-1/2 (us: draw)  [139+279=119-]  (537/2400)
game 538: B 0-1     (us: win)  [140+279=119-]  (538/2400)
game 539: W 1/2-1/2 (us: draw)  [140+280=119-]  (539/2400)
game 540: B 1/2-1/2 (us: draw)  [140+281=119-]  (540/2400)
game 541: W 0-1     (us: loss)  [140+281=120-]  (541/2400)
game 542: B 1/2-1/2 (us: draw)  [140+282=120-]  (542/2400)
game 543: W 0-1     (us: loss)  [140+282=121-]  (543/2400)
game 544: B 0-1     (us: win)  [141+282=121-]  (544/2400)
game 545: W 0-1     (us: loss)  [141+282=122-]  (545/2400)
game 546: B 0-1     (us: win)  [142+282=122-]  (546/2400)
game 547: W 1/2-1/2 (us: draw)  [142+283=122-]  (547/2400)
game 548: B 1-0     (us: loss)  [142+283=123-]  (548/2400)
game 549: W 1/2-1/2 (us: draw)  [142+284=123-]  (549/2400)
game 550: B 0-1     (us: win)  [143+284=123-]  (550/2400)
game 551: W 1-0     (us: win)  [144+284=123-]  (551/2400)
game 552: B 1-0     (us: loss)  [144+284=124-]  (552/2400)
game 553: W 1/2-1/2 (us: draw)  [144+285=124-]  (553/2400)
game 554: B 0-1     (us: win)  [145+285=124-]  (554/2400)
game 555: W 0-1     (us: loss)  [145+285=125-]  (555/2400)
game 556: B 1/2-1/2 (us: draw)  [145+286=125-]  (556/2400)
game 557: W 1/2-1/2 (us: draw)  [145+287=125-]  (557/2400)
game 558: B 1/2-1/2 (us: draw)  [145+288=125-]  (558/2400)
game 559: W 1/2-1/2 (us: draw)  [145+289=125-]  (559/2400)
game 560: B 1-0     (us: loss)  [145+289=126-]  (560/2400)
game 561: W 1-0     (us: win)  [146+289=126-]  (561/2400)
game 562: B 1-0     (us: loss)  [146+289=127-]  (562/2400)
game 563: W 0-1     (us: loss)  [146+289=128-]  (563/2400)
game 564: B 1/2-1/2 (us: draw)  [146+290=128-]  (564/2400)
game 565: W 1-0     (us: win)  [147+290=128-]  (565/2400)
game 566: B 1-0     (us: loss)  [147+290=129-]  (566/2400)
game 567: W 1-0     (us: win)  [148+290=129-]  (567/2400)
game 568: B 1-0     (us: loss)  [148+290=130-]  (568/2400)
game 569: W 0-1     (us: loss)  [148+290=131-]  (569/2400)
game 570: B 1-0     (us: loss)  [148+290=132-]  (570/2400)
game 571: W 1/2-1/2 (us: draw)  [148+291=132-]  (571/2400)
game 572: B 1-0     (us: loss)  [148+291=133-]  (572/2400)
game 573: W 1-0     (us: win)  [149+291=133-]  (573/2400)
game 574: B 0-1     (us: win)  [150+291=133-]  (574/2400)
game 575: W 0-1     (us: loss)  [150+291=134-]  (575/2400)
game 576: B 0-1     (us: win)  [151+291=134-]  (576/2400)
game 577: W 1/2-1/2 (us: draw)  [151+292=134-]  (577/2400)
game 578: B 1/2-1/2 (us: draw)  [151+293=134-]  (578/2400)
game 579: W 0-1     (us: loss)  [151+293=135-]  (579/2400)
game 580: B 1-0     (us: loss)  [151+293=136-]  (580/2400)
game 581: W 0-1     (us: loss)  [151+293=137-]  (581/2400)
game 582: B 1/2-1/2 (us: draw)  [151+294=137-]  (582/2400)
game 583: W 0-1     (us: loss)  [151+294=138-]  (583/2400)
game 584: B 1-0     (us: loss)  [151+294=139-]  (584/2400)
game 585: W 0-1     (us: loss)  [151+294=140-]  (585/2400)
game 586: B 1/2-1/2 (us: draw)  [151+295=140-]  (586/2400)
game 587: W 0-1     (us: loss)  [151+295=141-]  (587/2400)
game 588: B 0-1     (us: win)  [152+295=141-]  (588/2400)
game 589: W 1/2-1/2 (us: draw)  [152+296=141-]  (589/2400)
game 590: B 0-1     (us: win)  [153+296=141-]  (590/2400)
game 591: W 1-0     (us: win)  [154+296=141-]  (591/2400)
game 592: B 1/2-1/2 (us: draw)  [154+297=141-]  (592/2400)
game 593: W 1-0     (us: win)  [155+297=141-]  (593/2400)
game 594: B 1-0     (us: loss)  [155+297=142-]  (594/2400)
game 595: W 1-0     (us: win)  [156+297=142-]  (595/2400)
game 596: B 1/2-1/2 (us: draw)  [156+298=142-]  (596/2400)
game 597: W 1/2-1/2 (us: draw)  [156+299=142-]  (597/2400)
game 598: B 1-0     (us: loss)  [156+299=143-]  (598/2400)
game 599: W 1-0     (us: win)  [157+299=143-]  (599/2400)
game 600: B 1/2-1/2 (us: draw)  [157+300=143-]  (600/2400)
game 601: W 1-0     (us: win)  [158+300=143-]  (601/2400)
game 602: B 1/2-1/2 (us: draw)  [158+301=143-]  (602/2400)
game 603: W 1/2-1/2 (us: draw)  [158+302=143-]  (603/2400)
game 604: B 0-1     (us: win)  [159+302=143-]  (604/2400)
game 605: W 1/2-1/2 (us: draw)  [159+303=143-]  (605/2400)
game 606: B 0-1     (us: win)  [160+303=143-]  (606/2400)
game 607: W 0-1     (us: loss)  [160+303=144-]  (607/2400)
game 608: B 1/2-1/2 (us: draw)  [160+304=144-]  (608/2400)
game 609: W 1/2-1/2 (us: draw)  [160+305=144-]  (609/2400)
game 610: B 0-1     (us: win)  [161+305=144-]  (610/2400)
game 611: W 1/2-1/2 (us: draw)  [161+306=144-]  (611/2400)
game 612: B 0-1     (us: win)  [162+306=144-]  (612/2400)
game 613: W 1-0     (us: win)  [163+306=144-]  (613/2400)
game 614: B 1-0     (us: loss)  [163+306=145-]  (614/2400)
game 615: W 1-0     (us: win)  [164+306=145-]  (615/2400)
game 616: B 1-0     (us: loss)  [164+306=146-]  (616/2400)
game 617: W 0-1     (us: loss)  [164+306=147-]  (617/2400)
game 618: B 1-0     (us: loss)  [164+306=148-]  (618/2400)
game 619: W 1-0     (us: win)  [165+306=148-]  (619/2400)
game 620: B 0-1     (us: win)  [166+306=148-]  (620/2400)
game 621: W 1/2-1/2 (us: draw)  [166+307=148-]  (621/2400)
game 622: B 1/2-1/2 (us: draw)  [166+308=148-]  (622/2400)
game 623: W 1-0     (us: win)  [167+308=148-]  (623/2400)
game 624: B 0-1     (us: win)  [168+308=148-]  (624/2400)
game 625: W 1/2-1/2 (us: draw)  [168+309=148-]  (625/2400)
game 626: B 1/2-1/2 (us: draw)  [168+310=148-]  (626/2400)
game 627: W 1/2-1/2 (us: draw)  [168+311=148-]  (627/2400)
game 628: B 0-1     (us: win)  [169+311=148-]  (628/2400)
game 629: W 1/2-1/2 (us: draw)  [169+312=148-]  (629/2400)
game 630: B 0-1     (us: win)  [170+312=148-]  (630/2400)
game 631: W 1/2-1/2 (us: draw)  [170+313=148-]  (631/2400)
game 632: B 1-0     (us: loss)  [170+313=149-]  (632/2400)
game 633: W 0-1     (us: loss)  [170+313=150-]  (633/2400)
game 634: B 1/2-1/2 (us: draw)  [170+314=150-]  (634/2400)
game 635: W 1/2-1/2 (us: draw)  [170+315=150-]  (635/2400)
game 636: B 1/2-1/2 (us: draw)  [170+316=150-]  (636/2400)
game 637: W 1/2-1/2 (us: draw)  [170+317=150-]  (637/2400)
game 638: B 0-1     (us: win)  [171+317=150-]  (638/2400)
game 639: W 0-1     (us: loss)  [171+317=151-]  (639/2400)
game 640: B 1-0     (us: loss)  [171+317=152-]  (640/2400)
game 641: W 1-0     (us: win)  [172+317=152-]  (641/2400)
game 642: B 1/2-1/2 (us: draw)  [172+318=152-]  (642/2400)
game 643: W 1-0     (us: win)  [173+318=152-]  (643/2400)
game 644: B 0-1     (us: win)  [174+318=152-]  (644/2400)
game 645: W 1/2-1/2 (us: draw)  [174+319=152-]  (645/2400)
game 646: B 0-1     (us: win)  [175+319=152-]  (646/2400)
game 647: W 1/2-1/2 (us: draw)  [175+320=152-]  (647/2400)
game 648: B 1/2-1/2 (us: draw)  [175+321=152-]  (648/2400)
game 649: W 1-0     (us: win)  [176+321=152-]  (649/2400)
game 650: B 1/2-1/2 (us: draw)  [176+322=152-]  (650/2400)
game 651: W 1-0     (us: win)  [177+322=152-]  (651/2400)
game 652: B 0-1     (us: win)  [178+322=152-]  (652/2400)
game 653: W 1/2-1/2 (us: draw)  [178+323=152-]  (653/2400)
game 654: B 1/2-1/2 (us: draw)  [178+324=152-]  (654/2400)
game 655: W 0-1     (us: loss)  [178+324=153-]  (655/2400)
game 656: B 0-1     (us: win)  [179+324=153-]  (656/2400)
game 657: W 1/2-1/2 (us: draw)  [179+325=153-]  (657/2400)
game 658: B 1-0     (us: loss)  [179+325=154-]  (658/2400)
game 659: W 1-0     (us: win)  [180+325=154-]  (659/2400)
game 660: B 1-0     (us: loss)  [180+325=155-]  (660/2400)
game 661: W 0-1     (us: loss)  [180+325=156-]  (661/2400)
game 662: B 1/2-1/2 (us: draw)  [180+326=156-]  (662/2400)
game 663: W 1/2-1/2 (us: draw)  [180+327=156-]  (663/2400)
game 664: B 1-0     (us: loss)  [180+327=157-]  (664/2400)
game 665: W 1-0     (us: win)  [181+327=157-]  (665/2400)
game 666: B 1-0     (us: loss)  [181+327=158-]  (666/2400)
game 667: W 1/2-1/2 (us: draw)  [181+328=158-]  (667/2400)
game 668: B 1-0     (us: loss)  [181+328=159-]  (668/2400)
game 669: W 1/2-1/2 (us: draw)  [181+329=159-]  (669/2400)
game 670: B 0-1     (us: win)  [182+329=159-]  (670/2400)
game 671: W 1-0     (us: win)  [183+329=159-]  (671/2400)
game 672: B 1-0     (us: loss)  [183+329=160-]  (672/2400)
game 673: W 1/2-1/2 (us: draw)  [183+330=160-]  (673/2400)
game 674: B 1-0     (us: loss)  [183+330=161-]  (674/2400)
game 675: W 1/2-1/2 (us: draw)  [183+331=161-]  (675/2400)
game 676: B 0-1     (us: win)  [184+331=161-]  (676/2400)
game 677: W 1/2-1/2 (us: draw)  [184+332=161-]  (677/2400)
game 678: B 1/2-1/2 (us: draw)  [184+333=161-]  (678/2400)
game 679: W 1/2-1/2 (us: draw)  [184+334=161-]  (679/2400)
game 680: B 1-0     (us: loss)  [184+334=162-]  (680/2400)
game 681: W 1/2-1/2 (us: draw)  [184+335=162-]  (681/2400)
game 682: B 1/2-1/2 (us: draw)  [184+336=162-]  (682/2400)
game 683: W 1/2-1/2 (us: draw)  [184+337=162-]  (683/2400)
game 684: B 1/2-1/2 (us: draw)  [184+338=162-]  (684/2400)
game 685: W 0-1     (us: loss)  [184+338=163-]  (685/2400)
game 686: B 0-1     (us: win)  [185+338=163-]  (686/2400)
game 687: W 1/2-1/2 (us: draw)  [185+339=163-]  (687/2400)
game 688: B 0-1     (us: win)  [186+339=163-]  (688/2400)
game 689: W 1/2-1/2 (us: draw)  [186+340=163-]  (689/2400)
game 690: B 1/2-1/2 (us: draw)  [186+341=163-]  (690/2400)
game 691: W 1/2-1/2 (us: draw)  [186+342=163-]  (691/2400)
game 692: B 1/2-1/2 (us: draw)  [186+343=163-]  (692/2400)
game 693: W 1/2-1/2 (us: draw)  [186+344=163-]  (693/2400)
game 694: B 1/2-1/2 (us: draw)  [186+345=163-]  (694/2400)
game 695: W 1/2-1/2 (us: draw)  [186+346=163-]  (695/2400)
game 696: B 0-1     (us: win)  [187+346=163-]  (696/2400)
game 697: W 1/2-1/2 (us: draw)  [187+347=163-]  (697/2400)
game 698: B 1/2-1/2 (us: draw)  [187+348=163-]  (698/2400)
game 699: W 1/2-1/2 (us: draw)  [187+349=163-]  (699/2400)
game 700: B 1/2-1/2 (us: draw)  [187+350=163-]  (700/2400)
game 701: W 1-0     (us: win)  [188+350=163-]  (701/2400)
game 702: B 1/2-1/2 (us: draw)  [188+351=163-]  (702/2400)
game 703: W 1-0     (us: win)  [189+351=163-]  (703/2400)
game 704: B 1-0     (us: loss)  [189+351=164-]  (704/2400)
game 705: W 1/2-1/2 (us: draw)  [189+352=164-]  (705/2400)
game 706: B 0-1     (us: win)  [190+352=164-]  (706/2400)
game 707: W 0-1     (us: loss)  [190+352=165-]  (707/2400)
game 708: B 1/2-1/2 (us: draw)  [190+353=165-]  (708/2400)
game 709: W 1/2-1/2 (us: draw)  [190+354=165-]  (709/2400)
game 710: B 1-0     (us: loss)  [190+354=166-]  (710/2400)
game 711: W 1/2-1/2 (us: draw)  [190+355=166-]  (711/2400)
game 712: B 1/2-1/2 (us: draw)  [190+356=166-]  (712/2400)
game 713: W 1/2-1/2 (us: draw)  [190+357=166-]  (713/2400)
game 714: B 1/2-1/2 (us: draw)  [190+358=166-]  (714/2400)
game 715: W 0-1     (us: loss)  [190+358=167-]  (715/2400)
game 716: B 0-1     (us: win)  [191+358=167-]  (716/2400)
game 717: W 0-1     (us: loss)  [191+358=168-]  (717/2400)
game 718: B 1/2-1/2 (us: draw)  [191+359=168-]  (718/2400)
game 719: W 0-1     (us: loss)  [191+359=169-]  (719/2400)
game 720: B 1-0     (us: loss)  [191+359=170-]  (720/2400)
game 721: W 1-0     (us: win)  [192+359=170-]  (721/2400)
game 722: B 1/2-1/2 (us: draw)  [192+360=170-]  (722/2400)
game 723: W 0-1     (us: loss)  [192+360=171-]  (723/2400)
game 724: B 1/2-1/2 (us: draw)  [192+361=171-]  (724/2400)
game 725: W 1/2-1/2 (us: draw)  [192+362=171-]  (725/2400)
game 726: B 1-0     (us: loss)  [192+362=172-]  (726/2400)
game 727: W 0-1     (us: loss)  [192+362=173-]  (727/2400)
game 728: B 0-1     (us: win)  [193+362=173-]  (728/2400)
game 729: W 1/2-1/2 (us: draw)  [193+363=173-]  (729/2400)
game 730: B 1/2-1/2 (us: draw)  [193+364=173-]  (730/2400)
game 731: W 1-0     (us: win)  [194+364=173-]  (731/2400)
game 732: B 1-0     (us: loss)  [194+364=174-]  (732/2400)
game 733: W 1/2-1/2 (us: draw)  [194+365=174-]  (733/2400)
game 734: B 1/2-1/2 (us: draw)  [194+366=174-]  (734/2400)
game 735: W 1/2-1/2 (us: draw)  [194+367=174-]  (735/2400)
game 736: B 0-1     (us: win)  [195+367=174-]  (736/2400)
game 737: W 1-0     (us: win)  [196+367=174-]  (737/2400)
game 738: B 1-0     (us: loss)  [196+367=175-]  (738/2400)
game 739: W 1/2-1/2 (us: draw)  [196+368=175-]  (739/2400)
game 740: B 1/2-1/2 (us: draw)  [196+369=175-]  (740/2400)
game 741: W 1-0     (us: win)  [197+369=175-]  (741/2400)
game 742: B 1-0     (us: loss)  [197+369=176-]  (742/2400)
game 743: W 1/2-1/2 (us: draw)  [197+370=176-]  (743/2400)
game 744: B 1/2-1/2 (us: draw)  [197+371=176-]  (744/2400)
game 745: W 1-0     (us: win)  [198+371=176-]  (745/2400)
game 746: B 0-1     (us: win)  [199+371=176-]  (746/2400)
game 747: W 1/2-1/2 (us: draw)  [199+372=176-]  (747/2400)
game 748: B 1/2-1/2 (us: draw)  [199+373=176-]  (748/2400)
game 749: W 0-1     (us: loss)  [199+373=177-]  (749/2400)
game 750: B 1/2-1/2 (us: draw)  [199+374=177-]  (750/2400)
game 751: W 0-1     (us: loss)  [199+374=178-]  (751/2400)
game 752: B 0-1     (us: win)  [200+374=178-]  (752/2400)
game 753: W 1/2-1/2 (us: draw)  [200+375=178-]  (753/2400)
game 754: B 1-0     (us: loss)  [200+375=179-]  (754/2400)
game 755: W 0-1     (us: loss)  [200+375=180-]  (755/2400)
game 756: B 1-0     (us: loss)  [200+375=181-]  (756/2400)
game 757: W 1-0     (us: win)  [201+375=181-]  (757/2400)
game 758: B 1-0     (us: loss)  [201+375=182-]  (758/2400)
game 759: W 1-0     (us: win)  [202+375=182-]  (759/2400)
game 760: B 0-1     (us: win)  [203+375=182-]  (760/2400)
game 761: W 1/2-1/2 (us: draw)  [203+376=182-]  (761/2400)
game 762: B 1-0     (us: loss)  [203+376=183-]  (762/2400)
game 763: W 1-0     (us: win)  [204+376=183-]  (763/2400)
game 764: B 1-0     (us: loss)  [204+376=184-]  (764/2400)
game 765: W 0-1     (us: loss)  [204+376=185-]  (765/2400)
game 766: B 0-1     (us: win)  [205+376=185-]  (766/2400)
game 767: W 1/2-1/2 (us: draw)  [205+377=185-]  (767/2400)
game 768: B 1/2-1/2 (us: draw)  [205+378=185-]  (768/2400)
game 769: W 1/2-1/2 (us: draw)  [205+379=185-]  (769/2400)
game 770: B 1/2-1/2 (us: draw)  [205+380=185-]  (770/2400)
game 771: W 1/2-1/2 (us: draw)  [205+381=185-]  (771/2400)
game 772: B 0-1     (us: win)  [206+381=185-]  (772/2400)
game 773: W 1-0     (us: win)  [207+381=185-]  (773/2400)
game 774: B 0-1     (us: win)  [208+381=185-]  (774/2400)
game 775: W 0-1     (us: loss)  [208+381=186-]  (775/2400)
game 776: B 1/2-1/2 (us: draw)  [208+382=186-]  (776/2400)
game 777: W 0-1     (us: loss)  [208+382=187-]  (777/2400)
game 778: B 1/2-1/2 (us: draw)  [208+383=187-]  (778/2400)
game 779: W 1/2-1/2 (us: draw)  [208+384=187-]  (779/2400)
game 780: B 1/2-1/2 (us: draw)  [208+385=187-]  (780/2400)
game 781: W 0-1     (us: loss)  [208+385=188-]  (781/2400)
game 782: B 1-0     (us: loss)  [208+385=189-]  (782/2400)
game 783: W 1-0     (us: win)  [209+385=189-]  (783/2400)
game 784: B 1/2-1/2 (us: draw)  [209+386=189-]  (784/2400)
game 785: W 0-1     (us: loss)  [209+386=190-]  (785/2400)
game 786: B 1/2-1/2 (us: draw)  [209+387=190-]  (786/2400)
game 787: W 0-1     (us: loss)  [209+387=191-]  (787/2400)
game 788: B 1/2-1/2 (us: draw)  [209+388=191-]  (788/2400)
game 789: W 1/2-1/2 (us: draw)  [209+389=191-]  (789/2400)
game 790: B 1/2-1/2 (us: draw)  [209+390=191-]  (790/2400)
game 791: W 1/2-1/2 (us: draw)  [209+391=191-]  (791/2400)
game 792: B 1/2-1/2 (us: draw)  [209+392=191-]  (792/2400)
game 793: W 1/2-1/2 (us: draw)  [209+393=191-]  (793/2400)
game 794: B 1/2-1/2 (us: draw)  [209+394=191-]  (794/2400)
game 795: W 0-1     (us: loss)  [209+394=192-]  (795/2400)
game 796: B 1/2-1/2 (us: draw)  [209+395=192-]  (796/2400)
game 797: W 0-1     (us: loss)  [209+395=193-]  (797/2400)
game 798: B 1/2-1/2 (us: draw)  [209+396=193-]  (798/2400)
game 799: W 1-0     (us: win)  [210+396=193-]  (799/2400)
game 800: B 1/2-1/2 (us: draw)  [210+397=193-]  (800/2400)
game 801: W 1/2-1/2 (us: draw)  [210+398=193-]  (801/2400)
game 802: B 1/2-1/2 (us: draw)  [210+399=193-]  (802/2400)
game 803: W 1/2-1/2 (us: draw)  [210+400=193-]  (803/2400)
game 804: B 0-1     (us: win)  [211+400=193-]  (804/2400)
game 805: W 0-1     (us: loss)  [211+400=194-]  (805/2400)
game 806: B 0-1     (us: win)  [212+400=194-]  (806/2400)
game 807: W 1-0     (us: win)  [213+400=194-]  (807/2400)
game 808: B 1/2-1/2 (us: draw)  [213+401=194-]  (808/2400)
game 809: W 1/2-1/2 (us: draw)  [213+402=194-]  (809/2400)
game 810: B 1/2-1/2 (us: draw)  [213+403=194-]  (810/2400)
game 811: W 1-0     (us: win)  [214+403=194-]  (811/2400)
game 812: B 1-0     (us: loss)  [214+403=195-]  (812/2400)
game 813: W 1/2-1/2 (us: draw)  [214+404=195-]  (813/2400)
game 814: B 1/2-1/2 (us: draw)  [214+405=195-]  (814/2400)
game 815: W 1/2-1/2 (us: draw)  [214+406=195-]  (815/2400)
game 816: B 1-0     (us: loss)  [214+406=196-]  (816/2400)
game 817: W 1/2-1/2 (us: draw)  [214+407=196-]  (817/2400)
game 818: B 0-1     (us: win)  [215+407=196-]  (818/2400)
game 819: W 0-1     (us: loss)  [215+407=197-]  (819/2400)
game 820: B 1/2-1/2 (us: draw)  [215+408=197-]  (820/2400)
game 821: W 0-1     (us: loss)  [215+408=198-]  (821/2400)
game 822: B 0-1     (us: win)  [216+408=198-]  (822/2400)
game 823: W 1/2-1/2 (us: draw)  [216+409=198-]  (823/2400)
game 824: B 1/2-1/2 (us: draw)  [216+410=198-]  (824/2400)
game 825: W 1/2-1/2 (us: draw)  [216+411=198-]  (825/2400)
game 826: B 1/2-1/2 (us: draw)  [216+412=198-]  (826/2400)
game 827: W 1-0     (us: win)  [217+412=198-]  (827/2400)
game 828: B 1/2-1/2 (us: draw)  [217+413=198-]  (828/2400)
game 829: W 1-0     (us: win)  [218+413=198-]  (829/2400)
game 830: B 0-1     (us: win)  [219+413=198-]  (830/2400)
game 831: W 1-0     (us: win)  [220+413=198-]  (831/2400)
game 832: B 1-0     (us: loss)  [220+413=199-]  (832/2400)
game 833: W 1/2-1/2 (us: draw)  [220+414=199-]  (833/2400)
game 834: B 0-1     (us: win)  [221+414=199-]  (834/2400)
game 835: W 1/2-1/2 (us: draw)  [221+415=199-]  (835/2400)
game 836: B 1-0     (us: loss)  [221+415=200-]  (836/2400)
game 837: W 1/2-1/2 (us: draw)  [221+416=200-]  (837/2400)
game 838: B 1-0     (us: loss)  [221+416=201-]  (838/2400)
game 839: W 0-1     (us: loss)  [221+416=202-]  (839/2400)
game 840: B 1/2-1/2 (us: draw)  [221+417=202-]  (840/2400)
game 841: W 1/2-1/2 (us: draw)  [221+418=202-]  (841/2400)
game 842: B 1/2-1/2 (us: draw)  [221+419=202-]  (842/2400)
game 843: W 1-0     (us: win)  [222+419=202-]  (843/2400)
game 844: B 0-1     (us: win)  [223+419=202-]  (844/2400)
game 845: W 1/2-1/2 (us: draw)  [223+420=202-]  (845/2400)
game 846: B 1-0     (us: loss)  [223+420=203-]  (846/2400)
game 847: W 1-0     (us: win)  [224+420=203-]  (847/2400)
game 848: B 0-1     (us: win)  [225+420=203-]  (848/2400)
game 849: W 1/2-1/2 (us: draw)  [225+421=203-]  (849/2400)
game 850: B 1-0     (us: loss)  [225+421=204-]  (850/2400)
game 851: W 1/2-1/2 (us: draw)  [225+422=204-]  (851/2400)
game 852: B 1-0     (us: loss)  [225+422=205-]  (852/2400)
game 853: W 0-1     (us: loss)  [225+422=206-]  (853/2400)
game 854: B 0-1     (us: win)  [226+422=206-]  (854/2400)
game 855: W 0-1     (us: loss)  [226+422=207-]  (855/2400)
game 856: B 0-1     (us: win)  [227+422=207-]  (856/2400)
game 857: W 0-1     (us: loss)  [227+422=208-]  (857/2400)
game 858: B 1/2-1/2 (us: draw)  [227+423=208-]  (858/2400)
game 859: W 1/2-1/2 (us: draw)  [227+424=208-]  (859/2400)
game 860: B 1/2-1/2 (us: draw)  [227+425=208-]  (860/2400)
game 861: W 0-1     (us: loss)  [227+425=209-]  (861/2400)
game 862: B 1/2-1/2 (us: draw)  [227+426=209-]  (862/2400)
game 863: W 0-1     (us: loss)  [227+426=210-]  (863/2400)
game 864: B 0-1     (us: win)  [228+426=210-]  (864/2400)
game 865: W 1/2-1/2 (us: draw)  [228+427=210-]  (865/2400)
game 866: B 1-0     (us: loss)  [228+427=211-]  (866/2400)
game 867: W 0-1     (us: loss)  [228+427=212-]  (867/2400)
game 868: B 1/2-1/2 (us: draw)  [228+428=212-]  (868/2400)
game 869: W 1/2-1/2 (us: draw)  [228+429=212-]  (869/2400)
game 870: B 1/2-1/2 (us: draw)  [228+430=212-]  (870/2400)
game 871: W 1-0     (us: win)  [229+430=212-]  (871/2400)
game 872: B 0-1     (us: win)  [230+430=212-]  (872/2400)
game 873: W 1/2-1/2 (us: draw)  [230+431=212-]  (873/2400)
game 874: B 1-0     (us: loss)  [230+431=213-]  (874/2400)
game 875: W 1/2-1/2 (us: draw)  [230+432=213-]  (875/2400)
game 876: B 1/2-1/2 (us: draw)  [230+433=213-]  (876/2400)
game 877: W 1-0     (us: win)  [231+433=213-]  (877/2400)
game 878: B 1-0     (us: loss)  [231+433=214-]  (878/2400)
game 879: W 1/2-1/2 (us: draw)  [231+434=214-]  (879/2400)
game 880: B 1/2-1/2 (us: draw)  [231+435=214-]  (880/2400)
game 881: W 1/2-1/2 (us: draw)  [231+436=214-]  (881/2400)
game 882: B 1/2-1/2 (us: draw)  [231+437=214-]  (882/2400)
game 883: W 1/2-1/2 (us: draw)  [231+438=214-]  (883/2400)
game 884: B 1/2-1/2 (us: draw)  [231+439=214-]  (884/2400)
game 885: W 0-1     (us: loss)  [231+439=215-]  (885/2400)
game 886: B 1-0     (us: loss)  [231+439=216-]  (886/2400)
game 887: W 1/2-1/2 (us: draw)  [231+440=216-]  (887/2400)
game 888: B 1/2-1/2 (us: draw)  [231+441=216-]  (888/2400)
game 889: W 1/2-1/2 (us: draw)  [231+442=216-]  (889/2400)
game 890: B 1/2-1/2 (us: draw)  [231+443=216-]  (890/2400)
game 891: W 0-1     (us: loss)  [231+443=217-]  (891/2400)
game 892: B 1-0     (us: loss)  [231+443=218-]  (892/2400)
game 893: W 0-1     (us: loss)  [231+443=219-]  (893/2400)
game 894: B 1-0     (us: loss)  [231+443=220-]  (894/2400)
game 895: W 1/2-1/2 (us: draw)  [231+444=220-]  (895/2400)
game 896: B 1/2-1/2 (us: draw)  [231+445=220-]  (896/2400)
game 897: W 1/2-1/2 (us: draw)  [231+446=220-]  (897/2400)
game 898: B 1/2-1/2 (us: draw)  [231+447=220-]  (898/2400)
game 899: W 1/2-1/2 (us: draw)  [231+448=220-]  (899/2400)
game 900: B 1/2-1/2 (us: draw)  [231+449=220-]  (900/2400)
game 901: W 1-0     (us: win)  [232+449=220-]  (901/2400)
game 902: B 1/2-1/2 (us: draw)  [232+450=220-]  (902/2400)
game 903: W 0-1     (us: loss)  [232+450=221-]  (903/2400)
game 904: B 1/2-1/2 (us: draw)  [232+451=221-]  (904/2400)
game 905: W 1-0     (us: win)  [233+451=221-]  (905/2400)
game 906: B 1-0     (us: loss)  [233+451=222-]  (906/2400)
game 907: W 1/2-1/2 (us: draw)  [233+452=222-]  (907/2400)
game 908: B 1/2-1/2 (us: draw)  [233+453=222-]  (908/2400)
game 909: W 1/2-1/2 (us: draw)  [233+454=222-]  (909/2400)
game 910: B 1/2-1/2 (us: draw)  [233+455=222-]  (910/2400)
game 911: W 1/2-1/2 (us: draw)  [233+456=222-]  (911/2400)
game 912: B 1/2-1/2 (us: draw)  [233+457=222-]  (912/2400)
game 913: W 1/2-1/2 (us: draw)  [233+458=222-]  (913/2400)
game 914: B 1/2-1/2 (us: draw)  [233+459=222-]  (914/2400)
game 915: W 1/2-1/2 (us: draw)  [233+460=222-]  (915/2400)
game 916: B 1/2-1/2 (us: draw)  [233+461=222-]  (916/2400)
game 917: W 1/2-1/2 (us: draw)  [233+462=222-]  (917/2400)
game 918: B 1/2-1/2 (us: draw)  [233+463=222-]  (918/2400)
game 919: W 0-1     (us: loss)  [233+463=223-]  (919/2400)
game 920: B 1/2-1/2 (us: draw)  [233+464=223-]  (920/2400)
game 921: W 1/2-1/2 (us: draw)  [233+465=223-]  (921/2400)
game 922: B 1/2-1/2 (us: draw)  [233+466=223-]  (922/2400)
game 923: W 1/2-1/2 (us: draw)  [233+467=223-]  (923/2400)
game 924: B 1/2-1/2 (us: draw)  [233+468=223-]  (924/2400)
game 925: W 1/2-1/2 (us: draw)  [233+469=223-]  (925/2400)
game 926: B 1/2-1/2 (us: draw)  [233+470=223-]  (926/2400)
game 927: W 1/2-1/2 (us: draw)  [233+471=223-]  (927/2400)
game 928: B 1/2-1/2 (us: draw)  [233+472=223-]  (928/2400)
game 929: W 1-0     (us: win)  [234+472=223-]  (929/2400)
game 930: B 1-0     (us: loss)  [234+472=224-]  (930/2400)
game 931: W 1-0     (us: win)  [235+472=224-]  (931/2400)
game 932: B 1-0     (us: loss)  [235+472=225-]  (932/2400)
game 933: W 1/2-1/2 (us: draw)  [235+473=225-]  (933/2400)
game 934: B 1-0     (us: loss)  [235+473=226-]  (934/2400)
game 935: W 1/2-1/2 (us: draw)  [235+474=226-]  (935/2400)
game 936: B 0-1     (us: win)  [236+474=226-]  (936/2400)
game 937: W 1-0     (us: win)  [237+474=226-]  (937/2400)
game 938: B 1/2-1/2 (us: draw)  [237+475=226-]  (938/2400)
game 939: W 1-0     (us: win)  [238+475=226-]  (939/2400)
game 940: B 1/2-1/2 (us: draw)  [238+476=226-]  (940/2400)
game 941: W 0-1     (us: loss)  [238+476=227-]  (941/2400)
game 942: B 0-1     (us: win)  [239+476=227-]  (942/2400)
game 943: W 1/2-1/2 (us: draw)  [239+477=227-]  (943/2400)
game 944: B 0-1     (us: win)  [240+477=227-]  (944/2400)
game 945: W 0-1     (us: loss)  [240+477=228-]  (945/2400)
game 946: B 0-1     (us: win)  [241+477=228-]  (946/2400)
game 947: W 0-1     (us: loss)  [241+477=229-]  (947/2400)
game 948: B 1/2-1/2 (us: draw)  [241+478=229-]  (948/2400)
game 949: W 0-1     (us: loss)  [241+478=230-]  (949/2400)
game 950: B 0-1     (us: win)  [242+478=230-]  (950/2400)
game 951: W 1-0     (us: win)  [243+478=230-]  (951/2400)
game 952: B 0-1     (us: win)  [244+478=230-]  (952/2400)
game 953: W 0-1     (us: loss)  [244+478=231-]  (953/2400)
game 954: B 0-1     (us: win)  [245+478=231-]  (954/2400)
game 955: W 1-0     (us: win)  [246+478=231-]  (955/2400)
game 956: B 1-0     (us: loss)  [246+478=232-]  (956/2400)
game 957: W 1-0     (us: win)  [247+478=232-]  (957/2400)
game 958: B 1-0     (us: loss)  [247+478=233-]  (958/2400)
game 959: W 0-1     (us: loss)  [247+478=234-]  (959/2400)
game 960: B 1/2-1/2 (us: draw)  [247+479=234-]  (960/2400)
game 961: W 1/2-1/2 (us: draw)  [247+480=234-]  (961/2400)
game 962: B 1/2-1/2 (us: draw)  [247+481=234-]  (962/2400)
game 963: W 1/2-1/2 (us: draw)  [247+482=234-]  (963/2400)
game 964: B 1/2-1/2 (us: draw)  [247+483=234-]  (964/2400)
game 965: W 1/2-1/2 (us: draw)  [247+484=234-]  (965/2400)
game 966: B 1-0     (us: loss)  [247+484=235-]  (966/2400)
game 967: W 1/2-1/2 (us: draw)  [247+485=235-]  (967/2400)
game 968: B 1/2-1/2 (us: draw)  [247+486=235-]  (968/2400)
game 969: W 1/2-1/2 (us: draw)  [247+487=235-]  (969/2400)
game 970: B 1/2-1/2 (us: draw)  [247+488=235-]  (970/2400)
game 971: W 1/2-1/2 (us: draw)  [247+489=235-]  (971/2400)
game 972: B 0-1     (us: win)  [248+489=235-]  (972/2400)
game 973: W 1/2-1/2 (us: draw)  [248+490=235-]  (973/2400)
game 974: B 1/2-1/2 (us: draw)  [248+491=235-]  (974/2400)
game 975: W 1/2-1/2 (us: draw)  [248+492=235-]  (975/2400)
game 976: B 1/2-1/2 (us: draw)  [248+493=235-]  (976/2400)
game 977: W 1/2-1/2 (us: draw)  [248+494=235-]  (977/2400)
game 978: B 1-0     (us: loss)  [248+494=236-]  (978/2400)
game 979: W 0-1     (us: loss)  [248+494=237-]  (979/2400)
game 980: B 1/2-1/2 (us: draw)  [248+495=237-]  (980/2400)
game 981: W 1-0     (us: win)  [249+495=237-]  (981/2400)
game 982: B 1/2-1/2 (us: draw)  [249+496=237-]  (982/2400)
game 983: W 1/2-1/2 (us: draw)  [249+497=237-]  (983/2400)
game 984: B 1/2-1/2 (us: draw)  [249+498=237-]  (984/2400)
game 985: W 1-0     (us: win)  [250+498=237-]  (985/2400)
game 986: B 1/2-1/2 (us: draw)  [250+499=237-]  (986/2400)
game 987: W 1/2-1/2 (us: draw)  [250+500=237-]  (987/2400)
game 988: B 0-1     (us: win)  [251+500=237-]  (988/2400)
game 989: W 0-1     (us: loss)  [251+500=238-]  (989/2400)
game 990: B 0-1     (us: win)  [252+500=238-]  (990/2400)
game 991: W 1/2-1/2 (us: draw)  [252+501=238-]  (991/2400)
game 992: B 0-1     (us: win)  [253+501=238-]  (992/2400)
game 993: W 1-0     (us: win)  [254+501=238-]  (993/2400)
game 994: B 1/2-1/2 (us: draw)  [254+502=238-]  (994/2400)
game 995: W 1-0     (us: win)  [255+502=238-]  (995/2400)
game 996: B 1/2-1/2 (us: draw)  [255+503=238-]  (996/2400)
game 997: W 1-0     (us: win)  [256+503=238-]  (997/2400)
game 998: B 1/2-1/2 (us: draw)  [256+504=238-]  (998/2400)
game 999: W 1-0     (us: win)  [257+504=238-]  (999/2400)
game 1000: B 1/2-1/2 (us: draw)  [257+505=238-]  (1000/2400)
game 1001: W 1/2-1/2 (us: draw)  [257+506=238-]  (1001/2400)
game 1002: B 1/2-1/2 (us: draw)  [257+507=238-]  (1002/2400)
game 1003: W 1/2-1/2 (us: draw)  [257+508=238-]  (1003/2400)
game 1004: B 0-1     (us: win)  [258+508=238-]  (1004/2400)
game 1005: W 1/2-1/2 (us: draw)  [258+509=238-]  (1005/2400)
game 1006: B 1-0     (us: loss)  [258+509=239-]  (1006/2400)
game 1007: W 1-0     (us: win)  [259+509=239-]  (1007/2400)
game 1008: B 1/2-1/2 (us: draw)  [259+510=239-]  (1008/2400)
game 1009: W 1/2-1/2 (us: draw)  [259+511=239-]  (1009/2400)
game 1010: B 1/2-1/2 (us: draw)  [259+512=239-]  (1010/2400)
game 1011: W 1/2-1/2 (us: draw)  [259+513=239-]  (1011/2400)
game 1012: B 1/2-1/2 (us: draw)  [259+514=239-]  (1012/2400)
game 1013: W 0-1     (us: loss)  [259+514=240-]  (1013/2400)
game 1014: B 1/2-1/2 (us: draw)  [259+515=240-]  (1014/2400)
game 1015: W 1-0     (us: win)  [260+515=240-]  (1015/2400)
game 1016: B 1-0     (us: loss)  [260+515=241-]  (1016/2400)
game 1017: W 0-1     (us: loss)  [260+515=242-]  (1017/2400)
game 1018: B 1-0     (us: loss)  [260+515=243-]  (1018/2400)
game 1019: W 1-0     (us: win)  [261+515=243-]  (1019/2400)
game 1020: B 1/2-1/2 (us: draw)  [261+516=243-]  (1020/2400)
game 1021: W 1/2-1/2 (us: draw)  [261+517=243-]  (1021/2400)
game 1022: B 1/2-1/2 (us: draw)  [261+518=243-]  (1022/2400)
game 1023: W 1/2-1/2 (us: draw)  [261+519=243-]  (1023/2400)
game 1024: B 1/2-1/2 (us: draw)  [261+520=243-]  (1024/2400)
game 1025: W 1/2-1/2 (us: draw)  [261+521=243-]  (1025/2400)
game 1026: B 1-0     (us: loss)  [261+521=244-]  (1026/2400)
game 1027: W 0-1     (us: loss)  [261+521=245-]  (1027/2400)
game 1028: B 1/2-1/2 (us: draw)  [261+522=245-]  (1028/2400)
game 1029: W 0-1     (us: loss)  [261+522=246-]  (1029/2400)
game 1030: B 1/2-1/2 (us: draw)  [261+523=246-]  (1030/2400)
game 1031: W 1/2-1/2 (us: draw)  [261+524=246-]  (1031/2400)
game 1032: B 0-1     (us: win)  [262+524=246-]  (1032/2400)
game 1033: W 1-0     (us: win)  [263+524=246-]  (1033/2400)
game 1034: B 1/2-1/2 (us: draw)  [263+525=246-]  (1034/2400)
game 1035: W 1/2-1/2 (us: draw)  [263+526=246-]  (1035/2400)
game 1036: B 1/2-1/2 (us: draw)  [263+527=246-]  (1036/2400)
game 1037: W 1-0     (us: win)  [264+527=246-]  (1037/2400)
game 1038: B 0-1     (us: win)  [265+527=246-]  (1038/2400)
game 1039: W 1/2-1/2 (us: draw)  [265+528=246-]  (1039/2400)
game 1040: B 1/2-1/2 (us: draw)  [265+529=246-]  (1040/2400)
game 1041: W 1/2-1/2 (us: draw)  [265+530=246-]  (1041/2400)
game 1042: B 1/2-1/2 (us: draw)  [265+531=246-]  (1042/2400)
game 1043: W 1-0     (us: win)  [266+531=246-]  (1043/2400)
game 1044: B 1-0     (us: loss)  [266+531=247-]  (1044/2400)
game 1045: W 0-1     (us: loss)  [266+531=248-]  (1045/2400)
game 1046: B 1-0     (us: loss)  [266+531=249-]  (1046/2400)
game 1047: W 1-0     (us: win)  [267+531=249-]  (1047/2400)
game 1048: B 0-1     (us: win)  [268+531=249-]  (1048/2400)
game 1049: W 1/2-1/2 (us: draw)  [268+532=249-]  (1049/2400)
game 1050: B 0-1     (us: win)  [269+532=249-]  (1050/2400)
game 1051: W 1/2-1/2 (us: draw)  [269+533=249-]  (1051/2400)
game 1052: B 1-0     (us: loss)  [269+533=250-]  (1052/2400)
game 1053: W 0-1     (us: loss)  [269+533=251-]  (1053/2400)
game 1054: B 1-0     (us: loss)  [269+533=252-]  (1054/2400)
game 1055: W 1-0     (us: win)  [270+533=252-]  (1055/2400)
game 1056: B 0-1     (us: win)  [271+533=252-]  (1056/2400)
game 1057: W 1/2-1/2 (us: draw)  [271+534=252-]  (1057/2400)
game 1058: B 1/2-1/2 (us: draw)  [271+535=252-]  (1058/2400)
game 1059: W 1/2-1/2 (us: draw)  [271+536=252-]  (1059/2400)
game 1060: B 1/2-1/2 (us: draw)  [271+537=252-]  (1060/2400)
game 1061: W 0-1     (us: loss)  [271+537=253-]  (1061/2400)
game 1062: B 1/2-1/2 (us: draw)  [271+538=253-]  (1062/2400)
game 1063: W 1/2-1/2 (us: draw)  [271+539=253-]  (1063/2400)
game 1064: B 1-0     (us: loss)  [271+539=254-]  (1064/2400)
game 1065: W 0-1     (us: loss)  [271+539=255-]  (1065/2400)
game 1066: B 1/2-1/2 (us: draw)  [271+540=255-]  (1066/2400)
game 1067: W 1/2-1/2 (us: draw)  [271+541=255-]  (1067/2400)
game 1068: B 1/2-1/2 (us: draw)  [271+542=255-]  (1068/2400)
game 1069: W 0-1     (us: loss)  [271+542=256-]  (1069/2400)
game 1070: B 1-0     (us: loss)  [271+542=257-]  (1070/2400)
game 1071: W 1-0     (us: win)  [272+542=257-]  (1071/2400)
game 1072: B 1-0     (us: loss)  [272+542=258-]  (1072/2400)
game 1073: W 1-0     (us: win)  [273+542=258-]  (1073/2400)
game 1074: B 1-0     (us: loss)  [273+542=259-]  (1074/2400)
game 1075: W 1/2-1/2 (us: draw)  [273+543=259-]  (1075/2400)
game 1076: B 1/2-1/2 (us: draw)  [273+544=259-]  (1076/2400)
game 1077: W 1/2-1/2 (us: draw)  [273+545=259-]  (1077/2400)
game 1078: B 0-1     (us: win)  [274+545=259-]  (1078/2400)
game 1079: W 1/2-1/2 (us: draw)  [274+546=259-]  (1079/2400)
game 1080: B 1/2-1/2 (us: draw)  [274+547=259-]  (1080/2400)
game 1081: W 1/2-1/2 (us: draw)  [274+548=259-]  (1081/2400)
game 1082: B 1/2-1/2 (us: draw)  [274+549=259-]  (1082/2400)
game 1083: W 1/2-1/2 (us: draw)  [274+550=259-]  (1083/2400)
game 1084: B 0-1     (us: win)  [275+550=259-]  (1084/2400)
game 1085: W 1/2-1/2 (us: draw)  [275+551=259-]  (1085/2400)
game 1086: B 1/2-1/2 (us: draw)  [275+552=259-]  (1086/2400)
game 1087: W 1-0     (us: win)  [276+552=259-]  (1087/2400)
game 1088: B 1-0     (us: loss)  [276+552=260-]  (1088/2400)
game 1089: W 1/2-1/2 (us: draw)  [276+553=260-]  (1089/2400)
game 1090: B 1/2-1/2 (us: draw)  [276+554=260-]  (1090/2400)
game 1091: W 1/2-1/2 (us: draw)  [276+555=260-]  (1091/2400)
game 1092: B 0-1     (us: win)  [277+555=260-]  (1092/2400)
game 1093: W 1-0     (us: win)  [278+555=260-]  (1093/2400)
game 1094: B 1-0     (us: loss)  [278+555=261-]  (1094/2400)
game 1095: W 1/2-1/2 (us: draw)  [278+556=261-]  (1095/2400)
game 1096: B 1-0     (us: loss)  [278+556=262-]  (1096/2400)
game 1097: W 1-0     (us: win)  [279+556=262-]  (1097/2400)
game 1098: B 1-0     (us: loss)  [279+556=263-]  (1098/2400)
game 1099: W 1/2-1/2 (us: draw)  [279+557=263-]  (1099/2400)
game 1100: B 0-1     (us: win)  [280+557=263-]  (1100/2400)
game 1101: W 1-0     (us: win)  [281+557=263-]  (1101/2400)
game 1102: B 1-0     (us: loss)  [281+557=264-]  (1102/2400)
game 1103: W 1/2-1/2 (us: draw)  [281+558=264-]  (1103/2400)
game 1104: B 1-0     (us: loss)  [281+558=265-]  (1104/2400)
game 1105: W 1-0     (us: win)  [282+558=265-]  (1105/2400)
game 1106: B 1/2-1/2 (us: draw)  [282+559=265-]  (1106/2400)
game 1107: W 1/2-1/2 (us: draw)  [282+560=265-]  (1107/2400)
game 1108: B 0-1     (us: win)  [283+560=265-]  (1108/2400)
game 1109: W 1-0     (us: win)  [284+560=265-]  (1109/2400)
game 1110: B 1/2-1/2 (us: draw)  [284+561=265-]  (1110/2400)
game 1111: W 0-1     (us: loss)  [284+561=266-]  (1111/2400)
game 1112: B 1-0     (us: loss)  [284+561=267-]  (1112/2400)
game 1113: W 1/2-1/2 (us: draw)  [284+562=267-]  (1113/2400)
game 1114: B 1/2-1/2 (us: draw)  [284+563=267-]  (1114/2400)
game 1115: W 1/2-1/2 (us: draw)  [284+564=267-]  (1115/2400)
game 1116: B 1/2-1/2 (us: draw)  [284+565=267-]  (1116/2400)
game 1117: W 0-1     (us: loss)  [284+565=268-]  (1117/2400)
game 1118: B 1-0     (us: loss)  [284+565=269-]  (1118/2400)
game 1119: W 1-0     (us: win)  [285+565=269-]  (1119/2400)
game 1120: B 1-0     (us: loss)  [285+565=270-]  (1120/2400)
game 1121: W 1-0     (us: win)  [286+565=270-]  (1121/2400)
game 1122: B 1-0     (us: loss)  [286+565=271-]  (1122/2400)
game 1123: W 1-0     (us: win)  [287+565=271-]  (1123/2400)
game 1124: B 1-0     (us: loss)  [287+565=272-]  (1124/2400)
game 1125: W 1/2-1/2 (us: draw)  [287+566=272-]  (1125/2400)
game 1126: B 0-1     (us: win)  [288+566=272-]  (1126/2400)
game 1127: W 1-0     (us: win)  [289+566=272-]  (1127/2400)
game 1128: B 1/2-1/2 (us: draw)  [289+567=272-]  (1128/2400)
game 1129: W 1-0     (us: win)  [290+567=272-]  (1129/2400)
game 1130: B 0-1     (us: win)  [291+567=272-]  (1130/2400)
game 1131: W 1/2-1/2 (us: draw)  [291+568=272-]  (1131/2400)
game 1132: B 1/2-1/2 (us: draw)  [291+569=272-]  (1132/2400)
game 1133: W 0-1     (us: loss)  [291+569=273-]  (1133/2400)
game 1134: B 1-0     (us: loss)  [291+569=274-]  (1134/2400)
game 1135: W 1-0     (us: win)  [292+569=274-]  (1135/2400)
game 1136: B 1-0     (us: loss)  [292+569=275-]  (1136/2400)
game 1137: W 1/2-1/2 (us: draw)  [292+570=275-]  (1137/2400)
game 1138: B 1/2-1/2 (us: draw)  [292+571=275-]  (1138/2400)
game 1139: W 1/2-1/2 (us: draw)  [292+572=275-]  (1139/2400)
game 1140: B 0-1     (us: win)  [293+572=275-]  (1140/2400)
game 1141: W 1-0     (us: win)  [294+572=275-]  (1141/2400)
game 1142: B 1/2-1/2 (us: draw)  [294+573=275-]  (1142/2400)
game 1143: W 0-1     (us: loss)  [294+573=276-]  (1143/2400)
game 1144: B 1/2-1/2 (us: draw)  [294+574=276-]  (1144/2400)
game 1145: W 1/2-1/2 (us: draw)  [294+575=276-]  (1145/2400)
game 1146: B 1-0     (us: loss)  [294+575=277-]  (1146/2400)
game 1147: W 1-0     (us: win)  [295+575=277-]  (1147/2400)
game 1148: B 1-0     (us: loss)  [295+575=278-]  (1148/2400)
game 1149: W 1/2-1/2 (us: draw)  [295+576=278-]  (1149/2400)
game 1150: B 1/2-1/2 (us: draw)  [295+577=278-]  (1150/2400)
game 1151: W 1/2-1/2 (us: draw)  [295+578=278-]  (1151/2400)
game 1152: B 1/2-1/2 (us: draw)  [295+579=278-]  (1152/2400)
game 1153: W 1-0     (us: win)  [296+579=278-]  (1153/2400)
game 1154: B 1/2-1/2 (us: draw)  [296+580=278-]  (1154/2400)
game 1155: W 0-1     (us: loss)  [296+580=279-]  (1155/2400)
game 1156: B 1-0     (us: loss)  [296+580=280-]  (1156/2400)
game 1157: W 1-0     (us: win)  [297+580=280-]  (1157/2400)
game 1158: B 1/2-1/2 (us: draw)  [297+581=280-]  (1158/2400)
game 1159: W 1-0     (us: win)  [298+581=280-]  (1159/2400)
game 1160: B 1-0     (us: loss)  [298+581=281-]  (1160/2400)
game 1161: W 1/2-1/2 (us: draw)  [298+582=281-]  (1161/2400)
game 1162: B 1-0     (us: loss)  [298+582=282-]  (1162/2400)
game 1163: W 1-0     (us: win)  [299+582=282-]  (1163/2400)
game 1164: B 1-0     (us: loss)  [299+582=283-]  (1164/2400)
game 1165: W 0-1     (us: loss)  [299+582=284-]  (1165/2400)
game 1166: B 1/2-1/2 (us: draw)  [299+583=284-]  (1166/2400)
game 1167: W 1/2-1/2 (us: draw)  [299+584=284-]  (1167/2400)
game 1168: B 1/2-1/2 (us: draw)  [299+585=284-]  (1168/2400)
game 1169: W 1-0     (us: win)  [300+585=284-]  (1169/2400)
game 1170: B 1/2-1/2 (us: draw)  [300+586=284-]  (1170/2400)
game 1171: W 1/2-1/2 (us: draw)  [300+587=284-]  (1171/2400)
game 1172: B 1/2-1/2 (us: draw)  [300+588=284-]  (1172/2400)
game 1173: W 1/2-1/2 (us: draw)  [300+589=284-]  (1173/2400)
game 1174: B 1-0     (us: loss)  [300+589=285-]  (1174/2400)
game 1175: W 1-0     (us: win)  [301+589=285-]  (1175/2400)
game 1176: B 1/2-1/2 (us: draw)  [301+590=285-]  (1176/2400)
game 1177: W 1/2-1/2 (us: draw)  [301+591=285-]  (1177/2400)
game 1178: B 1/2-1/2 (us: draw)  [301+592=285-]  (1178/2400)
game 1179: W 0-1     (us: loss)  [301+592=286-]  (1179/2400)
game 1180: B 0-1     (us: win)  [302+592=286-]  (1180/2400)
game 1181: W 0-1     (us: loss)  [302+592=287-]  (1181/2400)
game 1182: B 0-1     (us: win)  [303+592=287-]  (1182/2400)
game 1183: W 1/2-1/2 (us: draw)  [303+593=287-]  (1183/2400)
game 1184: B 1/2-1/2 (us: draw)  [303+594=287-]  (1184/2400)
game 1185: W 1/2-1/2 (us: draw)  [303+595=287-]  (1185/2400)
game 1186: B 1/2-1/2 (us: draw)  [303+596=287-]  (1186/2400)
game 1187: W 1/2-1/2 (us: draw)  [303+597=287-]  (1187/2400)
game 1188: B 1-0     (us: loss)  [303+597=288-]  (1188/2400)
game 1189: W 0-1     (us: loss)  [303+597=289-]  (1189/2400)
game 1190: B 0-1     (us: win)  [304+597=289-]  (1190/2400)
game 1191: W 1/2-1/2 (us: draw)  [304+598=289-]  (1191/2400)
game 1192: B 1-0     (us: loss)  [304+598=290-]  (1192/2400)
game 1193: W 1/2-1/2 (us: draw)  [304+599=290-]  (1193/2400)
game 1194: B 0-1     (us: win)  [305+599=290-]  (1194/2400)
game 1195: W 0-1     (us: loss)  [305+599=291-]  (1195/2400)
game 1196: B 1-0     (us: loss)  [305+599=292-]  (1196/2400)
game 1197: W 1/2-1/2 (us: draw)  [305+600=292-]  (1197/2400)
game 1198: B 1/2-1/2 (us: draw)  [305+601=292-]  (1198/2400)
game 1199: W 1/2-1/2 (us: draw)  [305+602=292-]  (1199/2400)
game 1200: B 1/2-1/2 (us: draw)  [305+603=292-]  (1200/2400)
game 1201: W 1-0     (us: win)  [306+603=292-]  (1201/2400)
game 1202: B 0-1     (us: win)  [307+603=292-]  (1202/2400)
game 1203: W 0-1     (us: loss)  [307+603=293-]  (1203/2400)
game 1204: B 1-0     (us: loss)  [307+603=294-]  (1204/2400)
game 1205: W 1/2-1/2 (us: draw)  [307+604=294-]  (1205/2400)
game 1206: B 1-0     (us: loss)  [307+604=295-]  (1206/2400)
game 1207: W 1/2-1/2 (us: draw)  [307+605=295-]  (1207/2400)
game 1208: B 0-1     (us: win)  [308+605=295-]  (1208/2400)
game 1209: W 1/2-1/2 (us: draw)  [308+606=295-]  (1209/2400)
game 1210: B 1/2-1/2 (us: draw)  [308+607=295-]  (1210/2400)
game 1211: W 1/2-1/2 (us: draw)  [308+608=295-]  (1211/2400)
game 1212: B 1/2-1/2 (us: draw)  [308+609=295-]  (1212/2400)
game 1213: W 1-0     (us: win)  [309+609=295-]  (1213/2400)
game 1214: B 1-0     (us: loss)  [309+609=296-]  (1214/2400)
game 1215: W 1/2-1/2 (us: draw)  [309+610=296-]  (1215/2400)
game 1216: B 1-0     (us: loss)  [309+610=297-]  (1216/2400)
game 1217: W 1-0     (us: win)  [310+610=297-]  (1217/2400)
game 1218: B 1/2-1/2 (us: draw)  [310+611=297-]  (1218/2400)
game 1219: W 1/2-1/2 (us: draw)  [310+612=297-]  (1219/2400)
game 1220: B 1-0     (us: loss)  [310+612=298-]  (1220/2400)
game 1221: W 1/2-1/2 (us: draw)  [310+613=298-]  (1221/2400)
game 1222: B 1-0     (us: loss)  [310+613=299-]  (1222/2400)
game 1223: W 1/2-1/2 (us: draw)  [310+614=299-]  (1223/2400)
game 1224: B 1/2-1/2 (us: draw)  [310+615=299-]  (1224/2400)
game 1225: W 0-1     (us: loss)  [310+615=300-]  (1225/2400)
game 1226: B 1-0     (us: loss)  [310+615=301-]  (1226/2400)
game 1227: W 1/2-1/2 (us: draw)  [310+616=301-]  (1227/2400)
game 1228: B 1/2-1/2 (us: draw)  [310+617=301-]  (1228/2400)
game 1229: W 1-0     (us: win)  [311+617=301-]  (1229/2400)
game 1230: B 1-0     (us: loss)  [311+617=302-]  (1230/2400)
game 1231: W 0-1     (us: loss)  [311+617=303-]  (1231/2400)
game 1232: B 0-1     (us: win)  [312+617=303-]  (1232/2400)
game 1233: W 0-1     (us: loss)  [312+617=304-]  (1233/2400)
game 1234: B 1/2-1/2 (us: draw)  [312+618=304-]  (1234/2400)
game 1235: W 1/2-1/2 (us: draw)  [312+619=304-]  (1235/2400)
game 1236: B 0-1     (us: win)  [313+619=304-]  (1236/2400)
game 1237: W 1/2-1/2 (us: draw)  [313+620=304-]  (1237/2400)
game 1238: B 1-0     (us: loss)  [313+620=305-]  (1238/2400)
game 1239: W 1/2-1/2 (us: draw)  [313+621=305-]  (1239/2400)
game 1240: B 1/2-1/2 (us: draw)  [313+622=305-]  (1240/2400)
game 1241: W 0-1     (us: loss)  [313+622=306-]  (1241/2400)
game 1242: B 1/2-1/2 (us: draw)  [313+623=306-]  (1242/2400)
game 1243: W 1/2-1/2 (us: draw)  [313+624=306-]  (1243/2400)
game 1244: B 1-0     (us: loss)  [313+624=307-]  (1244/2400)
game 1245: W 1/2-1/2 (us: draw)  [313+625=307-]  (1245/2400)
game 1246: B 1/2-1/2 (us: draw)  [313+626=307-]  (1246/2400)
game 1247: W 1/2-1/2 (us: draw)  [313+627=307-]  (1247/2400)
game 1248: B 1/2-1/2 (us: draw)  [313+628=307-]  (1248/2400)
game 1249: W 1-0     (us: win)  [314+628=307-]  (1249/2400)
game 1250: B 0-1     (us: win)  [315+628=307-]  (1250/2400)
game 1251: W 0-1     (us: loss)  [315+628=308-]  (1251/2400)
game 1252: B 1/2-1/2 (us: draw)  [315+629=308-]  (1252/2400)
game 1253: W 1/2-1/2 (us: draw)  [315+630=308-]  (1253/2400)
game 1254: B 1-0     (us: loss)  [315+630=309-]  (1254/2400)
game 1255: W 1-0     (us: win)  [316+630=309-]  (1255/2400)
game 1256: B 0-1     (us: win)  [317+630=309-]  (1256/2400)
game 1257: W 1-0     (us: win)  [318+630=309-]  (1257/2400)
game 1258: B 0-1     (us: win)  [319+630=309-]  (1258/2400)
game 1259: W 1-0     (us: win)  [320+630=309-]  (1259/2400)
game 1260: B 0-1     (us: win)  [321+630=309-]  (1260/2400)
game 1261: W 0-1     (us: loss)  [321+630=310-]  (1261/2400)
game 1262: B 1/2-1/2 (us: draw)  [321+631=310-]  (1262/2400)
game 1263: W 1/2-1/2 (us: draw)  [321+632=310-]  (1263/2400)
game 1264: B 0-1     (us: win)  [322+632=310-]  (1264/2400)
game 1265: W 0-1     (us: loss)  [322+632=311-]  (1265/2400)
game 1266: B 0-1     (us: win)  [323+632=311-]  (1266/2400)
game 1267: W 1-0     (us: win)  [324+632=311-]  (1267/2400)
game 1268: B 1-0     (us: loss)  [324+632=312-]  (1268/2400)
game 1269: W 0-1     (us: loss)  [324+632=313-]  (1269/2400)
game 1270: B 0-1     (us: win)  [325+632=313-]  (1270/2400)
game 1271: W 1-0     (us: win)  [326+632=313-]  (1271/2400)
game 1272: B 0-1     (us: win)  [327+632=313-]  (1272/2400)
game 1273: W 1-0     (us: win)  [328+632=313-]  (1273/2400)
game 1274: B 0-1     (us: win)  [329+632=313-]  (1274/2400)
game 1275: W 1/2-1/2 (us: draw)  [329+633=313-]  (1275/2400)
game 1276: B 1/2-1/2 (us: draw)  [329+634=313-]  (1276/2400)
game 1277: W 1/2-1/2 (us: draw)  [329+635=313-]  (1277/2400)
game 1278: B 0-1     (us: win)  [330+635=313-]  (1278/2400)
game 1279: W 1/2-1/2 (us: draw)  [330+636=313-]  (1279/2400)
game 1280: B 1/2-1/2 (us: draw)  [330+637=313-]  (1280/2400)
game 1281: W 1/2-1/2 (us: draw)  [330+638=313-]  (1281/2400)
game 1282: B 1/2-1/2 (us: draw)  [330+639=313-]  (1282/2400)
game 1283: W 1/2-1/2 (us: draw)  [330+640=313-]  (1283/2400)
game 1284: B 1-0     (us: loss)  [330+640=314-]  (1284/2400)
game 1285: W 1-0     (us: win)  [331+640=314-]  (1285/2400)
game 1286: B 1-0     (us: loss)  [331+640=315-]  (1286/2400)
game 1287: W 0-1     (us: loss)  [331+640=316-]  (1287/2400)
game 1288: B 1/2-1/2 (us: draw)  [331+641=316-]  (1288/2400)
game 1289: W 1-0     (us: win)  [332+641=316-]  (1289/2400)
game 1290: B 1/2-1/2 (us: draw)  [332+642=316-]  (1290/2400)
game 1291: W 1/2-1/2 (us: draw)  [332+643=316-]  (1291/2400)
game 1292: B 0-1     (us: win)  [333+643=316-]  (1292/2400)
game 1293: W 1/2-1/2 (us: draw)  [333+644=316-]  (1293/2400)
game 1294: B 1/2-1/2 (us: draw)  [333+645=316-]  (1294/2400)
game 1295: W 1/2-1/2 (us: draw)  [333+646=316-]  (1295/2400)
game 1296: B 0-1     (us: win)  [334+646=316-]  (1296/2400)
game 1297: W 1/2-1/2 (us: draw)  [334+647=316-]  (1297/2400)
game 1298: B 0-1     (us: win)  [335+647=316-]  (1298/2400)
game 1299: W 1-0     (us: win)  [336+647=316-]  (1299/2400)
game 1300: B 1-0     (us: loss)  [336+647=317-]  (1300/2400)
game 1301: W 1/2-1/2 (us: draw)  [336+648=317-]  (1301/2400)
game 1302: B 0-1     (us: win)  [337+648=317-]  (1302/2400)
game 1303: W 1-0     (us: win)  [338+648=317-]  (1303/2400)
game 1304: B 1-0     (us: loss)  [338+648=318-]  (1304/2400)
game 1305: W 1/2-1/2 (us: draw)  [338+649=318-]  (1305/2400)
game 1306: B 1-0     (us: loss)  [338+649=319-]  (1306/2400)
game 1307: W 0-1     (us: loss)  [338+649=320-]  (1307/2400)
game 1308: B 1/2-1/2 (us: draw)  [338+650=320-]  (1308/2400)
game 1309: W 1/2-1/2 (us: draw)  [338+651=320-]  (1309/2400)
game 1310: B 1/2-1/2 (us: draw)  [338+652=320-]  (1310/2400)
game 1311: W 1/2-1/2 (us: draw)  [338+653=320-]  (1311/2400)
game 1312: B 1/2-1/2 (us: draw)  [338+654=320-]  (1312/2400)
game 1313: W 0-1     (us: loss)  [338+654=321-]  (1313/2400)
game 1314: B 1/2-1/2 (us: draw)  [338+655=321-]  (1314/2400)
game 1315: W 0-1     (us: loss)  [338+655=322-]  (1315/2400)
game 1316: B 1/2-1/2 (us: draw)  [338+656=322-]  (1316/2400)
game 1317: W 1-0     (us: win)  [339+656=322-]  (1317/2400)
game 1318: B 0-1     (us: win)  [340+656=322-]  (1318/2400)
game 1319: W 1/2-1/2 (us: draw)  [340+657=322-]  (1319/2400)
game 1320: B 1-0     (us: loss)  [340+657=323-]  (1320/2400)
game 1321: W 1-0     (us: win)  [341+657=323-]  (1321/2400)
game 1322: B 1-0     (us: loss)  [341+657=324-]  (1322/2400)
game 1323: W 1/2-1/2 (us: draw)  [341+658=324-]  (1323/2400)
game 1324: B 1-0     (us: loss)  [341+658=325-]  (1324/2400)
game 1325: W 1-0     (us: win)  [342+658=325-]  (1325/2400)
game 1326: B 0-1     (us: win)  [343+658=325-]  (1326/2400)
game 1327: W 1/2-1/2 (us: draw)  [343+659=325-]  (1327/2400)
game 1328: B 0-1     (us: win)  [344+659=325-]  (1328/2400)
game 1329: W 1/2-1/2 (us: draw)  [344+660=325-]  (1329/2400)
game 1330: B 1/2-1/2 (us: draw)  [344+661=325-]  (1330/2400)
game 1331: W 0-1     (us: loss)  [344+661=326-]  (1331/2400)
game 1332: B 1/2-1/2 (us: draw)  [344+662=326-]  (1332/2400)
game 1333: W 0-1     (us: loss)  [344+662=327-]  (1333/2400)
game 1334: B 1-0     (us: loss)  [344+662=328-]  (1334/2400)
game 1335: W 1/2-1/2 (us: draw)  [344+663=328-]  (1335/2400)
game 1336: B 0-1     (us: win)  [345+663=328-]  (1336/2400)
game 1337: W 1-0     (us: win)  [346+663=328-]  (1337/2400)
game 1338: B 1-0     (us: loss)  [346+663=329-]  (1338/2400)
game 1339: W 1/2-1/2 (us: draw)  [346+664=329-]  (1339/2400)
game 1340: B 1/2-1/2 (us: draw)  [346+665=329-]  (1340/2400)
game 1341: W 1/2-1/2 (us: draw)  [346+666=329-]  (1341/2400)
game 1342: B 1-0     (us: loss)  [346+666=330-]  (1342/2400)
game 1343: W 1/2-1/2 (us: draw)  [346+667=330-]  (1343/2400)
game 1344: B 1/2-1/2 (us: draw)  [346+668=330-]  (1344/2400)
game 1345: W 0-1     (us: loss)  [346+668=331-]  (1345/2400)
game 1346: B 1/2-1/2 (us: draw)  [346+669=331-]  (1346/2400)
game 1347: W 1-0     (us: win)  [347+669=331-]  (1347/2400)
game 1348: B 0-1     (us: win)  [348+669=331-]  (1348/2400)
game 1349: W 0-1     (us: loss)  [348+669=332-]  (1349/2400)
game 1350: B 1/2-1/2 (us: draw)  [348+670=332-]  (1350/2400)
game 1351: W 1/2-1/2 (us: draw)  [348+671=332-]  (1351/2400)
game 1352: B 1-0     (us: loss)  [348+671=333-]  (1352/2400)
game 1353: W 1/2-1/2 (us: draw)  [348+672=333-]  (1353/2400)
game 1354: B 1/2-1/2 (us: draw)  [348+673=333-]  (1354/2400)
game 1355: W 0-1     (us: loss)  [348+673=334-]  (1355/2400)
game 1356: B 1-0     (us: loss)  [348+673=335-]  (1356/2400)
game 1357: W 1-0     (us: win)  [349+673=335-]  (1357/2400)
game 1358: B 1-0     (us: loss)  [349+673=336-]  (1358/2400)
game 1359: W 1-0     (us: win)  [350+673=336-]  (1359/2400)
game 1360: B 1-0     (us: loss)  [350+673=337-]  (1360/2400)
game 1361: W 1-0     (us: win)  [351+673=337-]  (1361/2400)
game 1362: B 1/2-1/2 (us: draw)  [351+674=337-]  (1362/2400)
game 1363: W 1-0     (us: win)  [352+674=337-]  (1363/2400)
game 1364: B 1/2-1/2 (us: draw)  [352+675=337-]  (1364/2400)
game 1365: W 0-1     (us: loss)  [352+675=338-]  (1365/2400)
game 1366: B 1-0     (us: loss)  [352+675=339-]  (1366/2400)
game 1367: W 1/2-1/2 (us: draw)  [352+676=339-]  (1367/2400)
game 1368: B 1-0     (us: loss)  [352+676=340-]  (1368/2400)
game 1369: W 1/2-1/2 (us: draw)  [352+677=340-]  (1369/2400)
game 1370: B 1-0     (us: loss)  [352+677=341-]  (1370/2400)
game 1371: W 1/2-1/2 (us: draw)  [352+678=341-]  (1371/2400)
game 1372: B 0-1     (us: win)  [353+678=341-]  (1372/2400)
game 1373: W 1-0     (us: win)  [354+678=341-]  (1373/2400)
game 1374: B 1/2-1/2 (us: draw)  [354+679=341-]  (1374/2400)
game 1375: W 1-0     (us: win)  [355+679=341-]  (1375/2400)
game 1376: B 1-0     (us: loss)  [355+679=342-]  (1376/2400)
game 1377: W 1/2-1/2 (us: draw)  [355+680=342-]  (1377/2400)
game 1378: B 1/2-1/2 (us: draw)  [355+681=342-]  (1378/2400)
game 1379: W 1/2-1/2 (us: draw)  [355+682=342-]  (1379/2400)
game 1380: B 0-1     (us: win)  [356+682=342-]  (1380/2400)
game 1381: W 1-0     (us: win)  [357+682=342-]  (1381/2400)
game 1382: B 1-0     (us: loss)  [357+682=343-]  (1382/2400)
game 1383: W 1/2-1/2 (us: draw)  [357+683=343-]  (1383/2400)
game 1384: B 1/2-1/2 (us: draw)  [357+684=343-]  (1384/2400)
game 1385: W 0-1     (us: loss)  [357+684=344-]  (1385/2400)
game 1386: B 1-0     (us: loss)  [357+684=345-]  (1386/2400)
game 1387: W 0-1     (us: loss)  [357+684=346-]  (1387/2400)
game 1388: B 0-1     (us: win)  [358+684=346-]  (1388/2400)
game 1389: W 0-1     (us: loss)  [358+684=347-]  (1389/2400)
game 1390: B 0-1     (us: win)  [359+684=347-]  (1390/2400)
game 1391: W 1/2-1/2 (us: draw)  [359+685=347-]  (1391/2400)
game 1392: B 1-0     (us: loss)  [359+685=348-]  (1392/2400)
game 1393: W 0-1     (us: loss)  [359+685=349-]  (1393/2400)
game 1394: B 0-1     (us: win)  [360+685=349-]  (1394/2400)
game 1395: W 1/2-1/2 (us: draw)  [360+686=349-]  (1395/2400)
game 1396: B 0-1     (us: win)  [361+686=349-]  (1396/2400)
game 1397: W 1-0     (us: win)  [362+686=349-]  (1397/2400)
game 1398: B 1-0     (us: loss)  [362+686=350-]  (1398/2400)
game 1399: W 1/2-1/2 (us: draw)  [362+687=350-]  (1399/2400)
game 1400: B 0-1     (us: win)  [363+687=350-]  (1400/2400)
game 1401: W 1/2-1/2 (us: draw)  [363+688=350-]  (1401/2400)
game 1402: B 1/2-1/2 (us: draw)  [363+689=350-]  (1402/2400)
game 1403: W 1/2-1/2 (us: draw)  [363+690=350-]  (1403/2400)
game 1404: B 1/2-1/2 (us: draw)  [363+691=350-]  (1404/2400)
game 1405: W 0-1     (us: loss)  [363+691=351-]  (1405/2400)
game 1406: B 1-0     (us: loss)  [363+691=352-]  (1406/2400)
game 1407: W 1/2-1/2 (us: draw)  [363+692=352-]  (1407/2400)
game 1408: B 1/2-1/2 (us: draw)  [363+693=352-]  (1408/2400)
game 1409: W 1/2-1/2 (us: draw)  [363+694=352-]  (1409/2400)
game 1410: B 0-1     (us: win)  [364+694=352-]  (1410/2400)
game 1411: W 1/2-1/2 (us: draw)  [364+695=352-]  (1411/2400)
game 1412: B 1/2-1/2 (us: draw)  [364+696=352-]  (1412/2400)
game 1413: W 0-1     (us: loss)  [364+696=353-]  (1413/2400)
game 1414: B 1/2-1/2 (us: draw)  [364+697=353-]  (1414/2400)
game 1415: W 1-0     (us: win)  [365+697=353-]  (1415/2400)
game 1416: B 1-0     (us: loss)  [365+697=354-]  (1416/2400)
game 1417: W 1/2-1/2 (us: draw)  [365+698=354-]  (1417/2400)
game 1418: B 1/2-1/2 (us: draw)  [365+699=354-]  (1418/2400)
game 1419: W 1/2-1/2 (us: draw)  [365+700=354-]  (1419/2400)
game 1420: B 1/2-1/2 (us: draw)  [365+701=354-]  (1420/2400)
game 1421: W 1/2-1/2 (us: draw)  [365+702=354-]  (1421/2400)
game 1422: B 1/2-1/2 (us: draw)  [365+703=354-]  (1422/2400)
game 1423: W 0-1     (us: loss)  [365+703=355-]  (1423/2400)
game 1424: B 1/2-1/2 (us: draw)  [365+704=355-]  (1424/2400)
game 1425: W 1/2-1/2 (us: draw)  [365+705=355-]  (1425/2400)
game 1426: B 1/2-1/2 (us: draw)  [365+706=355-]  (1426/2400)
game 1427: W 1/2-1/2 (us: draw)  [365+707=355-]  (1427/2400)
game 1428: B 1-0     (us: loss)  [365+707=356-]  (1428/2400)
game 1429: W 1/2-1/2 (us: draw)  [365+708=356-]  (1429/2400)
game 1430: B 0-1     (us: win)  [366+708=356-]  (1430/2400)
game 1431: W 0-1     (us: loss)  [366+708=357-]  (1431/2400)
game 1432: B 1/2-1/2 (us: draw)  [366+709=357-]  (1432/2400)
game 1433: W 0-1     (us: loss)  [366+709=358-]  (1433/2400)
game 1434: B 0-1     (us: win)  [367+709=358-]  (1434/2400)
game 1435: W 0-1     (us: loss)  [367+709=359-]  (1435/2400)
game 1436: B 0-1     (us: win)  [368+709=359-]  (1436/2400)
game 1437: W 1-0     (us: win)  [369+709=359-]  (1437/2400)
game 1438: B 1/2-1/2 (us: draw)  [369+710=359-]  (1438/2400)
game 1439: W 1/2-1/2 (us: draw)  [369+711=359-]  (1439/2400)
game 1440: B 1-0     (us: loss)  [369+711=360-]  (1440/2400)
game 1441: W 1/2-1/2 (us: draw)  [369+712=360-]  (1441/2400)
game 1442: B 1/2-1/2 (us: draw)  [369+713=360-]  (1442/2400)
game 1443: W 1/2-1/2 (us: draw)  [369+714=360-]  (1443/2400)
game 1444: B 1-0     (us: loss)  [369+714=361-]  (1444/2400)
game 1445: W 1/2-1/2 (us: draw)  [369+715=361-]  (1445/2400)
game 1446: B 1-0     (us: loss)  [369+715=362-]  (1446/2400)
game 1447: W 0-1     (us: loss)  [369+715=363-]  (1447/2400)
game 1448: B 1/2-1/2 (us: draw)  [369+716=363-]  (1448/2400)
game 1449: W 0-1     (us: loss)  [369+716=364-]  (1449/2400)
game 1450: B 1/2-1/2 (us: draw)  [369+717=364-]  (1450/2400)
game 1451: W 0-1     (us: loss)  [369+717=365-]  (1451/2400)
game 1452: B 0-1     (us: win)  [370+717=365-]  (1452/2400)
game 1453: W 0-1     (us: loss)  [370+717=366-]  (1453/2400)
game 1454: B 0-1     (us: win)  [371+717=366-]  (1454/2400)
game 1455: W 1-0     (us: win)  [372+717=366-]  (1455/2400)
game 1456: B 1-0     (us: loss)  [372+717=367-]  (1456/2400)
game 1457: W 1-0     (us: win)  [373+717=367-]  (1457/2400)
game 1458: B 1/2-1/2 (us: draw)  [373+718=367-]  (1458/2400)
game 1459: W 1/2-1/2 (us: draw)  [373+719=367-]  (1459/2400)
game 1460: B 0-1     (us: win)  [374+719=367-]  (1460/2400)
game 1461: W 1/2-1/2 (us: draw)  [374+720=367-]  (1461/2400)
game 1462: B 1/2-1/2 (us: draw)  [374+721=367-]  (1462/2400)
game 1463: W 0-1     (us: loss)  [374+721=368-]  (1463/2400)
game 1464: B 1-0     (us: loss)  [374+721=369-]  (1464/2400)
game 1465: W 1/2-1/2 (us: draw)  [374+722=369-]  (1465/2400)
game 1466: B 1-0     (us: loss)  [374+722=370-]  (1466/2400)
game 1467: W 1-0     (us: win)  [375+722=370-]  (1467/2400)
game 1468: B 1/2-1/2 (us: draw)  [375+723=370-]  (1468/2400)
game 1469: W 1/2-1/2 (us: draw)  [375+724=370-]  (1469/2400)
game 1470: B 1/2-1/2 (us: draw)  [375+725=370-]  (1470/2400)
game 1471: W 1/2-1/2 (us: draw)  [375+726=370-]  (1471/2400)
game 1472: B 1-0     (us: loss)  [375+726=371-]  (1472/2400)
game 1473: W 0-1     (us: loss)  [375+726=372-]  (1473/2400)
game 1474: B 1/2-1/2 (us: draw)  [375+727=372-]  (1474/2400)
game 1475: W 1/2-1/2 (us: draw)  [375+728=372-]  (1475/2400)
game 1476: B 1/2-1/2 (us: draw)  [375+729=372-]  (1476/2400)
game 1477: W 0-1     (us: loss)  [375+729=373-]  (1477/2400)
game 1478: B 1/2-1/2 (us: draw)  [375+730=373-]  (1478/2400)
game 1479: W 1/2-1/2 (us: draw)  [375+731=373-]  (1479/2400)
game 1480: B 1-0     (us: loss)  [375+731=374-]  (1480/2400)
game 1481: W 0-1     (us: loss)  [375+731=375-]  (1481/2400)
game 1482: B 0-1     (us: win)  [376+731=375-]  (1482/2400)
game 1483: W 1/2-1/2 (us: draw)  [376+732=375-]  (1483/2400)
game 1484: B 1/2-1/2 (us: draw)  [376+733=375-]  (1484/2400)
game 1485: W 0-1     (us: loss)  [376+733=376-]  (1485/2400)
game 1486: B 1/2-1/2 (us: draw)  [376+734=376-]  (1486/2400)
game 1487: W 1-0     (us: win)  [377+734=376-]  (1487/2400)
game 1488: B 1/2-1/2 (us: draw)  [377+735=376-]  (1488/2400)
game 1489: W 1/2-1/2 (us: draw)  [377+736=376-]  (1489/2400)
game 1490: B 1/2-1/2 (us: draw)  [377+737=376-]  (1490/2400)
game 1491: W 1/2-1/2 (us: draw)  [377+738=376-]  (1491/2400)
game 1492: B 0-1     (us: win)  [378+738=376-]  (1492/2400)
game 1493: W 1/2-1/2 (us: draw)  [378+739=376-]  (1493/2400)
game 1494: B 1/2-1/2 (us: draw)  [378+740=376-]  (1494/2400)
game 1495: W 0-1     (us: loss)  [378+740=377-]  (1495/2400)
game 1496: B 1-0     (us: loss)  [378+740=378-]  (1496/2400)
game 1497: W 1-0     (us: win)  [379+740=378-]  (1497/2400)
game 1498: B 0-1     (us: win)  [380+740=378-]  (1498/2400)
game 1499: W 1/2-1/2 (us: draw)  [380+741=378-]  (1499/2400)
game 1500: B 1/2-1/2 (us: draw)  [380+742=378-]  (1500/2400)
game 1501: W 1-0     (us: win)  [381+742=378-]  (1501/2400)
game 1502: B 1/2-1/2 (us: draw)  [381+743=378-]  (1502/2400)
game 1503: W 1-0     (us: win)  [382+743=378-]  (1503/2400)
game 1504: B 1-0     (us: loss)  [382+743=379-]  (1504/2400)
game 1505: W 1-0     (us: win)  [383+743=379-]  (1505/2400)
game 1506: B 1-0     (us: loss)  [383+743=380-]  (1506/2400)
game 1507: W 1/2-1/2 (us: draw)  [383+744=380-]  (1507/2400)
game 1508: B 0-1     (us: win)  [384+744=380-]  (1508/2400)
game 1509: W 1-0     (us: win)  [385+744=380-]  (1509/2400)
game 1510: B 1-0     (us: loss)  [385+744=381-]  (1510/2400)
game 1511: W 1-0     (us: win)  [386+744=381-]  (1511/2400)
game 1512: B 1/2-1/2 (us: draw)  [386+745=381-]  (1512/2400)
game 1513: W 1/2-1/2 (us: draw)  [386+746=381-]  (1513/2400)
game 1514: B 1-0     (us: loss)  [386+746=382-]  (1514/2400)
game 1515: W 1/2-1/2 (us: draw)  [386+747=382-]  (1515/2400)
game 1516: B 0-1     (us: win)  [387+747=382-]  (1516/2400)
game 1517: W 1/2-1/2 (us: draw)  [387+748=382-]  (1517/2400)
game 1518: B 0-1     (us: win)  [388+748=382-]  (1518/2400)
game 1519: W 1/2-1/2 (us: draw)  [388+749=382-]  (1519/2400)
game 1520: B 1-0     (us: loss)  [388+749=383-]  (1520/2400)
game 1521: W 1/2-1/2 (us: draw)  [388+750=383-]  (1521/2400)
game 1522: B 1-0     (us: loss)  [388+750=384-]  (1522/2400)
game 1523: W 0-1     (us: loss)  [388+750=385-]  (1523/2400)
game 1524: B 1/2-1/2 (us: draw)  [388+751=385-]  (1524/2400)
game 1525: W 1/2-1/2 (us: draw)  [388+752=385-]  (1525/2400)
game 1526: B 1/2-1/2 (us: draw)  [388+753=385-]  (1526/2400)
game 1527: W 1/2-1/2 (us: draw)  [388+754=385-]  (1527/2400)
game 1528: B 1/2-1/2 (us: draw)  [388+755=385-]  (1528/2400)
game 1529: W 1/2-1/2 (us: draw)  [388+756=385-]  (1529/2400)
game 1530: B 0-1     (us: win)  [389+756=385-]  (1530/2400)
game 1531: W 0-1     (us: loss)  [389+756=386-]  (1531/2400)
game 1532: B 1-0     (us: loss)  [389+756=387-]  (1532/2400)
game 1533: W 0-1     (us: loss)  [389+756=388-]  (1533/2400)
game 1534: B 0-1     (us: win)  [390+756=388-]  (1534/2400)
game 1535: W 1/2-1/2 (us: draw)  [390+757=388-]  (1535/2400)
game 1536: B 1-0     (us: loss)  [390+757=389-]  (1536/2400)
game 1537: W 1-0     (us: win)  [391+757=389-]  (1537/2400)
game 1538: B 1-0     (us: loss)  [391+757=390-]  (1538/2400)
game 1539: W 1-0     (us: win)  [392+757=390-]  (1539/2400)
game 1540: B 1/2-1/2 (us: draw)  [392+758=390-]  (1540/2400)
game 1541: W 1-0     (us: win)  [393+758=390-]  (1541/2400)
game 1542: B 1-0     (us: loss)  [393+758=391-]  (1542/2400)
game 1543: W 1/2-1/2 (us: draw)  [393+759=391-]  (1543/2400)
game 1544: B 1/2-1/2 (us: draw)  [393+760=391-]  (1544/2400)
game 1545: W 0-1     (us: loss)  [393+760=392-]  (1545/2400)
game 1546: B 1/2-1/2 (us: draw)  [393+761=392-]  (1546/2400)
game 1547: W 1/2-1/2 (us: draw)  [393+762=392-]  (1547/2400)
game 1548: B 1-0     (us: loss)  [393+762=393-]  (1548/2400)
game 1549: W 1/2-1/2 (us: draw)  [393+763=393-]  (1549/2400)
game 1550: B 1/2-1/2 (us: draw)  [393+764=393-]  (1550/2400)
game 1551: W 1/2-1/2 (us: draw)  [393+765=393-]  (1551/2400)
game 1552: B 1/2-1/2 (us: draw)  [393+766=393-]  (1552/2400)
game 1553: W 1/2-1/2 (us: draw)  [393+767=393-]  (1553/2400)
game 1554: B 1/2-1/2 (us: draw)  [393+768=393-]  (1554/2400)
game 1555: W 1/2-1/2 (us: draw)  [393+769=393-]  (1555/2400)
game 1556: B 1/2-1/2 (us: draw)  [393+770=393-]  (1556/2400)
game 1557: W 1-0     (us: win)  [394+770=393-]  (1557/2400)
game 1558: B 1/2-1/2 (us: draw)  [394+771=393-]  (1558/2400)
game 1559: W 0-1     (us: loss)  [394+771=394-]  (1559/2400)
game 1560: B 1/2-1/2 (us: draw)  [394+772=394-]  (1560/2400)
game 1561: W 1/2-1/2 (us: draw)  [394+773=394-]  (1561/2400)
game 1562: B 1/2-1/2 (us: draw)  [394+774=394-]  (1562/2400)
game 1563: W 1-0     (us: win)  [395+774=394-]  (1563/2400)
game 1564: B 1-0     (us: loss)  [395+774=395-]  (1564/2400)
game 1565: W 1/2-1/2 (us: draw)  [395+775=395-]  (1565/2400)
game 1566: B 1/2-1/2 (us: draw)  [395+776=395-]  (1566/2400)
game 1567: W 1-0     (us: win)  [396+776=395-]  (1567/2400)
game 1568: B 1/2-1/2 (us: draw)  [396+777=395-]  (1568/2400)
game 1569: W 1/2-1/2 (us: draw)  [396+778=395-]  (1569/2400)
game 1570: B 1-0     (us: loss)  [396+778=396-]  (1570/2400)
game 1571: W 1-0     (us: win)  [397+778=396-]  (1571/2400)
game 1572: B 1/2-1/2 (us: draw)  [397+779=396-]  (1572/2400)
game 1573: W 1-0     (us: win)  [398+779=396-]  (1573/2400)
game 1574: B 1-0     (us: loss)  [398+779=397-]  (1574/2400)
game 1575: W 1-0     (us: win)  [399+779=397-]  (1575/2400)
game 1576: B 1/2-1/2 (us: draw)  [399+780=397-]  (1576/2400)
game 1577: W 1/2-1/2 (us: draw)  [399+781=397-]  (1577/2400)
game 1578: B 1/2-1/2 (us: draw)  [399+782=397-]  (1578/2400)
game 1579: W 0-1     (us: loss)  [399+782=398-]  (1579/2400)
game 1580: B 1/2-1/2 (us: draw)  [399+783=398-]  (1580/2400)
game 1581: W 0-1     (us: loss)  [399+783=399-]  (1581/2400)
game 1582: B 0-1     (us: win)  [400+783=399-]  (1582/2400)
game 1583: W 1/2-1/2 (us: draw)  [400+784=399-]  (1583/2400)
game 1584: B 1/2-1/2 (us: draw)  [400+785=399-]  (1584/2400)
game 1585: W 1/2-1/2 (us: draw)  [400+786=399-]  (1585/2400)
game 1586: B 1/2-1/2 (us: draw)  [400+787=399-]  (1586/2400)
game 1587: W 1/2-1/2 (us: draw)  [400+788=399-]  (1587/2400)
game 1588: B 1/2-1/2 (us: draw)  [400+789=399-]  (1588/2400)
game 1589: W 1-0     (us: win)  [401+789=399-]  (1589/2400)
game 1590: B 1-0     (us: loss)  [401+789=400-]  (1590/2400)
game 1591: W 1/2-1/2 (us: draw)  [401+790=400-]  (1591/2400)
game 1592: B 1/2-1/2 (us: draw)  [401+791=400-]  (1592/2400)
game 1593: W 1-0     (us: win)  [402+791=400-]  (1593/2400)
game 1594: B 1-0     (us: loss)  [402+791=401-]  (1594/2400)
game 1595: W 1-0     (us: win)  [403+791=401-]  (1595/2400)
game 1596: B 1/2-1/2 (us: draw)  [403+792=401-]  (1596/2400)
game 1597: W 0-1     (us: loss)  [403+792=402-]  (1597/2400)
game 1598: B 1/2-1/2 (us: draw)  [403+793=402-]  (1598/2400)
game 1599: W 0-1     (us: loss)  [403+793=403-]  (1599/2400)
game 1600: B 0-1     (us: win)  [404+793=403-]  (1600/2400)
game 1601: W 1/2-1/2 (us: draw)  [404+794=403-]  (1601/2400)
game 1602: B 1-0     (us: loss)  [404+794=404-]  (1602/2400)
game 1603: W 0-1     (us: loss)  [404+794=405-]  (1603/2400)
game 1604: B 0-1     (us: win)  [405+794=405-]  (1604/2400)
game 1605: W 1-0     (us: win)  [406+794=405-]  (1605/2400)
game 1606: B 1-0     (us: loss)  [406+794=406-]  (1606/2400)
game 1607: W 1/2-1/2 (us: draw)  [406+795=406-]  (1607/2400)
game 1608: B 1-0     (us: loss)  [406+795=407-]  (1608/2400)
game 1609: W 1-0     (us: win)  [407+795=407-]  (1609/2400)
game 1610: B 1-0     (us: loss)  [407+795=408-]  (1610/2400)
game 1611: W 0-1     (us: loss)  [407+795=409-]  (1611/2400)
game 1612: B 1/2-1/2 (us: draw)  [407+796=409-]  (1612/2400)
game 1613: W 1/2-1/2 (us: draw)  [407+797=409-]  (1613/2400)
game 1614: B 1/2-1/2 (us: draw)  [407+798=409-]  (1614/2400)
game 1615: W 1/2-1/2 (us: draw)  [407+799=409-]  (1615/2400)
game 1616: B 1/2-1/2 (us: draw)  [407+800=409-]  (1616/2400)
game 1617: W 1-0     (us: win)  [408+800=409-]  (1617/2400)
game 1618: B 1-0     (us: loss)  [408+800=410-]  (1618/2400)
game 1619: W 0-1     (us: loss)  [408+800=411-]  (1619/2400)
game 1620: B 0-1     (us: win)  [409+800=411-]  (1620/2400)
game 1621: W 0-1     (us: loss)  [409+800=412-]  (1621/2400)
game 1622: B 1-0     (us: loss)  [409+800=413-]  (1622/2400)
game 1623: W 1/2-1/2 (us: draw)  [409+801=413-]  (1623/2400)
game 1624: B 0-1     (us: win)  [410+801=413-]  (1624/2400)
game 1625: W 0-1     (us: loss)  [410+801=414-]  (1625/2400)
game 1626: B 1/2-1/2 (us: draw)  [410+802=414-]  (1626/2400)
game 1627: W 1/2-1/2 (us: draw)  [410+803=414-]  (1627/2400)
game 1628: B 1/2-1/2 (us: draw)  [410+804=414-]  (1628/2400)
game 1629: W 1-0     (us: win)  [411+804=414-]  (1629/2400)
game 1630: B 1/2-1/2 (us: draw)  [411+805=414-]  (1630/2400)
game 1631: W 1/2-1/2 (us: draw)  [411+806=414-]  (1631/2400)
game 1632: B 1/2-1/2 (us: draw)  [411+807=414-]  (1632/2400)
game 1633: W 1-0     (us: win)  [412+807=414-]  (1633/2400)
game 1634: B 1/2-1/2 (us: draw)  [412+808=414-]  (1634/2400)
game 1635: W 1/2-1/2 (us: draw)  [412+809=414-]  (1635/2400)
game 1636: B 0-1     (us: win)  [413+809=414-]  (1636/2400)
game 1637: W 1/2-1/2 (us: draw)  [413+810=414-]  (1637/2400)
game 1638: B 1-0     (us: loss)  [413+810=415-]  (1638/2400)
game 1639: W 1/2-1/2 (us: draw)  [413+811=415-]  (1639/2400)
game 1640: B 1-0     (us: loss)  [413+811=416-]  (1640/2400)
game 1641: W 0-1     (us: loss)  [413+811=417-]  (1641/2400)
game 1642: B 1/2-1/2 (us: draw)  [413+812=417-]  (1642/2400)
game 1643: W 1/2-1/2 (us: draw)  [413+813=417-]  (1643/2400)
game 1644: B 1-0     (us: loss)  [413+813=418-]  (1644/2400)
game 1645: W 1/2-1/2 (us: draw)  [413+814=418-]  (1645/2400)
game 1646: B 1/2-1/2 (us: draw)  [413+815=418-]  (1646/2400)
game 1647: W 0-1     (us: loss)  [413+815=419-]  (1647/2400)
game 1648: B 1-0     (us: loss)  [413+815=420-]  (1648/2400)
game 1649: W 0-1     (us: loss)  [413+815=421-]  (1649/2400)
game 1650: B 1-0     (us: loss)  [413+815=422-]  (1650/2400)
game 1651: W 1-0     (us: win)  [414+815=422-]  (1651/2400)
game 1652: B 1-0     (us: loss)  [414+815=423-]  (1652/2400)
game 1653: W 0-1     (us: loss)  [414+815=424-]  (1653/2400)
game 1654: B 0-1     (us: win)  [415+815=424-]  (1654/2400)
game 1655: W 1-0     (us: win)  [416+815=424-]  (1655/2400)
game 1656: B 1/2-1/2 (us: draw)  [416+816=424-]  (1656/2400)
game 1657: W 1/2-1/2 (us: draw)  [416+817=424-]  (1657/2400)
game 1658: B 0-1     (us: win)  [417+817=424-]  (1658/2400)
game 1659: W 1-0     (us: win)  [418+817=424-]  (1659/2400)
game 1660: B 1/2-1/2 (us: draw)  [418+818=424-]  (1660/2400)
game 1661: W 1/2-1/2 (us: draw)  [418+819=424-]  (1661/2400)
game 1662: B 1-0     (us: loss)  [418+819=425-]  (1662/2400)
game 1663: W 0-1     (us: loss)  [418+819=426-]  (1663/2400)
game 1664: B 1/2-1/2 (us: draw)  [418+820=426-]  (1664/2400)
game 1665: W 1/2-1/2 (us: draw)  [418+821=426-]  (1665/2400)
game 1666: B 1-0     (us: loss)  [418+821=427-]  (1666/2400)
game 1667: W 0-1     (us: loss)  [418+821=428-]  (1667/2400)
game 1668: B 1-0     (us: loss)  [418+821=429-]  (1668/2400)
game 1669: W 1-0     (us: win)  [419+821=429-]  (1669/2400)
game 1670: B 0-1     (us: win)  [420+821=429-]  (1670/2400)
game 1671: W 0-1     (us: loss)  [420+821=430-]  (1671/2400)
game 1672: B 1-0     (us: loss)  [420+821=431-]  (1672/2400)
game 1673: W 1/2-1/2 (us: draw)  [420+822=431-]  (1673/2400)
game 1674: B 1/2-1/2 (us: draw)  [420+823=431-]  (1674/2400)
game 1675: W 1/2-1/2 (us: draw)  [420+824=431-]  (1675/2400)
game 1676: B 1/2-1/2 (us: draw)  [420+825=431-]  (1676/2400)
game 1677: W 1/2-1/2 (us: draw)  [420+826=431-]  (1677/2400)
game 1678: B 1-0     (us: loss)  [420+826=432-]  (1678/2400)
game 1679: W 1/2-1/2 (us: draw)  [420+827=432-]  (1679/2400)
game 1680: B 1/2-1/2 (us: draw)  [420+828=432-]  (1680/2400)
game 1681: W 1-0     (us: win)  [421+828=432-]  (1681/2400)
game 1682: B 1/2-1/2 (us: draw)  [421+829=432-]  (1682/2400)
game 1683: W 1/2-1/2 (us: draw)  [421+830=432-]  (1683/2400)
game 1684: B 0-1     (us: win)  [422+830=432-]  (1684/2400)
game 1685: W 1/2-1/2 (us: draw)  [422+831=432-]  (1685/2400)
game 1686: B 1-0     (us: loss)  [422+831=433-]  (1686/2400)
game 1687: W 1/2-1/2 (us: draw)  [422+832=433-]  (1687/2400)
game 1688: B 1/2-1/2 (us: draw)  [422+833=433-]  (1688/2400)
game 1689: W 1/2-1/2 (us: draw)  [422+834=433-]  (1689/2400)
game 1690: B 1/2-1/2 (us: draw)  [422+835=433-]  (1690/2400)
game 1691: W 1/2-1/2 (us: draw)  [422+836=433-]  (1691/2400)
game 1692: B 1/2-1/2 (us: draw)  [422+837=433-]  (1692/2400)
game 1693: W 0-1     (us: loss)  [422+837=434-]  (1693/2400)
game 1694: B 1-0     (us: loss)  [422+837=435-]  (1694/2400)
game 1695: W 1-0     (us: win)  [423+837=435-]  (1695/2400)
game 1696: B 1/2-1/2 (us: draw)  [423+838=435-]  (1696/2400)
game 1697: W 1-0     (us: win)  [424+838=435-]  (1697/2400)
game 1698: B 1/2-1/2 (us: draw)  [424+839=435-]  (1698/2400)
game 1699: W 1/2-1/2 (us: draw)  [424+840=435-]  (1699/2400)
game 1700: B 1/2-1/2 (us: draw)  [424+841=435-]  (1700/2400)
game 1701: W 0-1     (us: loss)  [424+841=436-]  (1701/2400)
game 1702: B 0-1     (us: win)  [425+841=436-]  (1702/2400)
game 1703: W 1/2-1/2 (us: draw)  [425+842=436-]  (1703/2400)
game 1704: B 1/2-1/2 (us: draw)  [425+843=436-]  (1704/2400)
game 1705: W 1/2-1/2 (us: draw)  [425+844=436-]  (1705/2400)
game 1706: B 0-1     (us: win)  [426+844=436-]  (1706/2400)
game 1707: W 1/2-1/2 (us: draw)  [426+845=436-]  (1707/2400)
game 1708: B 0-1     (us: win)  [427+845=436-]  (1708/2400)
game 1709: W 1-0     (us: win)  [428+845=436-]  (1709/2400)
game 1710: B 1/2-1/2 (us: draw)  [428+846=436-]  (1710/2400)
game 1711: W 1-0     (us: win)  [429+846=436-]  (1711/2400)
game 1712: B 1-0     (us: loss)  [429+846=437-]  (1712/2400)
game 1713: W 1/2-1/2 (us: draw)  [429+847=437-]  (1713/2400)
game 1714: B 1/2-1/2 (us: draw)  [429+848=437-]  (1714/2400)
game 1715: W 0-1     (us: loss)  [429+848=438-]  (1715/2400)
game 1716: B 0-1     (us: win)  [430+848=438-]  (1716/2400)
game 1717: W 0-1     (us: loss)  [430+848=439-]  (1717/2400)
game 1718: B 1/2-1/2 (us: draw)  [430+849=439-]  (1718/2400)
game 1719: W 0-1     (us: loss)  [430+849=440-]  (1719/2400)
game 1720: B 1-0     (us: loss)  [430+849=441-]  (1720/2400)
game 1721: W 1/2-1/2 (us: draw)  [430+850=441-]  (1721/2400)
game 1722: B 1/2-1/2 (us: draw)  [430+851=441-]  (1722/2400)
game 1723: W 1/2-1/2 (us: draw)  [430+852=441-]  (1723/2400)
game 1724: B 1/2-1/2 (us: draw)  [430+853=441-]  (1724/2400)
game 1725: W 1-0     (us: win)  [431+853=441-]  (1725/2400)
game 1726: B 1/2-1/2 (us: draw)  [431+854=441-]  (1726/2400)
game 1727: W 1/2-1/2 (us: draw)  [431+855=441-]  (1727/2400)
game 1728: B 1-0     (us: loss)  [431+855=442-]  (1728/2400)
game 1729: W 0-1     (us: loss)  [431+855=443-]  (1729/2400)
game 1730: B 0-1     (us: win)  [432+855=443-]  (1730/2400)
game 1731: W 1/2-1/2 (us: draw)  [432+856=443-]  (1731/2400)
game 1732: B 1/2-1/2 (us: draw)  [432+857=443-]  (1732/2400)
game 1733: W 1/2-1/2 (us: draw)  [432+858=443-]  (1733/2400)
game 1734: B 0-1     (us: win)  [433+858=443-]  (1734/2400)
game 1735: W 1/2-1/2 (us: draw)  [433+859=443-]  (1735/2400)
game 1736: B 1/2-1/2 (us: draw)  [433+860=443-]  (1736/2400)
game 1737: W 1-0     (us: win)  [434+860=443-]  (1737/2400)
game 1738: B 1-0     (us: loss)  [434+860=444-]  (1738/2400)
game 1739: W 0-1     (us: loss)  [434+860=445-]  (1739/2400)
game 1740: B 0-1     (us: win)  [435+860=445-]  (1740/2400)
game 1741: W 1-0     (us: win)  [436+860=445-]  (1741/2400)
game 1742: B 1/2-1/2 (us: draw)  [436+861=445-]  (1742/2400)
game 1743: W 1/2-1/2 (us: draw)  [436+862=445-]  (1743/2400)
game 1744: B 1-0     (us: loss)  [436+862=446-]  (1744/2400)
game 1745: W 1/2-1/2 (us: draw)  [436+863=446-]  (1745/2400)
game 1746: B 1/2-1/2 (us: draw)  [436+864=446-]  (1746/2400)
game 1747: W 1/2-1/2 (us: draw)  [436+865=446-]  (1747/2400)
game 1748: B 1-0     (us: loss)  [436+865=447-]  (1748/2400)
game 1749: W 1-0     (us: win)  [437+865=447-]  (1749/2400)
game 1750: B 1/2-1/2 (us: draw)  [437+866=447-]  (1750/2400)
game 1751: W 1/2-1/2 (us: draw)  [437+867=447-]  (1751/2400)
game 1752: B 1/2-1/2 (us: draw)  [437+868=447-]  (1752/2400)
game 1753: W 1-0     (us: win)  [438+868=447-]  (1753/2400)
game 1754: B 1-0     (us: loss)  [438+868=448-]  (1754/2400)
game 1755: W 1/2-1/2 (us: draw)  [438+869=448-]  (1755/2400)
game 1756: B 1/2-1/2 (us: draw)  [438+870=448-]  (1756/2400)
game 1757: W 1-0     (us: win)  [439+870=448-]  (1757/2400)
game 1758: B 1/2-1/2 (us: draw)  [439+871=448-]  (1758/2400)
game 1759: W 1-0     (us: win)  [440+871=448-]  (1759/2400)
game 1760: B 1-0     (us: loss)  [440+871=449-]  (1760/2400)
game 1761: W 0-1     (us: loss)  [440+871=450-]  (1761/2400)
game 1762: B 0-1     (us: win)  [441+871=450-]  (1762/2400)
game 1763: W 1-0     (us: win)  [442+871=450-]  (1763/2400)
game 1764: B 1/2-1/2 (us: draw)  [442+872=450-]  (1764/2400)
game 1765: W 1-0     (us: win)  [443+872=450-]  (1765/2400)
game 1766: B 1-0     (us: loss)  [443+872=451-]  (1766/2400)
game 1767: W 1/2-1/2 (us: draw)  [443+873=451-]  (1767/2400)
game 1768: B 1/2-1/2 (us: draw)  [443+874=451-]  (1768/2400)
game 1769: W 0-1     (us: loss)  [443+874=452-]  (1769/2400)
game 1770: B 1/2-1/2 (us: draw)  [443+875=452-]  (1770/2400)
game 1771: W 1/2-1/2 (us: draw)  [443+876=452-]  (1771/2400)
game 1772: B 0-1     (us: win)  [444+876=452-]  (1772/2400)
game 1773: W 1/2-1/2 (us: draw)  [444+877=452-]  (1773/2400)
game 1774: B 1/2-1/2 (us: draw)  [444+878=452-]  (1774/2400)
game 1775: W 1/2-1/2 (us: draw)  [444+879=452-]  (1775/2400)
game 1776: B 0-1     (us: win)  [445+879=452-]  (1776/2400)
game 1777: W 1/2-1/2 (us: draw)  [445+880=452-]  (1777/2400)
game 1778: B 1/2-1/2 (us: draw)  [445+881=452-]  (1778/2400)
game 1779: W 0-1     (us: loss)  [445+881=453-]  (1779/2400)
game 1780: B 1/2-1/2 (us: draw)  [445+882=453-]  (1780/2400)
game 1781: W 1/2-1/2 (us: draw)  [445+883=453-]  (1781/2400)
game 1782: B 1/2-1/2 (us: draw)  [445+884=453-]  (1782/2400)
game 1783: W 1-0     (us: win)  [446+884=453-]  (1783/2400)
game 1784: B 1/2-1/2 (us: draw)  [446+885=453-]  (1784/2400)
game 1785: W 1/2-1/2 (us: draw)  [446+886=453-]  (1785/2400)
game 1786: B 1-0     (us: loss)  [446+886=454-]  (1786/2400)
game 1787: W 1-0     (us: win)  [447+886=454-]  (1787/2400)
game 1788: B 1-0     (us: loss)  [447+886=455-]  (1788/2400)
game 1789: W 0-1     (us: loss)  [447+886=456-]  (1789/2400)
game 1790: B 1/2-1/2 (us: draw)  [447+887=456-]  (1790/2400)
game 1791: W 1/2-1/2 (us: draw)  [447+888=456-]  (1791/2400)
game 1792: B 0-1     (us: win)  [448+888=456-]  (1792/2400)
game 1793: W 0-1     (us: loss)  [448+888=457-]  (1793/2400)
game 1794: B 0-1     (us: win)  [449+888=457-]  (1794/2400)
game 1795: W 1/2-1/2 (us: draw)  [449+889=457-]  (1795/2400)
game 1796: B 0-1     (us: win)  [450+889=457-]  (1796/2400)
game 1797: W 1/2-1/2 (us: draw)  [450+890=457-]  (1797/2400)
game 1798: B 1/2-1/2 (us: draw)  [450+891=457-]  (1798/2400)
game 1799: W 0-1     (us: loss)  [450+891=458-]  (1799/2400)
game 1800: B 1/2-1/2 (us: draw)  [450+892=458-]  (1800/2400)
game 1801: W 1-0     (us: win)  [451+892=458-]  (1801/2400)
game 1802: B 1-0     (us: loss)  [451+892=459-]  (1802/2400)
game 1803: W 1/2-1/2 (us: draw)  [451+893=459-]  (1803/2400)
game 1804: B 1/2-1/2 (us: draw)  [451+894=459-]  (1804/2400)
game 1805: W 1/2-1/2 (us: draw)  [451+895=459-]  (1805/2400)
game 1806: B 1-0     (us: loss)  [451+895=460-]  (1806/2400)
game 1807: W 1/2-1/2 (us: draw)  [451+896=460-]  (1807/2400)
game 1808: B 1-0     (us: loss)  [451+896=461-]  (1808/2400)
game 1809: W 1/2-1/2 (us: draw)  [451+897=461-]  (1809/2400)
game 1810: B 1/2-1/2 (us: draw)  [451+898=461-]  (1810/2400)
game 1811: W 1/2-1/2 (us: draw)  [451+899=461-]  (1811/2400)
game 1812: B 0-1     (us: win)  [452+899=461-]  (1812/2400)
game 1813: W 1/2-1/2 (us: draw)  [452+900=461-]  (1813/2400)
game 1814: B 1/2-1/2 (us: draw)  [452+901=461-]  (1814/2400)
game 1815: W 1-0     (us: win)  [453+901=461-]  (1815/2400)
game 1816: B 1/2-1/2 (us: draw)  [453+902=461-]  (1816/2400)
game 1817: W 1/2-1/2 (us: draw)  [453+903=461-]  (1817/2400)
game 1818: B 1/2-1/2 (us: draw)  [453+904=461-]  (1818/2400)
game 1819: W 1-0     (us: win)  [454+904=461-]  (1819/2400)
game 1820: B 1/2-1/2 (us: draw)  [454+905=461-]  (1820/2400)
game 1821: W 1/2-1/2 (us: draw)  [454+906=461-]  (1821/2400)
game 1822: B 1-0     (us: loss)  [454+906=462-]  (1822/2400)
game 1823: W 1/2-1/2 (us: draw)  [454+907=462-]  (1823/2400)
game 1824: B 1/2-1/2 (us: draw)  [454+908=462-]  (1824/2400)
game 1825: W 1/2-1/2 (us: draw)  [454+909=462-]  (1825/2400)
game 1826: B 1/2-1/2 (us: draw)  [454+910=462-]  (1826/2400)
game 1827: W 0-1     (us: loss)  [454+910=463-]  (1827/2400)
game 1828: B 1/2-1/2 (us: draw)  [454+911=463-]  (1828/2400)
game 1829: W 0-1     (us: loss)  [454+911=464-]  (1829/2400)
game 1830: B 1/2-1/2 (us: draw)  [454+912=464-]  (1830/2400)
game 1831: W 0-1     (us: loss)  [454+912=465-]  (1831/2400)
game 1832: B 0-1     (us: win)  [455+912=465-]  (1832/2400)
game 1833: W 1/2-1/2 (us: draw)  [455+913=465-]  (1833/2400)
game 1834: B 0-1     (us: win)  [456+913=465-]  (1834/2400)
game 1835: W 1/2-1/2 (us: draw)  [456+914=465-]  (1835/2400)
game 1836: B 1-0     (us: loss)  [456+914=466-]  (1836/2400)
game 1837: W 1-0     (us: win)  [457+914=466-]  (1837/2400)
game 1838: B 0-1     (us: win)  [458+914=466-]  (1838/2400)
game 1839: W 1-0     (us: win)  [459+914=466-]  (1839/2400)
game 1840: B 1/2-1/2 (us: draw)  [459+915=466-]  (1840/2400)
game 1841: W 1/2-1/2 (us: draw)  [459+916=466-]  (1841/2400)
game 1842: B 1-0     (us: loss)  [459+916=467-]  (1842/2400)
game 1843: W 1/2-1/2 (us: draw)  [459+917=467-]  (1843/2400)
game 1844: B 1/2-1/2 (us: draw)  [459+918=467-]  (1844/2400)
game 1845: W 1/2-1/2 (us: draw)  [459+919=467-]  (1845/2400)
game 1846: B 1-0     (us: loss)  [459+919=468-]  (1846/2400)
game 1847: W 0-1     (us: loss)  [459+919=469-]  (1847/2400)
game 1848: B 0-1     (us: win)  [460+919=469-]  (1848/2400)
game 1849: W 1/2-1/2 (us: draw)  [460+920=469-]  (1849/2400)
game 1850: B 1/2-1/2 (us: draw)  [460+921=469-]  (1850/2400)
game 1851: W 1/2-1/2 (us: draw)  [460+922=469-]  (1851/2400)
game 1852: B 0-1     (us: win)  [461+922=469-]  (1852/2400)
game 1853: W 1/2-1/2 (us: draw)  [461+923=469-]  (1853/2400)
game 1854: B 1/2-1/2 (us: draw)  [461+924=469-]  (1854/2400)
game 1855: W 1/2-1/2 (us: draw)  [461+925=469-]  (1855/2400)
game 1856: B 0-1     (us: win)  [462+925=469-]  (1856/2400)
game 1857: W 1/2-1/2 (us: draw)  [462+926=469-]  (1857/2400)
game 1858: B 1/2-1/2 (us: draw)  [462+927=469-]  (1858/2400)
game 1859: W 1/2-1/2 (us: draw)  [462+928=469-]  (1859/2400)
game 1860: B 1-0     (us: loss)  [462+928=470-]  (1860/2400)
game 1861: W 1-0     (us: win)  [463+928=470-]  (1861/2400)
game 1862: B 1/2-1/2 (us: draw)  [463+929=470-]  (1862/2400)
game 1863: W 1-0     (us: win)  [464+929=470-]  (1863/2400)
game 1864: B 1-0     (us: loss)  [464+929=471-]  (1864/2400)
game 1865: W 1/2-1/2 (us: draw)  [464+930=471-]  (1865/2400)
game 1866: B 1-0     (us: loss)  [464+930=472-]  (1866/2400)
game 1867: W 0-1     (us: loss)  [464+930=473-]  (1867/2400)
game 1868: B 0-1     (us: win)  [465+930=473-]  (1868/2400)
game 1869: W 1-0     (us: win)  [466+930=473-]  (1869/2400)
game 1870: B 1/2-1/2 (us: draw)  [466+931=473-]  (1870/2400)
game 1871: W 0-1     (us: loss)  [466+931=474-]  (1871/2400)
game 1872: B 1-0     (us: loss)  [466+931=475-]  (1872/2400)
game 1873: W 1-0     (us: win)  [467+931=475-]  (1873/2400)
game 1874: B 0-1     (us: win)  [468+931=475-]  (1874/2400)
game 1875: W 0-1     (us: loss)  [468+931=476-]  (1875/2400)
game 1876: B 1-0     (us: loss)  [468+931=477-]  (1876/2400)
game 1877: W 1-0     (us: win)  [469+931=477-]  (1877/2400)
game 1878: B 1-0     (us: loss)  [469+931=478-]  (1878/2400)
game 1879: W 0-1     (us: loss)  [469+931=479-]  (1879/2400)
game 1880: B 1/2-1/2 (us: draw)  [469+932=479-]  (1880/2400)
game 1881: W 0-1     (us: loss)  [469+932=480-]  (1881/2400)
game 1882: B 0-1     (us: win)  [470+932=480-]  (1882/2400)
game 1883: W 1-0     (us: win)  [471+932=480-]  (1883/2400)
game 1884: B 1/2-1/2 (us: draw)  [471+933=480-]  (1884/2400)
game 1885: W 1-0     (us: win)  [472+933=480-]  (1885/2400)
game 1886: B 1-0     (us: loss)  [472+933=481-]  (1886/2400)
game 1887: W 1-0     (us: win)  [473+933=481-]  (1887/2400)
game 1888: B 1/2-1/2 (us: draw)  [473+934=481-]  (1888/2400)
game 1889: W 0-1     (us: loss)  [473+934=482-]  (1889/2400)
game 1890: B 1-0     (us: loss)  [473+934=483-]  (1890/2400)
game 1891: W 1/2-1/2 (us: draw)  [473+935=483-]  (1891/2400)
game 1892: B 1/2-1/2 (us: draw)  [473+936=483-]  (1892/2400)
game 1893: W 1-0     (us: win)  [474+936=483-]  (1893/2400)
game 1894: B 1/2-1/2 (us: draw)  [474+937=483-]  (1894/2400)
game 1895: W 1/2-1/2 (us: draw)  [474+938=483-]  (1895/2400)
game 1896: B 0-1     (us: win)  [475+938=483-]  (1896/2400)
game 1897: W 0-1     (us: loss)  [475+938=484-]  (1897/2400)
game 1898: B 1-0     (us: loss)  [475+938=485-]  (1898/2400)
game 1899: W 1/2-1/2 (us: draw)  [475+939=485-]  (1899/2400)
game 1900: B 1/2-1/2 (us: draw)  [475+940=485-]  (1900/2400)
game 1901: W 0-1     (us: loss)  [475+940=486-]  (1901/2400)
game 1902: B 1/2-1/2 (us: draw)  [475+941=486-]  (1902/2400)
game 1903: W 1/2-1/2 (us: draw)  [475+942=486-]  (1903/2400)
game 1904: B 1-0     (us: loss)  [475+942=487-]  (1904/2400)
game 1905: W 1/2-1/2 (us: draw)  [475+943=487-]  (1905/2400)
game 1906: B 1-0     (us: loss)  [475+943=488-]  (1906/2400)
game 1907: W 1-0     (us: win)  [476+943=488-]  (1907/2400)
game 1908: B 1/2-1/2 (us: draw)  [476+944=488-]  (1908/2400)
game 1909: W 1-0     (us: win)  [477+944=488-]  (1909/2400)
game 1910: B 0-1     (us: win)  [478+944=488-]  (1910/2400)
game 1911: W 1-0     (us: win)  [479+944=488-]  (1911/2400)
game 1912: B 1-0     (us: loss)  [479+944=489-]  (1912/2400)
game 1913: W 0-1     (us: loss)  [479+944=490-]  (1913/2400)
game 1914: B 0-1     (us: win)  [480+944=490-]  (1914/2400)
game 1915: W 1-0     (us: win)  [481+944=490-]  (1915/2400)
game 1916: B 0-1     (us: win)  [482+944=490-]  (1916/2400)
game 1917: W 1/2-1/2 (us: draw)  [482+945=490-]  (1917/2400)
game 1918: B 0-1     (us: win)  [483+945=490-]  (1918/2400)
game 1919: W 1-0     (us: win)  [484+945=490-]  (1919/2400)
game 1920: B 1/2-1/2 (us: draw)  [484+946=490-]  (1920/2400)
game 1921: W 1-0     (us: win)  [485+946=490-]  (1921/2400)
game 1922: B 1/2-1/2 (us: draw)  [485+947=490-]  (1922/2400)
game 1923: W 1/2-1/2 (us: draw)  [485+948=490-]  (1923/2400)
game 1924: B 1/2-1/2 (us: draw)  [485+949=490-]  (1924/2400)
game 1925: W 0-1     (us: loss)  [485+949=491-]  (1925/2400)
game 1926: B 1/2-1/2 (us: draw)  [485+950=491-]  (1926/2400)
game 1927: W 1/2-1/2 (us: draw)  [485+951=491-]  (1927/2400)
game 1928: B 1-0     (us: loss)  [485+951=492-]  (1928/2400)
game 1929: W 1/2-1/2 (us: draw)  [485+952=492-]  (1929/2400)
game 1930: B 1-0     (us: loss)  [485+952=493-]  (1930/2400)
game 1931: W 0-1     (us: loss)  [485+952=494-]  (1931/2400)
game 1932: B 1/2-1/2 (us: draw)  [485+953=494-]  (1932/2400)
game 1933: W 1-0     (us: win)  [486+953=494-]  (1933/2400)
game 1934: B 1/2-1/2 (us: draw)  [486+954=494-]  (1934/2400)
game 1935: W 0-1     (us: loss)  [486+954=495-]  (1935/2400)
game 1936: B 0-1     (us: win)  [487+954=495-]  (1936/2400)
game 1937: W 0-1     (us: loss)  [487+954=496-]  (1937/2400)
game 1938: B 0-1     (us: win)  [488+954=496-]  (1938/2400)
game 1939: W 1-0     (us: win)  [489+954=496-]  (1939/2400)
game 1940: B 1-0     (us: loss)  [489+954=497-]  (1940/2400)
game 1941: W 1/2-1/2 (us: draw)  [489+955=497-]  (1941/2400)
game 1942: B 1-0     (us: loss)  [489+955=498-]  (1942/2400)
game 1943: W 1-0     (us: win)  [490+955=498-]  (1943/2400)
game 1944: B 1/2-1/2 (us: draw)  [490+956=498-]  (1944/2400)
game 1945: W 1/2-1/2 (us: draw)  [490+957=498-]  (1945/2400)
game 1946: B 1/2-1/2 (us: draw)  [490+958=498-]  (1946/2400)
game 1947: W 1/2-1/2 (us: draw)  [490+959=498-]  (1947/2400)
game 1948: B 1/2-1/2 (us: draw)  [490+960=498-]  (1948/2400)
game 1949: W 0-1     (us: loss)  [490+960=499-]  (1949/2400)
game 1950: B 1/2-1/2 (us: draw)  [490+961=499-]  (1950/2400)
game 1951: W 1-0     (us: win)  [491+961=499-]  (1951/2400)
game 1952: B 1-0     (us: loss)  [491+961=500-]  (1952/2400)
game 1953: W 1/2-1/2 (us: draw)  [491+962=500-]  (1953/2400)
game 1954: B 1/2-1/2 (us: draw)  [491+963=500-]  (1954/2400)
game 1955: W 0-1     (us: loss)  [491+963=501-]  (1955/2400)
game 1956: B 1/2-1/2 (us: draw)  [491+964=501-]  (1956/2400)
game 1957: W 1/2-1/2 (us: draw)  [491+965=501-]  (1957/2400)
game 1958: B 0-1     (us: win)  [492+965=501-]  (1958/2400)
game 1959: W 1-0     (us: win)  [493+965=501-]  (1959/2400)
game 1960: B 1/2-1/2 (us: draw)  [493+966=501-]  (1960/2400)
game 1961: W 1-0     (us: win)  [494+966=501-]  (1961/2400)
game 1962: B 1/2-1/2 (us: draw)  [494+967=501-]  (1962/2400)
game 1963: W 1/2-1/2 (us: draw)  [494+968=501-]  (1963/2400)
game 1964: B 0-1     (us: win)  [495+968=501-]  (1964/2400)
game 1965: W 1-0     (us: win)  [496+968=501-]  (1965/2400)
game 1966: B 1-0     (us: loss)  [496+968=502-]  (1966/2400)
game 1967: W 1/2-1/2 (us: draw)  [496+969=502-]  (1967/2400)
game 1968: B 0-1     (us: win)  [497+969=502-]  (1968/2400)
game 1969: W 0-1     (us: loss)  [497+969=503-]  (1969/2400)
game 1970: B 1/2-1/2 (us: draw)  [497+970=503-]  (1970/2400)
game 1971: W 0-1     (us: loss)  [497+970=504-]  (1971/2400)
game 1972: B 1/2-1/2 (us: draw)  [497+971=504-]  (1972/2400)
game 1973: W 1/2-1/2 (us: draw)  [497+972=504-]  (1973/2400)
game 1974: B 1-0     (us: loss)  [497+972=505-]  (1974/2400)
game 1975: W 1-0     (us: win)  [498+972=505-]  (1975/2400)
game 1976: B 1/2-1/2 (us: draw)  [498+973=505-]  (1976/2400)
game 1977: W 0-1     (us: loss)  [498+973=506-]  (1977/2400)
game 1978: B 1/2-1/2 (us: draw)  [498+974=506-]  (1978/2400)
game 1979: W 1/2-1/2 (us: draw)  [498+975=506-]  (1979/2400)
game 1980: B 1/2-1/2 (us: draw)  [498+976=506-]  (1980/2400)
game 1981: W 1-0     (us: win)  [499+976=506-]  (1981/2400)
game 1982: B 1/2-1/2 (us: draw)  [499+977=506-]  (1982/2400)
game 1983: W 1/2-1/2 (us: draw)  [499+978=506-]  (1983/2400)
game 1984: B 1-0     (us: loss)  [499+978=507-]  (1984/2400)
game 1985: W 1-0     (us: win)  [500+978=507-]  (1985/2400)
game 1986: B 1/2-1/2 (us: draw)  [500+979=507-]  (1986/2400)
game 1987: W 1-0     (us: win)  [501+979=507-]  (1987/2400)
game 1988: B 1-0     (us: loss)  [501+979=508-]  (1988/2400)
game 1989: W 1-0     (us: win)  [502+979=508-]  (1989/2400)
game 1990: B 0-1     (us: win)  [503+979=508-]  (1990/2400)
game 1991: W 1-0     (us: win)  [504+979=508-]  (1991/2400)
game 1992: B 1-0     (us: loss)  [504+979=509-]  (1992/2400)
game 1993: W 1/2-1/2 (us: draw)  [504+980=509-]  (1993/2400)
game 1994: B 1/2-1/2 (us: draw)  [504+981=509-]  (1994/2400)
game 1995: W 1/2-1/2 (us: draw)  [504+982=509-]  (1995/2400)
game 1996: B 0-1     (us: win)  [505+982=509-]  (1996/2400)
game 1997: W 1/2-1/2 (us: draw)  [505+983=509-]  (1997/2400)
game 1998: B 0-1     (us: win)  [506+983=509-]  (1998/2400)
game 1999: W 1/2-1/2 (us: draw)  [506+984=509-]  (1999/2400)
game 2000: B 0-1     (us: win)  [507+984=509-]  (2000/2400)
game 2001: W 1/2-1/2 (us: draw)  [507+985=509-]  (2001/2400)
game 2002: B 0-1     (us: win)  [508+985=509-]  (2002/2400)
game 2003: W 1/2-1/2 (us: draw)  [508+986=509-]  (2003/2400)
game 2004: B 0-1     (us: win)  [509+986=509-]  (2004/2400)
game 2005: W 0-1     (us: loss)  [509+986=510-]  (2005/2400)
game 2006: B 1-0     (us: loss)  [509+986=511-]  (2006/2400)
game 2007: W 1-0     (us: win)  [510+986=511-]  (2007/2400)
game 2008: B 1-0     (us: loss)  [510+986=512-]  (2008/2400)
game 2009: W 1-0     (us: win)  [511+986=512-]  (2009/2400)
game 2010: B 1-0     (us: loss)  [511+986=513-]  (2010/2400)
game 2011: W 0-1     (us: loss)  [511+986=514-]  (2011/2400)
game 2012: B 1/2-1/2 (us: draw)  [511+987=514-]  (2012/2400)
game 2013: W 1-0     (us: win)  [512+987=514-]  (2013/2400)
game 2014: B 1-0     (us: loss)  [512+987=515-]  (2014/2400)
game 2015: W 1-0     (us: win)  [513+987=515-]  (2015/2400)
game 2016: B 1-0     (us: loss)  [513+987=516-]  (2016/2400)
game 2017: W 1/2-1/2 (us: draw)  [513+988=516-]  (2017/2400)
game 2018: B 1-0     (us: loss)  [513+988=517-]  (2018/2400)
game 2019: W 1-0     (us: win)  [514+988=517-]  (2019/2400)
game 2020: B 1-0     (us: loss)  [514+988=518-]  (2020/2400)
game 2021: W 1/2-1/2 (us: draw)  [514+989=518-]  (2021/2400)
game 2022: B 1/2-1/2 (us: draw)  [514+990=518-]  (2022/2400)
game 2023: W 0-1     (us: loss)  [514+990=519-]  (2023/2400)
game 2024: B 1-0     (us: loss)  [514+990=520-]  (2024/2400)
game 2025: W 1/2-1/2 (us: draw)  [514+991=520-]  (2025/2400)
game 2026: B 0-1     (us: win)  [515+991=520-]  (2026/2400)
game 2027: W 1-0     (us: win)  [516+991=520-]  (2027/2400)
game 2028: B 0-1     (us: win)  [517+991=520-]  (2028/2400)
game 2029: W 1-0     (us: win)  [518+991=520-]  (2029/2400)
game 2030: B 1/2-1/2 (us: draw)  [518+992=520-]  (2030/2400)
game 2031: W 1/2-1/2 (us: draw)  [518+993=520-]  (2031/2400)
game 2032: B 1/2-1/2 (us: draw)  [518+994=520-]  (2032/2400)
game 2033: W 0-1     (us: loss)  [518+994=521-]  (2033/2400)
game 2034: B 0-1     (us: win)  [519+994=521-]  (2034/2400)
game 2035: W 1/2-1/2 (us: draw)  [519+995=521-]  (2035/2400)
game 2036: B 0-1     (us: win)  [520+995=521-]  (2036/2400)
game 2037: W 1/2-1/2 (us: draw)  [520+996=521-]  (2037/2400)
game 2038: B 1-0     (us: loss)  [520+996=522-]  (2038/2400)
game 2039: W 1/2-1/2 (us: draw)  [520+997=522-]  (2039/2400)
game 2040: B 1/2-1/2 (us: draw)  [520+998=522-]  (2040/2400)
game 2041: W 1-0     (us: win)  [521+998=522-]  (2041/2400)
game 2042: B 1/2-1/2 (us: draw)  [521+999=522-]  (2042/2400)
game 2043: W 1/2-1/2 (us: draw)  [521+1000=522-]  (2043/2400)
game 2044: B 1-0     (us: loss)  [521+1000=523-]  (2044/2400)
game 2045: W 0-1     (us: loss)  [521+1000=524-]  (2045/2400)
game 2046: B 0-1     (us: win)  [522+1000=524-]  (2046/2400)
game 2047: W 1-0     (us: win)  [523+1000=524-]  (2047/2400)
game 2048: B 1/2-1/2 (us: draw)  [523+1001=524-]  (2048/2400)
game 2049: W 1/2-1/2 (us: draw)  [523+1002=524-]  (2049/2400)
game 2050: B 1/2-1/2 (us: draw)  [523+1003=524-]  (2050/2400)
game 2051: W 1/2-1/2 (us: draw)  [523+1004=524-]  (2051/2400)
game 2052: B 1/2-1/2 (us: draw)  [523+1005=524-]  (2052/2400)
game 2053: W 1/2-1/2 (us: draw)  [523+1006=524-]  (2053/2400)
game 2054: B 0-1     (us: win)  [524+1006=524-]  (2054/2400)
game 2055: W 1-0     (us: win)  [525+1006=524-]  (2055/2400)
game 2056: B 0-1     (us: win)  [526+1006=524-]  (2056/2400)
game 2057: W 1/2-1/2 (us: draw)  [526+1007=524-]  (2057/2400)
game 2058: B 1-0     (us: loss)  [526+1007=525-]  (2058/2400)
game 2059: W 1/2-1/2 (us: draw)  [526+1008=525-]  (2059/2400)
game 2060: B 1/2-1/2 (us: draw)  [526+1009=525-]  (2060/2400)
game 2061: W 1-0     (us: win)  [527+1009=525-]  (2061/2400)
game 2062: B 1/2-1/2 (us: draw)  [527+1010=525-]  (2062/2400)
game 2063: W 1/2-1/2 (us: draw)  [527+1011=525-]  (2063/2400)
game 2064: B 0-1     (us: win)  [528+1011=525-]  (2064/2400)
game 2065: W 1/2-1/2 (us: draw)  [528+1012=525-]  (2065/2400)
game 2066: B 0-1     (us: win)  [529+1012=525-]  (2066/2400)
game 2067: W 1-0     (us: win)  [530+1012=525-]  (2067/2400)
game 2068: B 1/2-1/2 (us: draw)  [530+1013=525-]  (2068/2400)
game 2069: W 1/2-1/2 (us: draw)  [530+1014=525-]  (2069/2400)
game 2070: B 0-1     (us: win)  [531+1014=525-]  (2070/2400)
game 2071: W 0-1     (us: loss)  [531+1014=526-]  (2071/2400)
game 2072: B 1/2-1/2 (us: draw)  [531+1015=526-]  (2072/2400)
game 2073: W 1/2-1/2 (us: draw)  [531+1016=526-]  (2073/2400)
game 2074: B 0-1     (us: win)  [532+1016=526-]  (2074/2400)
game 2075: W 1/2-1/2 (us: draw)  [532+1017=526-]  (2075/2400)
game 2076: B 1/2-1/2 (us: draw)  [532+1018=526-]  (2076/2400)
game 2077: W 1-0     (us: win)  [533+1018=526-]  (2077/2400)
game 2078: B 0-1     (us: win)  [534+1018=526-]  (2078/2400)
game 2079: W 1/2-1/2 (us: draw)  [534+1019=526-]  (2079/2400)
game 2080: B 1/2-1/2 (us: draw)  [534+1020=526-]  (2080/2400)
game 2081: W 1/2-1/2 (us: draw)  [534+1021=526-]  (2081/2400)
game 2082: B 1/2-1/2 (us: draw)  [534+1022=526-]  (2082/2400)
game 2083: W 1-0     (us: win)  [535+1022=526-]  (2083/2400)
game 2084: B 1-0     (us: loss)  [535+1022=527-]  (2084/2400)
game 2085: W 1-0     (us: win)  [536+1022=527-]  (2085/2400)
game 2086: B 1-0     (us: loss)  [536+1022=528-]  (2086/2400)
game 2087: W 1-0     (us: win)  [537+1022=528-]  (2087/2400)
game 2088: B 1/2-1/2 (us: draw)  [537+1023=528-]  (2088/2400)
game 2089: W 1-0     (us: win)  [538+1023=528-]  (2089/2400)
game 2090: B 1/2-1/2 (us: draw)  [538+1024=528-]  (2090/2400)
game 2091: W 1/2-1/2 (us: draw)  [538+1025=528-]  (2091/2400)
game 2092: B 1-0     (us: loss)  [538+1025=529-]  (2092/2400)
game 2093: W 1/2-1/2 (us: draw)  [538+1026=529-]  (2093/2400)
game 2094: B 1-0     (us: loss)  [538+1026=530-]  (2094/2400)
game 2095: W 1-0     (us: win)  [539+1026=530-]  (2095/2400)
game 2096: B 1-0     (us: loss)  [539+1026=531-]  (2096/2400)
game 2097: W 1/2-1/2 (us: draw)  [539+1027=531-]  (2097/2400)
game 2098: B 1-0     (us: loss)  [539+1027=532-]  (2098/2400)
game 2099: W 0-1     (us: loss)  [539+1027=533-]  (2099/2400)
game 2100: B 1/2-1/2 (us: draw)  [539+1028=533-]  (2100/2400)
game 2101: W 1-0     (us: win)  [540+1028=533-]  (2101/2400)
game 2102: B 1/2-1/2 (us: draw)  [540+1029=533-]  (2102/2400)
game 2103: W 1-0     (us: win)  [541+1029=533-]  (2103/2400)
game 2104: B 1/2-1/2 (us: draw)  [541+1030=533-]  (2104/2400)
game 2105: W 1/2-1/2 (us: draw)  [541+1031=533-]  (2105/2400)
game 2106: B 0-1     (us: win)  [542+1031=533-]  (2106/2400)
game 2107: W 0-1     (us: loss)  [542+1031=534-]  (2107/2400)
game 2108: B 1-0     (us: loss)  [542+1031=535-]  (2108/2400)
game 2109: W 0-1     (us: loss)  [542+1031=536-]  (2109/2400)
game 2110: B 0-1     (us: win)  [543+1031=536-]  (2110/2400)
game 2111: W 1-0     (us: win)  [544+1031=536-]  (2111/2400)
game 2112: B 0-1     (us: win)  [545+1031=536-]  (2112/2400)
game 2113: W 1-0     (us: win)  [546+1031=536-]  (2113/2400)
game 2114: B 1-0     (us: loss)  [546+1031=537-]  (2114/2400)
game 2115: W 1/2-1/2 (us: draw)  [546+1032=537-]  (2115/2400)
game 2116: B 1-0     (us: loss)  [546+1032=538-]  (2116/2400)
game 2117: W 1/2-1/2 (us: draw)  [546+1033=538-]  (2117/2400)
game 2118: B 1-0     (us: loss)  [546+1033=539-]  (2118/2400)
game 2119: W 1/2-1/2 (us: draw)  [546+1034=539-]  (2119/2400)
game 2120: B 0-1     (us: win)  [547+1034=539-]  (2120/2400)
game 2121: W 1-0     (us: win)  [548+1034=539-]  (2121/2400)
game 2122: B 0-1     (us: win)  [549+1034=539-]  (2122/2400)
game 2123: W 1/2-1/2 (us: draw)  [549+1035=539-]  (2123/2400)
game 2124: B 0-1     (us: win)  [550+1035=539-]  (2124/2400)
game 2125: W 1/2-1/2 (us: draw)  [550+1036=539-]  (2125/2400)
game 2126: B 1/2-1/2 (us: draw)  [550+1037=539-]  (2126/2400)
game 2127: W 1/2-1/2 (us: draw)  [550+1038=539-]  (2127/2400)
game 2128: B 1/2-1/2 (us: draw)  [550+1039=539-]  (2128/2400)
game 2129: W 1/2-1/2 (us: draw)  [550+1040=539-]  (2129/2400)
game 2130: B 1-0     (us: loss)  [550+1040=540-]  (2130/2400)
game 2131: W 1/2-1/2 (us: draw)  [550+1041=540-]  (2131/2400)
game 2132: B 1-0     (us: loss)  [550+1041=541-]  (2132/2400)
game 2133: W 1/2-1/2 (us: draw)  [550+1042=541-]  (2133/2400)
game 2134: B 0-1     (us: win)  [551+1042=541-]  (2134/2400)
game 2135: W 1/2-1/2 (us: draw)  [551+1043=541-]  (2135/2400)
game 2136: B 0-1     (us: win)  [552+1043=541-]  (2136/2400)
game 2137: W 1-0     (us: win)  [553+1043=541-]  (2137/2400)
game 2138: B 1/2-1/2 (us: draw)  [553+1044=541-]  (2138/2400)
game 2139: W 1/2-1/2 (us: draw)  [553+1045=541-]  (2139/2400)
game 2140: B 1/2-1/2 (us: draw)  [553+1046=541-]  (2140/2400)
game 2141: W 1/2-1/2 (us: draw)  [553+1047=541-]  (2141/2400)
game 2142: B 1/2-1/2 (us: draw)  [553+1048=541-]  (2142/2400)
game 2143: W 1/2-1/2 (us: draw)  [553+1049=541-]  (2143/2400)
game 2144: B 1-0     (us: loss)  [553+1049=542-]  (2144/2400)
game 2145: W 1-0     (us: win)  [554+1049=542-]  (2145/2400)
game 2146: B 0-1     (us: win)  [555+1049=542-]  (2146/2400)
game 2147: W 0-1     (us: loss)  [555+1049=543-]  (2147/2400)
game 2148: B 1/2-1/2 (us: draw)  [555+1050=543-]  (2148/2400)
game 2149: W 1/2-1/2 (us: draw)  [555+1051=543-]  (2149/2400)
game 2150: B 1/2-1/2 (us: draw)  [555+1052=543-]  (2150/2400)
game 2151: W 0-1     (us: loss)  [555+1052=544-]  (2151/2400)
game 2152: B 1-0     (us: loss)  [555+1052=545-]  (2152/2400)
game 2153: W 0-1     (us: loss)  [555+1052=546-]  (2153/2400)
game 2154: B 0-1     (us: win)  [556+1052=546-]  (2154/2400)
game 2155: W 1/2-1/2 (us: draw)  [556+1053=546-]  (2155/2400)
game 2156: B 0-1     (us: win)  [557+1053=546-]  (2156/2400)
game 2157: W 1-0     (us: win)  [558+1053=546-]  (2157/2400)
game 2158: B 1/2-1/2 (us: draw)  [558+1054=546-]  (2158/2400)
game 2159: W 1/2-1/2 (us: draw)  [558+1055=546-]  (2159/2400)
game 2160: B 1/2-1/2 (us: draw)  [558+1056=546-]  (2160/2400)
game 2161: W 1/2-1/2 (us: draw)  [558+1057=546-]  (2161/2400)
game 2162: B 1/2-1/2 (us: draw)  [558+1058=546-]  (2162/2400)
game 2163: W 0-1     (us: loss)  [558+1058=547-]  (2163/2400)
game 2164: B 1/2-1/2 (us: draw)  [558+1059=547-]  (2164/2400)
game 2165: W 1-0     (us: win)  [559+1059=547-]  (2165/2400)
game 2166: B 1/2-1/2 (us: draw)  [559+1060=547-]  (2166/2400)
game 2167: W 1-0     (us: win)  [560+1060=547-]  (2167/2400)
game 2168: B 1-0     (us: loss)  [560+1060=548-]  (2168/2400)
game 2169: W 1/2-1/2 (us: draw)  [560+1061=548-]  (2169/2400)
game 2170: B 1-0     (us: loss)  [560+1061=549-]  (2170/2400)
game 2171: W 1/2-1/2 (us: draw)  [560+1062=549-]  (2171/2400)
game 2172: B 1/2-1/2 (us: draw)  [560+1063=549-]  (2172/2400)
game 2173: W 1/2-1/2 (us: draw)  [560+1064=549-]  (2173/2400)
game 2174: B 1/2-1/2 (us: draw)  [560+1065=549-]  (2174/2400)
game 2175: W 0-1     (us: loss)  [560+1065=550-]  (2175/2400)
game 2176: B 0-1     (us: win)  [561+1065=550-]  (2176/2400)
game 2177: W 1/2-1/2 (us: draw)  [561+1066=550-]  (2177/2400)
game 2178: B 0-1     (us: win)  [562+1066=550-]  (2178/2400)
game 2179: W 1/2-1/2 (us: draw)  [562+1067=550-]  (2179/2400)
game 2180: B 0-1     (us: win)  [563+1067=550-]  (2180/2400)
game 2181: W 0-1     (us: loss)  [563+1067=551-]  (2181/2400)
game 2182: B 0-1     (us: win)  [564+1067=551-]  (2182/2400)
game 2183: W 0-1     (us: loss)  [564+1067=552-]  (2183/2400)
game 2184: B 1-0     (us: loss)  [564+1067=553-]  (2184/2400)
game 2185: W 0-1     (us: loss)  [564+1067=554-]  (2185/2400)
game 2186: B 0-1     (us: win)  [565+1067=554-]  (2186/2400)
game 2187: W 1/2-1/2 (us: draw)  [565+1068=554-]  (2187/2400)
game 2188: B 1/2-1/2 (us: draw)  [565+1069=554-]  (2188/2400)
game 2189: W 1-0     (us: win)  [566+1069=554-]  (2189/2400)
game 2190: B 1/2-1/2 (us: draw)  [566+1070=554-]  (2190/2400)
game 2191: W 1/2-1/2 (us: draw)  [566+1071=554-]  (2191/2400)
game 2192: B 0-1     (us: win)  [567+1071=554-]  (2192/2400)
game 2193: W 1/2-1/2 (us: draw)  [567+1072=554-]  (2193/2400)
game 2194: B 1-0     (us: loss)  [567+1072=555-]  (2194/2400)
game 2195: W 1/2-1/2 (us: draw)  [567+1073=555-]  (2195/2400)
game 2196: B 1-0     (us: loss)  [567+1073=556-]  (2196/2400)
game 2197: W 0-1     (us: loss)  [567+1073=557-]  (2197/2400)
game 2198: B 0-1     (us: win)  [568+1073=557-]  (2198/2400)
game 2199: W 1/2-1/2 (us: draw)  [568+1074=557-]  (2199/2400)
game 2200: B 1/2-1/2 (us: draw)  [568+1075=557-]  (2200/2400)
game 2201: W 1-0     (us: win)  [569+1075=557-]  (2201/2400)
game 2202: B 1/2-1/2 (us: draw)  [569+1076=557-]  (2202/2400)
game 2203: W 1/2-1/2 (us: draw)  [569+1077=557-]  (2203/2400)
game 2204: B 1/2-1/2 (us: draw)  [569+1078=557-]  (2204/2400)
game 2205: W 1-0     (us: win)  [570+1078=557-]  (2205/2400)
game 2206: B 1-0     (us: loss)  [570+1078=558-]  (2206/2400)
game 2207: W 0-1     (us: loss)  [570+1078=559-]  (2207/2400)
game 2208: B 0-1     (us: win)  [571+1078=559-]  (2208/2400)
game 2209: W 1-0     (us: win)  [572+1078=559-]  (2209/2400)
game 2210: B 1/2-1/2 (us: draw)  [572+1079=559-]  (2210/2400)
game 2211: W 0-1     (us: loss)  [572+1079=560-]  (2211/2400)
game 2212: B 1-0     (us: loss)  [572+1079=561-]  (2212/2400)
game 2213: W 1-0     (us: win)  [573+1079=561-]  (2213/2400)
game 2214: B 0-1     (us: win)  [574+1079=561-]  (2214/2400)
game 2215: W 1-0     (us: win)  [575+1079=561-]  (2215/2400)
game 2216: B 1-0     (us: loss)  [575+1079=562-]  (2216/2400)
game 2217: W 1/2-1/2 (us: draw)  [575+1080=562-]  (2217/2400)
game 2218: B 1/2-1/2 (us: draw)  [575+1081=562-]  (2218/2400)
game 2219: W 1-0     (us: win)  [576+1081=562-]  (2219/2400)
game 2220: B 0-1     (us: win)  [577+1081=562-]  (2220/2400)
game 2221: W 1/2-1/2 (us: draw)  [577+1082=562-]  (2221/2400)
game 2222: B 1-0     (us: loss)  [577+1082=563-]  (2222/2400)
game 2223: W 1-0     (us: win)  [578+1082=563-]  (2223/2400)
game 2224: B 1/2-1/2 (us: draw)  [578+1083=563-]  (2224/2400)
game 2225: W 1-0     (us: win)  [579+1083=563-]  (2225/2400)
game 2226: B 1-0     (us: loss)  [579+1083=564-]  (2226/2400)
game 2227: W 1/2-1/2 (us: draw)  [579+1084=564-]  (2227/2400)
game 2228: B 1/2-1/2 (us: draw)  [579+1085=564-]  (2228/2400)
game 2229: W 1/2-1/2 (us: draw)  [579+1086=564-]  (2229/2400)
game 2230: B 0-1     (us: win)  [580+1086=564-]  (2230/2400)
game 2231: W 1/2-1/2 (us: draw)  [580+1087=564-]  (2231/2400)
game 2232: B 0-1     (us: win)  [581+1087=564-]  (2232/2400)
game 2233: W 1/2-1/2 (us: draw)  [581+1088=564-]  (2233/2400)
game 2234: B 1-0     (us: loss)  [581+1088=565-]  (2234/2400)
game 2235: W 1/2-1/2 (us: draw)  [581+1089=565-]  (2235/2400)
game 2236: B 1/2-1/2 (us: draw)  [581+1090=565-]  (2236/2400)
game 2237: W 1/2-1/2 (us: draw)  [581+1091=565-]  (2237/2400)
game 2238: B 1/2-1/2 (us: draw)  [581+1092=565-]  (2238/2400)
game 2239: W 1/2-1/2 (us: draw)  [581+1093=565-]  (2239/2400)
game 2240: B 1/2-1/2 (us: draw)  [581+1094=565-]  (2240/2400)
game 2241: W 1-0     (us: win)  [582+1094=565-]  (2241/2400)
game 2242: B 1-0     (us: loss)  [582+1094=566-]  (2242/2400)
game 2243: W 0-1     (us: loss)  [582+1094=567-]  (2243/2400)
game 2244: B 0-1     (us: win)  [583+1094=567-]  (2244/2400)
game 2245: W 1/2-1/2 (us: draw)  [583+1095=567-]  (2245/2400)
game 2246: B 1/2-1/2 (us: draw)  [583+1096=567-]  (2246/2400)
game 2247: W 1/2-1/2 (us: draw)  [583+1097=567-]  (2247/2400)
game 2248: B 1/2-1/2 (us: draw)  [583+1098=567-]  (2248/2400)
game 2249: W 1/2-1/2 (us: draw)  [583+1099=567-]  (2249/2400)
game 2250: B 1-0     (us: loss)  [583+1099=568-]  (2250/2400)
game 2251: W 0-1     (us: loss)  [583+1099=569-]  (2251/2400)
game 2252: B 1/2-1/2 (us: draw)  [583+1100=569-]  (2252/2400)
game 2253: W 1/2-1/2 (us: draw)  [583+1101=569-]  (2253/2400)
game 2254: B 1/2-1/2 (us: draw)  [583+1102=569-]  (2254/2400)
game 2255: W 1-0     (us: win)  [584+1102=569-]  (2255/2400)
game 2256: B 1/2-1/2 (us: draw)  [584+1103=569-]  (2256/2400)
game 2257: W 0-1     (us: loss)  [584+1103=570-]  (2257/2400)
game 2258: B 1-0     (us: loss)  [584+1103=571-]  (2258/2400)
game 2259: W 1/2-1/2 (us: draw)  [584+1104=571-]  (2259/2400)
game 2260: B 1-0     (us: loss)  [584+1104=572-]  (2260/2400)
game 2261: W 1-0     (us: win)  [585+1104=572-]  (2261/2400)
game 2262: B 1/2-1/2 (us: draw)  [585+1105=572-]  (2262/2400)
game 2263: W 1-0     (us: win)  [586+1105=572-]  (2263/2400)
game 2264: B 1-0     (us: loss)  [586+1105=573-]  (2264/2400)
game 2265: W 0-1     (us: loss)  [586+1105=574-]  (2265/2400)
game 2266: B 1/2-1/2 (us: draw)  [586+1106=574-]  (2266/2400)
game 2267: W 0-1     (us: loss)  [586+1106=575-]  (2267/2400)
game 2268: B 1/2-1/2 (us: draw)  [586+1107=575-]  (2268/2400)
game 2269: W 1-0     (us: win)  [587+1107=575-]  (2269/2400)
game 2270: B 1-0     (us: loss)  [587+1107=576-]  (2270/2400)
game 2271: W 0-1     (us: loss)  [587+1107=577-]  (2271/2400)
game 2272: B 1/2-1/2 (us: draw)  [587+1108=577-]  (2272/2400)
game 2273: W 0-1     (us: loss)  [587+1108=578-]  (2273/2400)
game 2274: B 0-1     (us: win)  [588+1108=578-]  (2274/2400)
game 2275: W 1/2-1/2 (us: draw)  [588+1109=578-]  (2275/2400)
game 2276: B 0-1     (us: win)  [589+1109=578-]  (2276/2400)
game 2277: W 1-0     (us: win)  [590+1109=578-]  (2277/2400)
game 2278: B 1-0     (us: loss)  [590+1109=579-]  (2278/2400)
game 2279: W 1-0     (us: win)  [591+1109=579-]  (2279/2400)
game 2280: B 1-0     (us: loss)  [591+1109=580-]  (2280/2400)
game 2281: W 1-0     (us: win)  [592+1109=580-]  (2281/2400)
game 2282: B 0-1     (us: win)  [593+1109=580-]  (2282/2400)
game 2283: W 1-0     (us: win)  [594+1109=580-]  (2283/2400)
game 2284: B 1/2-1/2 (us: draw)  [594+1110=580-]  (2284/2400)
game 2285: W 1/2-1/2 (us: draw)  [594+1111=580-]  (2285/2400)
game 2286: B 1/2-1/2 (us: draw)  [594+1112=580-]  (2286/2400)
game 2287: W 1-0     (us: win)  [595+1112=580-]  (2287/2400)
game 2288: B 1/2-1/2 (us: draw)  [595+1113=580-]  (2288/2400)
game 2289: W 1/2-1/2 (us: draw)  [595+1114=580-]  (2289/2400)
game 2290: B 0-1     (us: win)  [596+1114=580-]  (2290/2400)
game 2291: W 0-1     (us: loss)  [596+1114=581-]  (2291/2400)
game 2292: B 0-1     (us: win)  [597+1114=581-]  (2292/2400)
game 2293: W 1/2-1/2 (us: draw)  [597+1115=581-]  (2293/2400)
game 2294: B 1/2-1/2 (us: draw)  [597+1116=581-]  (2294/2400)
game 2295: W 1-0     (us: win)  [598+1116=581-]  (2295/2400)
game 2296: B 1-0     (us: loss)  [598+1116=582-]  (2296/2400)
game 2297: W 1/2-1/2 (us: draw)  [598+1117=582-]  (2297/2400)
game 2298: B 1/2-1/2 (us: draw)  [598+1118=582-]  (2298/2400)
game 2299: W 1-0     (us: win)  [599+1118=582-]  (2299/2400)
game 2300: B 1/2-1/2 (us: draw)  [599+1119=582-]  (2300/2400)
game 2301: W 0-1     (us: loss)  [599+1119=583-]  (2301/2400)
game 2302: B 0-1     (us: win)  [600+1119=583-]  (2302/2400)
game 2303: W 1-0     (us: win)  [601+1119=583-]  (2303/2400)
game 2304: B 1-0     (us: loss)  [601+1119=584-]  (2304/2400)
game 2305: W 1-0     (us: win)  [602+1119=584-]  (2305/2400)
game 2306: B 1-0     (us: loss)  [602+1119=585-]  (2306/2400)
game 2307: W 0-1     (us: loss)  [602+1119=586-]  (2307/2400)
game 2308: B 1/2-1/2 (us: draw)  [602+1120=586-]  (2308/2400)
game 2309: W 1/2-1/2 (us: draw)  [602+1121=586-]  (2309/2400)
game 2310: B 1/2-1/2 (us: draw)  [602+1122=586-]  (2310/2400)
game 2311: W 1/2-1/2 (us: draw)  [602+1123=586-]  (2311/2400)
game 2312: B 0-1     (us: win)  [603+1123=586-]  (2312/2400)
game 2313: W 1/2-1/2 (us: draw)  [603+1124=586-]  (2313/2400)
game 2314: B 1-0     (us: loss)  [603+1124=587-]  (2314/2400)
game 2315: W 0-1     (us: loss)  [603+1124=588-]  (2315/2400)
game 2316: B 1/2-1/2 (us: draw)  [603+1125=588-]  (2316/2400)
game 2317: W 1-0     (us: win)  [604+1125=588-]  (2317/2400)
game 2318: B 1/2-1/2 (us: draw)  [604+1126=588-]  (2318/2400)
game 2319: W 1/2-1/2 (us: draw)  [604+1127=588-]  (2319/2400)
game 2320: B 1-0     (us: loss)  [604+1127=589-]  (2320/2400)
game 2321: W 1/2-1/2 (us: draw)  [604+1128=589-]  (2321/2400)
game 2322: B 0-1     (us: win)  [605+1128=589-]  (2322/2400)
game 2323: W 1-0     (us: win)  [606+1128=589-]  (2323/2400)
game 2324: B 1/2-1/2 (us: draw)  [606+1129=589-]  (2324/2400)
game 2325: W 1/2-1/2 (us: draw)  [606+1130=589-]  (2325/2400)
game 2326: B 0-1     (us: win)  [607+1130=589-]  (2326/2400)
game 2327: W 1-0     (us: win)  [608+1130=589-]  (2327/2400)
game 2328: B 1/2-1/2 (us: draw)  [608+1131=589-]  (2328/2400)
game 2329: W 1/2-1/2 (us: draw)  [608+1132=589-]  (2329/2400)
game 2330: B 1-0     (us: loss)  [608+1132=590-]  (2330/2400)
game 2331: W 0-1     (us: loss)  [608+1132=591-]  (2331/2400)
game 2332: B 1/2-1/2 (us: draw)  [608+1133=591-]  (2332/2400)
game 2333: W 1/2-1/2 (us: draw)  [608+1134=591-]  (2333/2400)
game 2334: B 1/2-1/2 (us: draw)  [608+1135=591-]  (2334/2400)
game 2335: W 1-0     (us: win)  [609+1135=591-]  (2335/2400)
game 2336: B 1-0     (us: loss)  [609+1135=592-]  (2336/2400)
game 2337: W 1/2-1/2 (us: draw)  [609+1136=592-]  (2337/2400)
game 2338: B 1/2-1/2 (us: draw)  [609+1137=592-]  (2338/2400)
game 2339: W 1/2-1/2 (us: draw)  [609+1138=592-]  (2339/2400)
game 2340: B 1/2-1/2 (us: draw)  [609+1139=592-]  (2340/2400)
game 2341: W 1/2-1/2 (us: draw)  [609+1140=592-]  (2341/2400)
game 2342: B 1/2-1/2 (us: draw)  [609+1141=592-]  (2342/2400)
game 2343: W 1/2-1/2 (us: draw)  [609+1142=592-]  (2343/2400)
game 2344: B 1/2-1/2 (us: draw)  [609+1143=592-]  (2344/2400)
game 2345: W 1-0     (us: win)  [610+1143=592-]  (2345/2400)
game 2346: B 1/2-1/2 (us: draw)  [610+1144=592-]  (2346/2400)
game 2347: W 1-0     (us: win)  [611+1144=592-]  (2347/2400)
game 2348: B 1-0     (us: loss)  [611+1144=593-]  (2348/2400)
game 2349: W 1/2-1/2 (us: draw)  [611+1145=593-]  (2349/2400)
game 2350: B 0-1     (us: win)  [612+1145=593-]  (2350/2400)
game 2351: W 1/2-1/2 (us: draw)  [612+1146=593-]  (2351/2400)
game 2352: B 1/2-1/2 (us: draw)  [612+1147=593-]  (2352/2400)
game 2353: W 0-1     (us: loss)  [612+1147=594-]  (2353/2400)
game 2354: B 0-1     (us: win)  [613+1147=594-]  (2354/2400)
game 2355: W 1-0     (us: win)  [614+1147=594-]  (2355/2400)
game 2356: B 1/2-1/2 (us: draw)  [614+1148=594-]  (2356/2400)
game 2357: W 1/2-1/2 (us: draw)  [614+1149=594-]  (2357/2400)
game 2358: B 0-1     (us: win)  [615+1149=594-]  (2358/2400)
game 2359: W 1-0     (us: win)  [616+1149=594-]  (2359/2400)
game 2360: B 1/2-1/2 (us: draw)  [616+1150=594-]  (2360/2400)
game 2361: W 0-1     (us: loss)  [616+1150=595-]  (2361/2400)
game 2362: B 1-0     (us: loss)  [616+1150=596-]  (2362/2400)
game 2363: W 1-0     (us: win)  [617+1150=596-]  (2363/2400)
game 2364: B 1/2-1/2 (us: draw)  [617+1151=596-]  (2364/2400)
game 2365: W 1/2-1/2 (us: draw)  [617+1152=596-]  (2365/2400)
game 2366: B 1/2-1/2 (us: draw)  [617+1153=596-]  (2366/2400)
game 2367: W 0-1     (us: loss)  [617+1153=597-]  (2367/2400)
game 2368: B 0-1     (us: win)  [618+1153=597-]  (2368/2400)
game 2369: W 1/2-1/2 (us: draw)  [618+1154=597-]  (2369/2400)
game 2370: B 0-1     (us: win)  [619+1154=597-]  (2370/2400)
game 2371: W 1-0     (us: win)  [620+1154=597-]  (2371/2400)
game 2372: B 1/2-1/2 (us: draw)  [620+1155=597-]  (2372/2400)
game 2373: W 1/2-1/2 (us: draw)  [620+1156=597-]  (2373/2400)
game 2374: B 1/2-1/2 (us: draw)  [620+1157=597-]  (2374/2400)
game 2375: W 1-0     (us: win)  [621+1157=597-]  (2375/2400)
game 2376: B 1/2-1/2 (us: draw)  [621+1158=597-]  (2376/2400)
game 2377: W 1/2-1/2 (us: draw)  [621+1159=597-]  (2377/2400)
game 2378: B 0-1     (us: win)  [622+1159=597-]  (2378/2400)
game 2379: W 0-1     (us: loss)  [622+1159=598-]  (2379/2400)
game 2380: B 1/2-1/2 (us: draw)  [622+1160=598-]  (2380/2400)
game 2381: W 1-0     (us: win)  [623+1160=598-]  (2381/2400)
game 2382: B 1/2-1/2 (us: draw)  [623+1161=598-]  (2382/2400)
game 2383: W 1/2-1/2 (us: draw)  [623+1162=598-]  (2383/2400)
game 2384: B 0-1     (us: win)  [624+1162=598-]  (2384/2400)
game 2385: W 1-0     (us: win)  [625+1162=598-]  (2385/2400)
game 2386: B 1-0     (us: loss)  [625+1162=599-]  (2386/2400)
game 2387: W 1/2-1/2 (us: draw)  [625+1163=599-]  (2387/2400)
game 2388: B 0-1     (us: win)  [626+1163=599-]  (2388/2400)
game 2389: W 0-1     (us: loss)  [626+1163=600-]  (2389/2400)
game 2390: B 1/2-1/2 (us: draw)  [626+1164=600-]  (2390/2400)
game 2391: W 1/2-1/2 (us: draw)  [626+1165=600-]  (2391/2400)
game 2392: B 1/2-1/2 (us: draw)  [626+1166=600-]  (2392/2400)
game 2393: W 1/2-1/2 (us: draw)  [626+1167=600-]  (2393/2400)
game 2394: B 1/2-1/2 (us: draw)  [626+1168=600-]  (2394/2400)
game 2395: W 1-0     (us: win)  [627+1168=600-]  (2395/2400)
game 2396: B 1/2-1/2 (us: draw)  [627+1169=600-]  (2396/2400)
game 2397: W 1-0     (us: win)  [628+1169=600-]  (2397/2400)
game 2398: B 0-1     (us: win)  [629+1169=600-]  (2398/2400)
game 2399: W 1-0     (us: win)  [630+1169=600-]  (2399/2400)
game 2400: B 1-0     (us: loss)  [630+1169=601-]  (2400/2400)

result vs stockfish:3000 [1.0s]: +630 =1169 -601  (50.6%)
elo diff: +4  (95% ~ -6..+14)   [per-game]
elo diff: +4  (95% ~ -5..+13)   [paired, 1200 pairs, 50.6%]  <-- use this one
