/* KPvK bitbase, generated by research/gen_kpk.py from the syzygy tables.
 * Correct by construction: every bit is read from syzygy, so there is no
 * table format parsing here to get wrong.
 * Index: ((stm*64 + wk)*64 + bk)*48 + (pawn_square - 8), one bit per
 * position, set = WIN for the pawn side. KPvK has no losses for the pawn
 * side, so one bit is exact rather than a lossy encoding.
 * 222,564 wins of 331,352 legal positions. DO NOT HAND-EDIT. */
static const unsigned char KPK_BITS[] = {
    0x00,0x00,0x00,0x00,0x00,0x00,0x00,0x00,0x00,0x00,0x00,0x00,0xff,0xff,0xff,0xff,
    0xff,0xff,0xff,0xff,0xff,0xff,0xff,0xff,0xff,0xff,0xff,0xff,0xff,0xff,0xff,0xff,
    0xff,0xff,0xff,0xff,0xff,0xff,0xff,0xff,0xff,0xff,0xff,0xff,0xff,0xff,0xff,0xff,
    0x00,0x00,0x00,0x00,0x00,0x00,0x00,0x00,0x00,0x00,0x00,0x00,0xfb,0xff,0xff,0xff,
    0xff,0xff,0xf7,0xff,0xff,0xff,0xff,0xff,0xef,0xff,0xff,0xff,0xff,0xff,0xdf,0xff,
    0xff,0xff,0xff,0xff,0xbf,0xff,0xff,0xff,0xff,0xff,0x7f,0xff,0xff,0xff,0xff,0xff,
    0xc0,0xc0,0xff,0xff,0xff,0xff,0x80,0x80,0xff,0xff,0xff,0xff,0x00,0x00,0xff,0xff,
    0xff,0xff,0x02,0x02,0xff,0xff,0xff,0xff,0x06,0x06,0xff,0xff,0xff,0xff,0x0e,0x0e,
    0xff,0xff,0xff,0xff,0x0f,0x0f,0xff,0xff,0xff,0xff,0x1f,0x1f,0xff,0xff,0xff,0xff,
    0xc0,0xc0,0xe0,0xff,0xff,0xff,0x80,0x80,0xc0,0xff,0xff,0xff,0x00,0x00,0x80,0xff,
    0xff,0xff,0x02,0x00,0x00,0xff,0xff,0xff,0x06,0x02,0x00,0xff,0xff,0xff,0x0e,0x06,
    0x03,0xff,0xff,0xff,0x0f,0x0f,0x07,0xff,0xff,0xff,0x1f,0x1f,0x0f,0xff,0xff,0xff,
    0xc0,0xc0,0xe0,0xf0,0xff,0xff,0x80,0x80,0xc0,0xe0,0xff,0xff,0x00,0x00,0x80,0xc0,
    0xff,0xff,0x02,0x00,0x00,0x80,0xff,0xff,0x06,0x02,0x00,0x01,0xff,0xff,0x0e,0x06,
    0x03,0x03,0xff,0xff,0x0f,0x0f,0x07,0x07,0xff,0xff,0x1f,0x1f,0x0f,0x0f,0xff,0xff,
    0xc0,0xc0,0xe0,0xf0,0xf8,0xff,0x80,0x80,0xc0,0xe0,0xf0,0xff,0x00,0x00,0x80,0xc0,
    0xe0,0xff,0x02,0x00,0x00,0x80,0xc1,0xff,0x06,0x02,0x00,0x01,0x83,0xff,0x0e,0x06,
    0x03,0x03,0x07,0xff,0x0f,0x0f,0x07,0x07,0x0f,0xff,0x1f,0x1f,0x0f,0x0f,0x1f,0xff,
    0xc0,0xc0,0xe0,0xf0,0xf8,0xfc,0x80,0x80,0xc0,0xe0,0xf0,0xf8,0x00,0x00,0x80,0xc0,
    0xe0,0xf1,0x02,0x00,0x00,0x80,0xc1,0xe3,0x06,0x02,0x00,0x01,0x83,0xc7,0x0e,0x06,
    0x03,0x03,0x07,0x8f,0x0f,0x0f,0x07,0x07,0x0f,0x1f,0x1f,0x1f,0x0f,0x0f,0x1f,0x3f,
    0xfe,0xc0,0xe0,0xf0,0xf8,0xfc,0xfe,0x80,0xc0,0xe0,0xf0,0xf8,0x1e,0x00,0x80,0xc0,
    0xe0,0xf1,0x1e,0x00,0x00,0x80,0xc1,0xe3,0x1e,0x02,0x00,0x01,0x83,0xc7,0x1e,0x06,
    0x03,0x03,0x07,0x8f,0x1f,0x0f,0x07,0x07,0x0f,0x1f,0x1f,0x1f,0x0f,0x0f,0x1f,0x3f,
    0x00,0x00,0x00,0x00,0x00,0x00,0x00,0x00,0x00,0x00,0x00,0x00,0x00,0x00,0x00,0x00,
    0x00,0x00,0xff,0xff,0xff,0xff,0xff,0xff,0xff,0xff,0xff,0xff,0xff,0xff,0xff,0xff,
    0xff,0xff,0xff,0xff,0xff,0xff,0xff,0xff,0xff,0xff,0xff,0xff,0xff,0xff,0xff,0xff,
    0x00,0x00,0x00,0x00,0x00,0x00,0x00,0x00,0x00,0x00,0x00,0x00,0x00,0x00,0x00,0x00,
    0x00,0x00,0xf7,0xff,0xff,0xff,0xff,0xff,0xef,0xff,0xff,0xff,0xff,0xff,0xdf,0xff,
    0xff,0xff,0xff,0xff,0xbf,0xff,0xff,0xff,0xff,0xff,0x7f,0xff,0xff,0xff,0xff,0xff,
    0xf8,0xf4,0xff,0xff,0xff,0xff,0x80,0x80,0xff,0xff,0xff,0xff,0x00,0x00,0xff,0xff,
    0xff,0xff,0x02,0x02,0xff,0xff,0xff,0xff,0x06,0x06,0xff,0xff,0xff,0xff,0x0e,0x0e,
    0xff,0xff,0xff,0xff,0x1f,0x1f,0xff,0xff,0xff,0xff,0x1f,0x1f,0xff,0xff,0xff,0xff,
    0xf8,0xf0,0xe0,0xff,0xff,0xff,0x80,0x80,0xc0,0xff,0xff,0xff,0x00,0x00,0x80,0xff,
    0xff,0xff,0x02,0x00,0x00,0xff,0xff,0xff,0x06,0x02,0x00,0xff,0xff,0xff,0x0e,0x06,
    0x03,0xff,0xff,0xff,0x1f,0x0f,0x07,0xff,0xff,0xff,0x1f,0x1f,0x0f,0xff,0xff,0xff,
    0xf8,0xf0,0xe0,0xf0,0xff,0xff,0x80,0x80,0xc0,0xe0,0xff,0xff,0x00,0x00,0x80,0xc0,
    0xff,0xff,0x02,0x00,0x00,0x80,0xff,0xff,0x06,0x02,0x00,0x01,0xff,0xff,0x0e,0x06,
    0x03,0x03,0xff,0xff,0x1f,0x0f,0x07,0x07,0xff,0xff,0x1f,0x1f,0x0f,0x0f,0xff,0xff,
    0xf8,0xf0,0xe0,0xf0,0xf8,0xff,0x80,0x80,0xc0,0xe0,0xf0,0xff,0x00,0x00,0x80,0xc0,
    0xe0,0xff,0x02,0x00,0x00,0x80,0xc1,0xff,0x06,0x02,0x00,0x01,0x83,0xff,0x0e,0x06,
    0x03,0x03,0x07,0xff,0x1f,0x0f,0x07,0x07,0x0f,0xff,0x1f,0x1f,0x0f,0x0f,0x1f,0xff,
    0xf8,0xf0,0xe0,0xf0,0xf8,0xfc,0x80,0x80,0xc0,0xe0,0xf0,0xf8,0x00,0x00,0x80,0xc0,
    0xe0,0xf1,0x02,0x00,0x00,0x80,0xc1,0xe3,0x06,0x02,0x00,0x01,0x83,0xc7,0x0e,0x06,
    0x03,0x03,0x07,0x8f,0x1f,0x0f,0x07,0x07,0x0f,0x1f,0x1f,0x1f,0x0f,0x0f,0x1f,0x3f,
    0xfe,0xf0,0xe0,0xf0,0xf8,0xfc,0xfe,0x80,0xc0,0xe0,0xf0,0xf8,0x7e,0x00,0x80,0xc0,
    0xe0,0xf1,0x3e,0x00,0x00,0x80,0xc1,0xe3,0x3e,0x02,0x00,0x01,0x83,0xc7,0x3e,0x06,
    0x03,0x03,0x07,0x8f,0x3f,0x0f,0x07,0x07,0x0f,0x1f,0x3f,0x1f,0x0f,0x0f,0x1f,0x3f,
    0xff,0xff,0xff,0xff,0xff,0xff,0x00,0x00,0x00,0x00,0x00,0x00,0x00,0x00,0x00,0x00,
    0x00,0x00,0x00,0x00,0x00,0x00,0x00,0x00,0xff,0xff,0xff,0xff,0xff,0xff,0xff,0xff,
    0xff,0xff,0xff,0xff,0xff,0xff,0xff,0xff,0xff,0xff,0xff,0xff,0xff,0xff,0xff,0xff,
    0xfe,0xff,0xff,0xff,0xff,0xff,0x00,0x00,0x00,0x00,0x00,0x00,0x00,0x00,0x00,0x00,
    0x00,0x00,0x00,0x00,0x00,0x00,0x00,0x00,0xef,0xff,0xff,0xff,0xff,0xff,0xdf,0xff,
    0xff,0xff,0xff,0xff,0xbf,0xff,0xff,0xff,0xff,0xff,0x7f,0xff,0xff,0xff,0xff,0xff,
    0xfc,0xfc,0xff,0xff,0xff,0xff,0xf0,0xe8,0xff,0xff,0xff,0xff,0x00,0x00,0xff,0xff,
    0xff,0xff,0x00,0x02,0xff,0xff,0xff,0xff,0x06,0x06,0xff,0xff,0xff,0xff,0x0e,0x0e,
    0xff,0xff,0xff,0xff,0x1f,0x1f,0xff,0xff,0xff,0xff,0x3f,0x3f,0xff,0xff,0xff,0xff,
    0xfc,0xf8,0xf0,0xff,0xff,0xff,0xf0,0xe0,0xc0,0xff,0xff,0xff,0x00,0x00,0x80,0xff,
    0xff,0xff,0x00,0x00,0x00,0xff,0xff,0xff,0x06,0x02,0x00,0xff,0xff,0xff,0x0e,0x06,
    0x03,0xff,0xff,0xff,0x1f,0x0f,0x07,0xff,0xff,0xff,0x3f,0x1f,0x0f,0xff,0xff,0xff,
    0xfc,0xf8,0xf0,0xf0,0xff,0xff,0xf0,0xe0,0xc0,0xe0,0xff,0xff,0x00,0x00,0x80,0xc0,
    0xff,0xff,0x00,0x00,0x00,0x80,0xff,0xff,0x06,0x02,0x00,0x01,0xff,0xff,0x0e,0x06,
    0x03,0x03,0xff,0xff,0x1f,0x0f,0x07,0x07,0xff,0xff,0x3f,0x1f,0x0f,0x0f,0xff,0xff,
    0xfc,0xf8,0xf0,0xf0,0xf8,0xff,0xf0,0xe0,0xc0,0xe0,0xf0,0xff,0x00,0x00,0x80,0xc0,
    0xe0,0xff,0x00,0x00,0x00,0x80,0xc1,0xff,0x06,0x02,0x00,0x01,0x83,0xff,0x0e,0x06,
    0x03,0x03,0x07,0xff,0x1f,0x0f,0x07,0x07,0x0f,0xff,0x3f,0x1f,0x0f,0x0f,0x1f,0xff,
    0xfc,0xf8,0xf0,0xf0,0xf8,0xfc,0xf0,0xe0,0xc0,0xe0,0xf0,0xf8,0x00,0x00,0x80,0xc0,
    0xe0,0xf1,0x00,0x00,0x00,0x80,0xc1,0xe3,0x06,0x02,0x00,0x01,0x83,0xc7,0x0e,0x06,
    0x03,0x03,0x07,0x8f,0x1f,0x0f,0x07,0x07,0x0f,0x1f,0x3f,0x1f,0x0f,0x0f,0x1f,0x3f,
    0xfe,0xf8,0xf0,0xf0,0xf8,0xfc,0xfe,0xe0,0xc0,0xe0,0xf0,0xf8,0x7e,0x00,0x80,0xc0,
    0xe0,0xf1,0x7e,0x00,0x00,0x80,0xc1,0xe3,0x7e,0x02,0x00,0x01,0x83,0xc7,0x7e,0x06,
    0x03,0x03,0x07,0x8f,0x7f,0x0f,0x07,0x07,0x0f,0x1f,0x7f,0x1f,0x0f,0x0f,0x1f,0x3f,
    0xff,0xff,0xff,0xff,0xff,0xff,0xff,0xff,0xff,0xff,0xff,0xff,0x00,0x00,0x00,0x00,
    0x00,0x00,0x00,0x00,0x00,0x00,0x00,0x00,0x00,0x00,0x00,0x00,0x00,0x00,0xff,0xff,
    0xff,0xff,0xff,0xff,0xff,0xff,0xff,0xff,0xff,0xff,0xff,0xff,0xff,0xff,0xff,0xff,
    0xfe,0xff,0xff,0xff,0xff,0xff,0xfd,0xff,0xff,0xff,0xff,0xff,0x00,0x00,0x00,0x00,
    0x00,0x00,0x00,0x00,0x00,0x00,0x00,0x00,0x00,0x00,0x00,0x00,0x00,0x00,0xdf,0xff,
    0xff,0xff,0xff,0xff,0xbf,0xff,0xff,0xff,0xff,0xff,0x7f,0xff,0xff,0xff,0xff,0xff,
    0xfc,0xfc,0xff,0xff,0xff,0xff,0xf8,0xf8,0xff,0xff,0xff,0xff,0x60,0x50,0xff,0xff,
    0xff,0xff,0x00,0x00,0xff,0xff,0xff,0xff,0x02,0x04,0xff,0xff,0xff,0xff,0x0e,0x0e,
    0xff,0xff,0xff,0xff,0x1f,0x1f,0xff,0xff,0xff,0xff,0x3f,0x3f,0xff,0xff,0xff,0xff,
    0xfc,0xf8,0xf0,0xff,0xff,0xff,0xf8,0xf0,0xe0,0xff,0xff,0xff,0x60,0x40,0x80,0xff,
    0xff,0xff,0x00,0x00,0x00,0xff,0xff,0xff,0x02,0x00,0x00,0xff,0xff,0xff,0x0e,0x06,
    0x03,0xff,0xff,0xff,0x1f,0x0f,0x07,0xff,0xff,0xff,0x3f,0x1f,0x0f,0xff,0xff,0xff,
    0xfc,0xf8,0xf0,0xf0,0xff,0xff,0xf8,0xf0,0xe0,0xe0,0xff,0xff,0x60,0x40,0x80,0xc0,
    0xff,0xff,0x00,0x00,0x00,0x80,0xff,0xff,0x02,0x00,0x00,0x01,0xff,0xff,0x0e,0x06,
    0x03,0x03,0xff,0xff,0x1f,0x0f,0x07,0x07,0xff,0xff,0x3f,0x1f,0x0f,0x0f,0xff,0xff,
    0xfc,0xf8,0xf0,0xf0,0xf8,0xff,0xf8,0xf0,0xe0,0xe0,0xf0,0xff,0x60,0x40,0x80,0xc0,
    0xe0,0xff,0x00,0x00,0x00,0x80,0xc1,0xff,0x02,0x00,0x00,0x01,0x83,0xff,0x0e,0x06,
    0x03,0x03,0x07,0xff,0x1f,0x0f,0x07,0x07,0x0f,0xff,0x3f,0x1f,0x0f,0x0f,0x1f,0xff,
    0xfc,0xf8,0xf0,0xf0,0xf8,0xfc,0xf8,0xf0,0xe0,0xe0,0xf0,0xf8,0x60,0x40,0x80,0xc0,
    0xe0,0xf1,0x00,0x00,0x00,0x80,0xc1,0xe3,0x02,0x00,0x00,0x01,0x83,0xc7,0x0e,0x06,
    0x03,0x03,0x07,0x8f,0x1f,0x0f,0x07,0x07,0x0f,0x1f,0x3f,0x1f,0x0f,0x0f,0x1f,0x3f,
    0xfe,0xf8,0xf0,0xf0,0xf8,0xfc,0xfe,0xf0,0xe0,0xe0,0xf0,0xf8,0x7e,0x40,0x80,0xc0,
    0xe0,0xf1,0x7e,0x00,0x00,0x80,0xc1,0xe3,0x7e,0x00,0x00,0x01,0x83,0xc7,0x7e,0x06,
    0x03,0x03,0x07,0x8f,0x7f,0x0f,0x07,0x07,0x0f,0x1f,0x7f,0x1f,0x0f,0x0f,0x1f,0x3f,
    0xff,0xff,0xff,0xff,0xff,0xff,0xff,0xff,0xff,0xff,0xff,0xff,0xff,0xff,0xff,0xff,
    0xff,0xff,0x00,0x00,0x00,0x00,0x00,0x00,0x00,0x00,0x00,0x00,0x00,0x00,0x00,0x00,
    0x00,0x00,0x00,0x00,0xff,0xff,0xff,0xff,0xff,0xff,0xff,0xff,0xff,0xff,0xff,0xff,
    0xfe,0xff,0xff,0xff,0xff,0xff,0xfd,0xff,0xff,0xff,0xff,0xff,0xfb,0xff,0xff,0xff,
    0xff,0xff,0x00,0x00,0x00,0x00,0x00,0x00,0x00,0x00,0x00,0x00,0x00,0x00,0x00,0x00,
    0x00,0x00,0x00,0x00,0xbf,0xff,0xff,0xff,0xff,0xff,0x7f,0xff,0xff,0xff,0xff,0xff,
    0xfc,0xfc,0xff,0xff,0xff,0xff,0xf8,0xf8,0xff,0xff,0xff,0xff,0x70,0x70,0xff,0xff,
    0xff,0xff,0x40,0x20,0xff,0xff,0xff,0xff,0x00,0x00,0xff,0xff,0xff,0xff,0x06,0x0a,
    0xff,0xff,0xff,0xff,0x1f,0x1f,0xff,0xff,0xff,0xff,0x3f,0x3f,0xff,0xff,0xff,0xff,
    0xfc,0xf8,0xf0,0xff,0xff,0xff,0xf8,0xf0,0xe0,0xff,0xff,0xff,0x70,0x60,0xc0,0xff,
    0xff,0xff,0x40,0x00,0x00,0xff,0xff,0xff,0x00,0x00,0x00,0xff,0xff,0xff,0x06,0x02,
    0x01,0xff,0xff,0xff,0x1f,0x0f,0x07,0xff,0xff,0xff,0x3f,0x1f,0x0f,0xff,0xff,0xff,
    0xfc,0xf8,0xf0,0xf0,0xff,0xff,0xf8,0xf0,0xe0,0xe0,0xff,0xff,0x70,0x60,0xc0,0xc0,
    0xff,0xff,0x40,0x00,0x00,0x80,0xff,0xff,0x00,0x00,0x00,0x01,0xff,0xff,0x06,0x02,
    0x01,0x03,0xff,0xff,0x1f,0x0f,0x07,0x07,0xff,0xff,0x3f,0x1f,0x0f,0x0f,0xff,0xff,
    0xfc,0xf8,0xf0,0xf0,0xf8,0xff,0xf8,0xf0,0xe0,0xe0,0xf0,0xff,0x70,0x60,0xc0,0xc0,
    0xe0,0xff,0x40,0x00,0x00,0x80,0xc1,0xff,0x00,0x00,0x00,0x01,0x83,0xff,0x06,0x02,
    0x01,0x03,0x07,0xff,0x1f,0x0f,0x07,0x07,0x0f,0xff,0x3f,0x1f,0x0f,0x0f,0x1f,0xff,
    0xfc,0xf8,0xf0,0xf0,0xf8,0xfc,0xf8,0xf0,0xe0,0xe0,0xf0,0xf8,0x70,0x60,0xc0,0xc0,
    0xe0,0xf1,0x40,0x00,0x00,0x80,0xc1,0xe3,0x00,0x00,0x00,0x01,0x83,0xc7,0x06,0x02,
    0x01,0x03,0x07,0x8f,0x1f,0x0f,0x07,0x07,0x0f,0x1f,0x3f,0x1f,0x0f,0x0f,0x1f,0x3f,
    0xfe,0xf8,0xf0,0xf0,0xf8,0xfc,0xfe,0xf0,0xe0,0xe0,0xf0,0xf8,0x7e,0x60,0xc0,0xc0,
    0xe0,0xf1,0x7e,0x00,0x00,0x80,0xc1,0xe3,0x7e,0x00,0x00,0x01,0x83,0xc7,0x7e,0x02,
    0x01,0x03,0x07,0x8f,0x7f,0x0f,0x07,0x07,0x0f,0x1f,0x7f,0x1f,0x0f,0x0f,0x1f,0x3f,
    0xff,0xff,0xff,0xff,0xff,0xff,0xff,0xff,0xff,0xff,0xff,0xff,0xff,0xff,0xff,0xff,
    0xff,0xff,0xff,0xff,0xff,0xff,0xff,0xff,0x00,0x00,0x00,0x00,0x00,0x00,0x00,0x00,
    0x00,0x00,0x00,0x00,0x00,0x00,0x00,0x00,0x00,0x00,0xff,0xff,0xff,0xff,0xff,0xff,
    0xfe,0xff,0xff,0xff,0xff,0xff,0xfd,0xff,0xff,0xff,0xff,0xff,0xfb,0xff,0xff,0xff,
    0xff,0xff,0xf7,0xff,0xff,0xff,0xff,0xff,0x00,0x00,0x00,0x00,0x00,0x00,0x00,0x00,
    0x00,0x00,0x00,0x00,0x00,0x00,0x00,0x00,0x00,0x00,0x7f,0xff,0xff,0xff,0xff,0xff,
    0xfc,0xfc,0xff,0xff,0xff,0xff,0xf8,0xf8,0xff,0xff,0xff,0xff,0x70,0x70,0xff,0xff,
    0xff,0xff,0x60,0x60,0xff,0xff,0xff,0xff,0x00,0x40,0xff,0xff,0xff,0xff,0x00,0x00,
    0xff,0xff,0xff,0xff,0x0f,0x17,0xff,0xff,0xff,0xff,0x3f,0x3f,0xff,0xff,0xff,0xff,
    0xfc,0xf8,0xf0,0xff,0xff,0xff,0xf8,0xf0,0xe0,0xff,0xff,0xff,0x70,0x60,0xc0,0xff,
    0xff,0xff,0x60,0x40,0x00,0xff,0xff,0xff,0x00,0x00,0x00,0xff,0xff,0xff,0x00,0x00,
    0x01,0xff,0xff,0xff,0x0f,0x07,0x03,0xff,0xff,0xff,0x3f,0x1f,0x0f,0xff,0xff,0xff,
    0xfc,0xf8,0xf0,0xf0,0xff,0xff,0xf8,0xf0,0xe0,0xe0,0xff,0xff,0x70,0x60,0xc0,0xc0,
    0xff,0xff,0x60,0x40,0x00,0x80,0xff,0xff,0x00,0x00,0x00,0x01,0xff,0xff,0x00,0x00,
    0x01,0x03,0xff,0xff,0x0f,0x07,0x03,0x07,0xff,0xff,0x3f,0x1f,0x0f,0x0f,0xff,0xff,
    0xfc,0xf8,0xf0,0xf0,0xf8,0xff,0xf8,0xf0,0xe0,0xe0,0xf0,0xff,0x70,0x60,0xc0,0xc0,
    0xe0,0xff,0x60,0x40,0x00,0x80,0xc1,0xff,0x00,0x00,0x00,0x01,0x83,0xff,0x00,0x00,
    0x01,0x03,0x07,0xff,0x0f,0x07,0x03,0x07,0x0f,0xff,0x3f,0x1f,0x0f,0x0f,0x1f,0xff,
    0xfc,0xf8,0xf0,0xf0,0xf8,0xfc,0xf8,0xf0,0xe0,0xe0,0xf0,0xf8,0x70,0x60,0xc0,0xc0,
    0xe0,0xf1,0x60,0x40,0x00,0x80,0xc1,0xe3,0x00,0x00,0x00,0x01,0x83,0xc7,0x00,0x00,
    0x01,0x03,0x07,0x8f,0x0f,0x07,0x03,0x07,0x0f,0x1f,0x3f,0x1f,0x0f,0x0f,0x1f,0x3f,
    0xfe,0xf8,0xf0,0xf0,0xf8,0xfc,0xfe,0xf0,0xe0,0xe0,0xf0,0xf8,0x7e,0x60,0xc0,0xc0,
    0xe0,0xf1,0x7e,0x40,0x00,0x80,0xc1,0xe3,0x7e,0x00,0x00,0x01,0x83,0xc7,0x7e,0x00,
    0x01,0x03,0x07,0x8f,0x7f,0x07,0x03,0x07,0x0f,0x1f,0x7f,0x1f,0x0f,0x0f,0x1f,0x3f,
    0xff,0xff,0xff,0xff,0xff,0xff,0xff,0xff,0xff,0xff,0xff,0xff,0xff,0xff,0xff,0xff,
    0xff,0xff,0xff,0xff,0xff,0xff,0xff,0xff,0xff,0xff,0xff,0xff,0xff,0xff,0x00,0x00,
    0x00,0x00,0x00,0x00,0x00,0x00,0x00,0x00,0x00,0x00,0x00,0x00,0x00,0x00,0x00,0x00,
    0xfe,0xff,0xff,0xff,0xff,0xff,0xfd,0xff,0xff,0xff,0xff,0xff,0xfb,0xff,0xff,0xff,
    0xff,0xff,0xf7,0xff,0xff,0xff,0xff,0xff,0xef,0xff,0xff,0xff,0xff,0xff,0x00,0x00,
    0x00,0x00,0x00,0x00,0x00,0x00,0x00,0x00,0x00,0x00,0x00,0x00,0x00,0x00,0x00,0x00,
    0xf8,0xf8,0xff,0xff,0xff,0xff,0xf8,0xf8,0xff,0xff,0xff,0xff,0x70,0x70,0xff,0xff,
    0xff,0xff,0x60,0x60,0xff,0xff,0xff,0xff,0x40,0x40,0xff,0xff,0xff,0xff,0x00,0x00,
    0xff,0xff,0xff,0xff,0x01,0x01,0xff,0xff,0xff,0xff,0x1f,0x2f,0xff,0xff,0xff,0xff,
    0xf8,0xf8,0xf0,0xff,0xff,0xff,0xf8,0xf0,0xe0,0xff,0xff,0xff,0x70,0x60,0xc0,0xff,
    0xff,0xff,0x60,0x40,0x00,0xff,0xff,0xff,0x40,0x00,0x00,0xff,0xff,0xff,0x00,0x00,
    0x01,0xff,0xff,0xff,0x01,0x01,0x03,0xff,0xff,0xff,0x1f,0x0f,0x07,0xff,0xff,0xff,
    0xf8,0xf8,0xf0,0xf0,0xff,0xff,0xf8,0xf0,0xe0,0xe0,0xff,0xff,0x70,0x60,0xc0,0xc0,
    0xff,0xff,0x60,0x40,0x00,0x80,0xff,0xff,0x40,0x00,0x00,0x01,0xff,0xff,0x00,0x00,
    0x01,0x03,0xff,0xff,0x01,0x01,0x03,0x07,0xff,0xff,0x1f,0x0f,0x07,0x0f,0xff,0xff,
    0xf8,0xf8,0xf0,0xf0,0xf8,0xff,0xf8,0xf0,0xe0,0xe0,0xf0,0xff,0x70,0x60,0xc0,0xc0,
    0xe0,0xff,0x60,0x40,0x00,0x80,0xc1,0xff,0x40,0x00,0x00,0x01,0x83,0xff,0x00,0x00,
    0x01,0x03,0x07,0xff,0x01,0x01,0x03,0x07,0x0f,0xff,0x1f,0x0f,0x07,0x0f,0x1f,0xff,
    0xf8,0xf8,0xf0,0xf0,0xf8,0xfc,0xf8,0xf0,0xe0,0xe0,0xf0,0xf8,0x70,0x60,0xc0,0xc0,
    0xe0,0xf1,0x60,0x40,0x00,0x80,0xc1,0xe3,0x40,0x00,0x00,0x01,0x83,0xc7,0x00,0x00,
    0x01,0x03,0x07,0x8f,0x01,0x01,0x03,0x07,0x0f,0x1f,0x1f,0x0f,0x07,0x0f,0x1f,0x3f,
    0xfc,0xf8,0xf0,0xf0,0xf8,0xfc,0xfc,0xf0,0xe0,0xe0,0xf0,0xf8,0x7c,0x60,0xc0,0xc0,
    0xe0,0xf1,0x7c,0x40,0x00,0x80,0xc1,0xe3,0x7c,0x00,0x00,0x01,0x83,0xc7,0x7e,0x00,
    0x01,0x03,0x07,0x8f,0x7f,0x01,0x03,0x07,0x0f,0x1f,0x7f,0x0f,0x07,0x0f,0x1f,0x3f,
    0xff,0xff,0xff,0xff,0xff,0xff,0xff,0xff,0xff,0xff,0xff,0xff,0xff,0xff,0xff,0xff,
    0xff,0xff,0xff,0xff,0xff,0xff,0xff,0xff,0xff,0xff,0xff,0xff,0xff,0xff,0xff,0xff,
    0xff,0xff,0xff,0xff,0x00,0x00,0x00,0x00,0x00,0x00,0x00,0x00,0x00,0x00,0x00,0x00,
    0xfe,0xff,0xff,0xff,0xff,0xff,0xfd,0xff,0xff,0xff,0xff,0xff,0xfb,0xff,0xff,0xff,
    0xff,0xff,0xf7,0xff,0xff,0xff,0xff,0xff,0xef,0xff,0xff,0xff,0xff,0xff,0xdf,0xff,
    0xff,0xff,0xff,0xff,0x00,0x00,0x00,0x00,0x00,0x00,0x00,0x00,0x00,0x00,0x00,0x00,
    0xf8,0xf8,0xff,0xff,0xff,0xff,0xf0,0xf0,0xff,0xff,0xff,0xff,0x70,0x70,0xff,0xff,
    0xff,0xff,0x60,0x60,0xff,0xff,0xff,0xff,0x40,0x40,0xff,0xff,0xff,0xff,0x00,0x00,
    0xff,0xff,0xff,0xff,0x01,0x01,0xff,0xff,0xff,0xff,0x03,0x03,0xff,0xff,0xff,0xff,
    0xf8,0xf8,0xf0,0xff,0xff,0xff,0xf0,0xf0,0xe0,0xff,0xff,0xff,0x70,0x60,0xc0,0xff,
    0xff,0xff,0x60,0x40,0x00,0xff,0xff,0xff,0x40,0x00,0x00,0xff,0xff,0xff,0x00,0x00,
    0x01,0xff,0xff,0xff,0x01,0x01,0x03,0xff,0xff,0xff,0x03,0x03,0x07,0xff,0xff,0xff,
    0xf8,0xf8,0xf0,0xf0,0xff,0xff,0xf0,0xf0,0xe0,0xe0,0xff,0xff,0x70,0x60,0xc0,0xc0,
    0xff,0xff,0x60,0x40,0x00,0x80,0xff,0xff,0x40,0x00,0x00,0x01,0xff,0xff,0x00,0x00,
    0x01,0x03,0xff,0xff,0x01,0x01,0x03,0x07,0xff,0xff,0x03,0x03,0x07,0x0f,0xff,0xff,
    0xf8,0xf8,0xf0,0xf0,0xf8,0xff,0xf0,0xf0,0xe0,0xe0,0xf0,0xff,0x70,0x60,0xc0,0xc0,
    0xe0,0xff,0x60,0x40,0x00,0x80,0xc1,0xff,0x40,0x00,0x00,0x01,0x83,0xff,0x00,0x00,
    0x01,0x03,0x07,0xff,0x01,0x01,0x03,0x07,0x0f,0xff,0x03,0x03,0x07,0x0f,0x1f,0xff,
    0xf8,0xf8,0xf0,0xf0,0xf8,0xfc,0xf0,0xf0,0xe0,0xe0,0xf0,0xf8,0x70,0x60,0xc0,0xc0,
    0xe0,0xf1,0x60,0x40,0x00,0x80,0xc1,0xe3,0x40,0x00,0x00,0x01,0x83,0xc7,0x00,0x00,
    0x01,0x03,0x07,0x8f,0x01,0x01,0x03,0x07,0x0f,0x1f,0x03,0x03,0x07,0x0f,0x1f,0x3f,
    0xf8,0xf8,0xf0,0xf0,0xf8,0xfc,0xf8,0xf0,0xe0,0xe0,0xf0,0xf8,0x78,0x60,0xc0,0xc0,
    0xe0,0xf1,0x78,0x40,0x00,0x80,0xc1,0xe3,0x78,0x00,0x00,0x01,0x83,0xc7,0x78,0x00,
    0x01,0x03,0x07,0x8f,0x7f,0x01,0x03,0x07,0x0f,0x1f,0x7f,0x03,0x07,0x0f,0x1f,0x3f,
    0x00,0x00,0x00,0x00,0x00,0x00,0x00,0x00,0x00,0x00,0x00,0x00,0xfe,0xff,0xff,0xff,
    0xff,0xff,0xfe,0xff,0xff,0xff,0xff,0xff,0xfe,0xff,0xff,0xff,0xff,0xff,0xfe,0xff,
    0xff,0xff,0xff,0xff,0xfe,0xff,0xff,0xff,0xff,0xff,0xfe,0xff,0xff,0xff,0xff,0xff,
    0x00,0x00,0x00,0x00,0x00,0x00,0x00,0x00,0x00,0x00,0x00,0x00,0xfa,0xff,0xff,0xff,
    0xff,0xff,0xf6,0xff,0xff,0xff,0xff,0xff,0xee,0xff,0xff,0xff,0xff,0xff,0xde,0xff,
    0xff,0xff,0xff,0xff,0xbe,0xff,0xff,0xff,0xff,0xff,0x7e,0xff,0xff,0xff,0xff,0xff,
    0x00,0x00,0x00,0x00,0x00,0x00,0x00,0x00,0x00,0x00,0x00,0x00,0x00,0x02,0xff,0xff,
    0xff,0xff,0x02,0x07,0xff,0xff,0xff,0xff,0x06,0x07,0xff,0xff,0xff,0xff,0x0e,0x0f,
    0xff,0xff,0xff,0xff,0x0e,0x0f,0xff,0xff,0xff,0xff,0x1e,0x1f,0xff,0xff,0xff,0xff,
    0xc0,0xc0,0xe0,0xff,0xff,0xff,0x80,0x80,0xc0,0xff,0xff,0xff,0x02,0x00,0x80,0xff,
    0xff,0xff,0x06,0x02,0x02,0xff,0xff,0xff,0x06,0x06,0x06,0xff,0xff,0xff,0x0e,0x0e,
    0x0f,0xff,0xff,0xff,0x0e,0x0f,0x0f,0xff,0xff,0xff,0x1e,0x1f,0x1f,0xff,0xff,0xff,
    0xfe,0xc0,0xe0,0xf0,0xff,0xff,0xfe,0x80,0xc0,0xe0,0xff,0xff,0x02,0x00,0x80,0xc0,
    0xff,0xff,0x06,0x02,0x00,0x80,0xff,0xff,0x06,0x06,0x02,0x01,0xff,0xff,0x0e,0x0e,
    0x07,0x03,0xff,0xff,0x0e,0x0f,0x0f,0x07,0xff,0xff,0x1e,0x1f,0x1f,0x0f,0xff,0xff,
    0xc0,0xc0,0xe0,0xf0,0xf8,0xff,0x80,0x80,0xc0,0xe0,0xf0,0xff,0x02,0x00,0x80,0xc0,
    0xe0,0xff,0x06,0x02,0x00,0x80,0xc1,0xff,0x06,0x06,0x02,0x01,0x83,0xff,0x0e,0x0e,
    0x07,0x03,0x07,0xff,0x0e,0x0f,0x0f,0x07,0x0f,0xff,0x1e,0x1f,0x1f,0x0f,0x1f,0xff,
    0xfe,0xc0,0xe0,0xf0,0xf8,0xfc,0xfe,0x80,0xc0,0xe0,0xf0,0xf8,0x0e,0x00,0x80,0xc0,
    0xe0,0xf1,0x0e,0x02,0x00,0x80,0xc1,0xe3,0x0e,0x06,0x02,0x01,0x83,0xc7,0x0e,0x0e,
    0x07,0x03,0x07,0x8f,0x0e,0x0f,0x0f,0x07,0x0f,0x1f,0x1e,0x1f,0x1f,0x0f,0x1f,0x3f,
    0xfe,0xc0,0xe0,0xf0,0xf8,0xfc,0xfe,0x80,0xc0,0xe0,0xf0,0xf8,0x1e,0x00,0x80,0xc0,
    0xe0,0xf1,0x1e,0x02,0x00,0x80,0xc1,0xe3,0x1e,0x06,0x02,0x01,0x83,0xc7,0x1e,0x0e,
    0x07,0x03,0x07,0x8f,0x1e,0x0f,0x0f,0x07,0x0f,0x1f,0x1e,0x1f,0x1f,0x0f,0x1f,0x3f,
    0x00,0x00,0x00,0x00,0x00,0x00,0x00,0x00,0x00,0x00,0x00,0x00,0x00,0x00,0x00,0x00,
    0x00,0x00,0xfd,0xff,0xff,0xff,0xff,0xff,0xfd,0xff,0xff,0xff,0xff,0xff,0xfd,0xff,
    0xff,0xff,0xff,0xff,0xfd,0xff,0xff,0xff,0xff,0xff,0xfd,0xff,0xff,0xff,0xff,0xff,
    0x00,0x00,0x00,0x00,0x00,0x00,0x00,0x00,0x00,0x00,0x00,0x00,0x00,0x00,0x00,0x00,
    0x00,0x00,0xf5,0xff,0xff,0xff,0xff,0xff,0xed,0xff,0xff,0xff,0xff,0xff,0xdd,0xff,
    0xff,0xff,0xff,0xff,0xbd,0xff,0xff,0xff,0xff,0xff,0x7d,0xff,0xff,0xff,0xff,0xff,
    0x00,0x00,0x00,0x00,0x00,0x00,0x00,0x00,0x00,0x00,0x00,0x00,0x00,0x00,0x00,0x00,
    0x00,0x00,0x01,0x07,0xff,0xff,0xff,0xff,0x05,0x0f,0xff,0xff,0xff,0xff,0x0d,0x0f,
    0xff,0xff,0xff,0xff,0x1d,0x1f,0xff,0xff,0xff,0xff,0x1d,0x1f,0xff,0xff,0xff,0xff,
    0xfc,0xf8,0xf4,0xff,0xff,0xff,0x80,0x80,0xc0,0xff,0xff,0xff,0x00,0x00,0x80,0xff,
    0xff,0xff,0x04,0x02,0x02,0xff,0xff,0xff,0x0c,0x06,0x06,0xff,0xff,0xff,0x0c,0x0e,
    0x0f,0xff,0xff,0xff,0x1d,0x1f,0x1f,0xff,0xff,0xff,0x1d,0x1f,0x1f,0xff,0xff,0xff,
    0xfc,0xf8,0xf0,0xf0,0xff,0xff,0xfc,0x80,0xc0,0xe0,0xff,0xff,0x7c,0x00,0x80,0xc0,
    0xff,0xff,0x04,0x02,0x00,0x80,0xff,0xff,0x0c,0x06,0x02,0x01,0xff,0xff,0x0c,0x0e,
    0x07,0x03,0xff,0xff,0x1d,0x1f,0x0f,0x07,0xff,0xff,0x1d,0x1f,0x1f,0x0f,0xff,0xff,
    0xfc,0xf8,0xf0,0xf0,0xf8,0xff,0x80,0x80,0xc0,0xe0,0xf0,0xff,0x00,0x00,0x80,0xc0,
    0xe0,0xff,0x04,0x02,0x00,0x80,0xc1,0xff,0x0c,0x06,0x02,0x01,0x83,0xff,0x0c,0x0e,
    0x07,0x03,0x07,0xff,0x1d,0x1f,0x0f,0x07,0x0f,0xff,0x1d,0x1f,0x1f,0x0f,0x1f,0xff,
    0xfc,0xf8,0xf0,0xf0,0xf8,0xfc,0xfc,0x80,0xc0,0xe0,0xf0,0xf8,0x7c,0x00,0x80,0xc0,
    0xe0,0xf1,0x1c,0x02,0x00,0x80,0xc1,0xe3,0x1c,0x06,0x02,0x01,0x83,0xc7,0x1c,0x0e,
    0x07,0x03,0x07,0x8f,0x1d,0x1f,0x0f,0x07,0x0f,0x1f,0x1d,0x1f,0x1f,0x0f,0x1f,0x3f,
    0xfc,0xf8,0xf0,0xf0,0xf8,0xfc,0xfc,0x80,0xc0,0xe0,0xf0,0xf8,0x7c,0x00,0x80,0xc0,
    0xe0,0xf1,0x3c,0x02,0x00,0x80,0xc1,0xe3,0x3c,0x06,0x02,0x01,0x83,0xc7,0x3c,0x0e,
    0x07,0x03,0x07,0x8f,0x3d,0x1f,0x0f,0x07,0x0f,0x1f,0x3d,0x1f,0x1f,0x0f,0x1f,0x3f,
    0xfb,0xff,0xff,0xff,0xff,0xff,0x00,0x00,0x00,0x00,0x00,0x00,0x00,0x00,0x00,0x00,
    0x00,0x00,0x00,0x00,0x00,0x00,0x00,0x00,0xfb,0xff,0xff,0xff,0xff,0xff,0xfb,0xff,
    0xff,0xff,0xff,0xff,0xfb,0xff,0xff,0xff,0xff,0xff,0xfb,0xff,0xff,0xff,0xff,0xff,
    0xfa,0xff,0xff,0xff,0xff,0xff,0x00,0x00,0x00,0x00,0x00,0x00,0x00,0x00,0x00,0x00,
    0x00,0x00,0x00,0x00,0x00,0x00,0x00,0x00,0xeb,0xff,0xff,0xff,0xff,0xff,0xdb,0xff,
    0xff,0xff,0xff,0xff,0xbb,0xff,0xff,0xff,0xff,0xff,0x7b,0xff,0xff,0xff,0xff,0xff,
    0xf8,0xfe,0xff,0xff,0xff,0xff,0x00,0x00,0x00,0x00,0x00,0x00,0x00,0x00,0x00,0x00,
    0x00,0x00,0x00,0x00,0x00,0x00,0x00,0x00,0x03,0x0f,0xff,0xff,0xff,0xff,0x0b,0x1f,
    0xff,0xff,0xff,0xff,0x1b,0x1f,0xff,0xff,0xff,0xff,0x3b,0x3f,0xff,0xff,0xff,0xff,
    0xfa,0xfc,0xfc,0xff,0xff,0xff,0xf8,0xf0,0xe8,0xff,0xff,0xff,0x00,0x00,0x80,0xff,
    0xff,0xff,0x02,0x00,0x02,0xff,0xff,0xff,0x0a,0x06,0x06,0xff,0xff,0xff,0x1a,0x0e,
    0x0f,0xff,0xff,0xff,0x1b,0x1f,0x1f,0xff,0xff,0xff,0x3b,0x3f,0x3f,0xff,0xff,0xff,
    0xfa,0xfc,0xf8,0xf0,0xff,0xff,0xfa,0xf0,0xe0,0xe0,0xff,0xff,0x7a,0x00,0x80,0xc0,
    0xff,0xff,0x7a,0x00,0x00,0x80,0xff,0xff,0x0a,0x06,0x02,0x01,0xff,0xff,0x1a,0x0e,
    0x07,0x03,0xff,0xff,0x1b,0x1f,0x0f,0x07,0xff,0xff,0x3b,0x3f,0x1f,0x0f,0xff,0xff,
    0xfa,0xfc,0xf8,0xf0,0xf8,0xff,0xf8,0xf0,0xe0,0xe0,0xf0,0xff,0x00,0x00,0x80,0xc0,
    0xe0,0xff,0x02,0x00,0x00,0x80,0xc1,0xff,0x0a,0x06,0x02,0x01,0x83,0xff,0x1a,0x0e,
    0x07,0x03,0x07,0xff,0x1b,0x1f,0x0f,0x07,0x0f,0xff,0x3b,0x3f,0x1f,0x0f,0x1f,0xff,
    0xfa,0xfc,0xf8,0xf0,0xf8,0xfc,0xfa,0xf0,0xe0,0xe0,0xf0,0xf8,0x7a,0x00,0x80,0xc0,
    0xe0,0xf1,0x7a,0x00,0x00,0x80,0xc1,0xe3,0x3a,0x06,0x02,0x01,0x83,0xc7,0x3a,0x0e,
    0x07,0x03,0x07,0x8f,0x3b,0x1f,0x0f,0x07,0x0f,0x1f,0x3b,0x3f,0x1f,0x0f,0x1f,0x3f,
    0xfa,0xfc,0xf8,0xf0,0xf8,0xfc,0xfa,0xf0,0xe0,0xe0,0xf0,0xf8,0x7a,0x00,0x80,0xc0,
    0xe0,0xf1,0x7a,0x00,0x00,0x80,0xc1,0xe3,0x7a,0x06,0x02,0x01,0x83,0xc7,0x7a,0x0e,
    0x07,0x03,0x07,0x8f,0x7b,0x1f,0x0f,0x07,0x0f,0x1f,0x7b,0x3f,0x1f,0x0f,0x1f,0x3f,
    0xf7,0xff,0xff,0xff,0xff,0xff,0xf7,0xff,0xff,0xff,0xff,0xff,0x00,0x00,0x00,0x00,
    0x00,0x00,0x00,0x00,0x00,0x00,0x00,0x00,0x00,0x00,0x00,0x00,0x00,0x00,0xf7,0xff,
    0xff,0xff,0xff,0xff,0xf7,0xff,0xff,0xff,0xff,0xff,0xf7,0xff,0xff,0xff,0xff,0xff,
    0xf6,0xff,0xff,0xff,0xff,0xff,0xf5,0xff,0xff,0xff,0xff,0xff,0x00,0x00,0x00,0x00,
    0x00,0x00,0x00,0x00,0x00,0x00,0x00,0x00,0x00,0x00,0x00,0x00,0x00,0x00,0xd7,0xff,
    0xff,0xff,0xff,0xff,0xb7,0xff,0xff,0xff,0xff,0xff,0x77,0xff,0xff,0xff,0xff,0xff,
    0xf4,0xfe,0xff,0xff,0xff,0xff,0xf0,0xfc,0xff,0xff,0xff,0xff,0x00,0x00,0x00,0x00,
    0x00,0x00,0x00,0x00,0x00,0x00,0x00,0x00,0x00,0x00,0x00,0x00,0x00,0x00,0x07,0x1f,
    0xff,0xff,0xff,0xff,0x17,0x3f,0xff,0xff,0xff,0xff,0x37,0x3f,0xff,0xff,0xff,0xff,
    0xf6,0xfc,0xfc,0xff,0xff,0xff,0xf4,0xf8,0xf8,0xff,0xff,0xff,0x70,0x60,0xd0,0xff,
    0xff,0xff,0x00,0x00,0x00,0xff,0xff,0xff,0x06,0x02,0x04,0xff,0xff,0xff,0x16,0x0e,
    0x0f,0xff,0xff,0xff,0x37,0x1f,0x1f,0xff,0xff,0xff,0x37,0x3f,0x3f,0xff,0xff,0xff,
    0xf6,0xfc,0xf8,0xf0,0xff,0xff,0xf4,0xf8,0xf0,0xe0,0xff,0xff,0x76,0x60,0xc0,0xc0,
    0xff,0xff,0x76,0x00,0x00,0x80,0xff,0xff,0x76,0x02,0x00,0x01,0xff,0xff,0x16,0x0e,
    0x07,0x03,0xff,0xff,0x37,0x1f,0x0f,0x07,0xff,0xff,0x37,0x3f,0x1f,0x0f,0xff,0xff,
    0xf6,0xfc,0xf8,0xf0,0xf8,0xff,0xf4,0xf8,0xf0,0xe0,0xf0,0xff,0x70,0x60,0xc0,0xc0,
    0xe0,0xff,0x00,0x00,0x00,0x80,0xc1,0xff,0x06,0x02,0x00,0x01,0x83,0xff,0x16,0x0e,
    0x07,0x03,0x07,0xff,0x37,0x1f,0x0f,0x07,0x0f,0xff,0x37,0x3f,0x1f,0x0f,0x1f,0xff,
    0xf6,0xfc,0xf8,0xf0,0xf8,0xfc,0xf6,0xf8,0xf0,0xe0,0xf0,0xf8,0x76,0x60,0xc0,0xc0,
    0xe0,0xf1,0x76,0x00,0x00,0x80,0xc1,0xe3,0x76,0x02,0x00,0x01,0x83,0xc7,0x76,0x0e,
    0x07,0x03,0x07,0x8f,0x77,0x1f,0x0f,0x07,0x0f,0x1f,0x77,0x3f,0x1f,0x0f,0x1f,0x3f,
    0xf6,0xfc,0xf8,0xf0,0xf8,0xfc,0xf6,0xf8,0xf0,0xe0,0xf0,0xf8,0x76,0x60,0xc0,0xc0,
    0xe0,0xf1,0x76,0x00,0x00,0x80,0xc1,0xe3,0x76,0x02,0x00,0x01,0x83,0xc7,0x76,0x0e,
    0x07,0x03,0x07,0x8f,0x77,0x1f,0x0f,0x07,0x0f,0x1f,0x77,0x3f,0x1f,0x0f,0x1f,0x3f,
    0xef,0xff,0xff,0xff,0xff,0xff,0xef,0xff,0xff,0xff,0xff,0xff,0xef,0xff,0xff,0xff,
    0xff,0xff,0x00,0x00,0x00,0x00,0x00,0x00,0x00,0x00,0x00,0x00,0x00,0x00,0x00,0x00,
    0x00,0x00,0x00,0x00,0xef,0xff,0xff,0xff,0xff,0xff,0xef,0xff,0xff,0xff,0xff,0xff,
    0xee,0xff,0xff,0xff,0xff,0xff,0xed,0xff,0xff,0xff,0xff,0xff,0xeb,0xff,0xff,0xff,
    0xff,0xff,0x00,0x00,0x00,0x00,0x00,0x00,0x00,0x00,0x00,0x00,0x00,0x00,0x00,0x00,
    0x00,0x00,0x00,0x00,0xaf,0xff,0xff,0xff,0xff,0xff,0x6f,0xff,0xff,0xff,0xff,0xff,
    0xec,0xfc,0xff,0xff,0xff,0xff,0xe8,0xfc,0xff,0xff,0xff,0xff,0xe0,0xf8,0xff,0xff,
    0xff,0xff,0x00,0x00,0x00,0x00,0x00,0x00,0x00,0x00,0x00,0x00,0x00,0x00,0x00,0x00,
    0x00,0x00,0x00,0x00,0x0f,0x3f,0xff,0xff,0xff,0xff,0x2f,0x7f,0xff,0xff,0xff,0xff,
    0xec,0xfc,0xfc,0xff,0xff,0xff,0xec,0xf8,0xf8,0xff,0xff,0xff,0x68,0x70,0xf0,0xff,
    0xff,0xff,0x60,0x40,0x20,0xff,0xff,0xff,0x00,0x00,0x00,0xff,0xff,0xff,0x0e,0x06,
    0x0b,0xff,0xff,0xff,0x2f,0x1f,0x1f,0xff,0xff,0xff,0x6f,0x3f,0x3f,0xff,0xff,0xff,
    0xec,0xfc,0xf8,0xf0,0xff,0xff,0xec,0xf8,0xf0,0xe0,0xff,0xff,0x68,0x70,0xe0,0xc0,
    0xff,0xff,0x6e,0x40,0x00,0x80,0xff,0xff,0x6e,0x00,0x00,0x01,0xff,0xff,0x6e,0x06,
    0x03,0x03,0xff,0xff,0x2f,0x1f,0x0f,0x07,0xff,0xff,0x6f,0x3f,0x1f,0x0f,0xff,0xff,
    0xec,0xfc,0xf8,0xf0,0xf8,0xff,0xec,0xf8,0xf0,0xe0,0xf0,0xff,0x68,0x70,0xe0,0xc0,
    0xe0,0xff,0x60,0x40,0x00,0x80,0xc1,0xff,0x00,0x00,0x00,0x01,0x83,0xff,0x0e,0x06,
    0x03,0x03,0x07,0xff,0x2f,0x1f,0x0f,0x07,0x0f,0xff,0x6f,0x3f,0x1f,0x0f,0x1f,0xff,
    0xee,0xfc,0xf8,0xf0,0xf8,0xfc,0xee,0xf8,0xf0,0xe0,0xf0,0xf8,0x6e,0x70,0xe0,0xc0,
    0xe0,0xf1,0x6e,0x40,0x00,0x80,0xc1,0xe3,0x6e,0x00,0x00,0x01,0x83,0xc7,0x6e,0x06,
    0x03,0x03,0x07,0x8f,0x6f,0x1f,0x0f,0x07,0x0f,0x1f,0x6f,0x3f,0x1f,0x0f,0x1f,0x3f,
    0xee,0xfc,0xf8,0xf0,0xf8,0xfc,0xee,0xf8,0xf0,0xe0,0xf0,0xf8,0x6e,0x70,0xe0,0xc0,
    0xe0,0xf1,0x6e,0x40,0x00,0x80,0xc1,0xe3,0x6e,0x00,0x00,0x01,0x83,0xc7,0x6e,0x06,
    0x03,0x03,0x07,0x8f,0x6f,0x1f,0x0f,0x07,0x0f,0x1f,0x6f,0x3f,0x1f,0x0f,0x1f,0x3f,
    0xdf,0xff,0xff,0xff,0xff,0xff,0xdf,0xff,0xff,0xff,0xff,0xff,0xdf,0xff,0xff,0xff,
    0xff,0xff,0xdf,0xff,0xff,0xff,0xff,0xff,0x00,0x00,0x00,0x00,0x00,0x00,0x00,0x00,
    0x00,0x00,0x00,0x00,0x00,0x00,0x00,0x00,0x00,0x00,0xdf,0xff,0xff,0xff,0xff,0xff,
    0xde,0xff,0xff,0xff,0xff,0xff,0xdd,0xff,0xff,0xff,0xff,0xff,0xdb,0xff,0xff,0xff,
    0xff,0xff,0xd7,0xff,0xff,0xff,0xff,0xff,0x00,0x00,0x00,0x00,0x00,0x00,0x00,0x00,
    0x00,0x00,0x00,0x00,0x00,0x00,0x00,0x00,0x00,0x00,0x5f,0xff,0xff,0xff,0xff,0xff,
    0xdc,0xfc,0xff,0xff,0xff,0xff,0xd8,0xf8,0xff,0xff,0xff,0xff,0xd0,0xf8,0xff,0xff,
    0xff,0xff,0xc0,0xf0,0xff,0xff,0xff,0xff,0x00,0x00,0x00,0x00,0x00,0x00,0x00,0x00,
    0x00,0x00,0x00,0x00,0x00,0x00,0x00,0x00,0x00,0x00,0x1f,0x7f,0xff,0xff,0xff,0xff,
    0xdc,0xfc,0xfc,0xff,0xff,0xff,0xd8,0xf8,0xf8,0xff,0xff,0xff,0x58,0x70,0xf0,0xff,
    0xff,0xff,0x50,0x60,0x60,0xff,0xff,0xff,0x40,0x00,0x40,0xff,0xff,0xff,0x00,0x00,
    0x01,0xff,0xff,0xff,0x1f,0x0f,0x17,0xff,0xff,0xff,0x5f,0x3f,0x3f,0xff,0xff,0xff,
    0xdc,0xfc,0xf8,0xf0,0xff,0xff,0xd8,0xf8,0xf0,0xe0,0xff,0xff,0x58,0x70,0xe0,0xc0,
    0xff,0xff,0x50,0x60,0x40,0x80,0xff,0xff,0x5e,0x00,0x00,0x01,0xff,0xff,0x5e,0x00,
    0x01,0x03,0xff,0xff,0x5f,0x0f,0x07,0x07,0xff,0xff,0x5f,0x3f,0x1f,0x0f,0xff,0xff,
    0xdc,0xfc,0xf8,0xf0,0xf8,0xff,0xd8,0xf8,0xf0,0xe0,0xf0,0xff,0x58,0x70,0xe0,0xc0,
    0xe0,0xff,0x50,0x60,0x40,0x80,0xc1,0xff,0x40,0x00,0x00,0x01,0x83,0xff,0x00,0x00,
    0x01,0x03,0x07,0xff,0x1f,0x0f,0x07,0x07,0x0f,0xff,0x5f,0x3f,0x1f,0x0f,0x1f,0xff,
    0xdc,0xfc,0xf8,0xf0,0xf8,0xfc,0xdc,0xf8,0xf0,0xe0,0xf0,0xf8,0x5c,0x70,0xe0,0xc0,
    0xe0,0xf1,0x5c,0x60,0x40,0x80,0xc1,0xe3,0x5e,0x00,0x00,0x01,0x83,0xc7,0x5e,0x00,
    0x01,0x03,0x07,0x8f,0x5f,0x0f,0x07,0x07,0x0f,0x1f,0x5f,0x3f,0x1f,0x0f,0x1f,0x3f,
    0xde,0xfc,0xf8,0xf0,0xf8,0xfc,0xde,0xf8,0xf0,0xe0,0xf0,0xf8,0x5e,0x70,0xe0,0xc0,
    0xe0,0xf1,0x5e,0x60,0x40,0x80,0xc1,0xe3,0x5e,0x00,0x00,0x01,0x83,0xc7,0x5e,0x00,
    0x01,0x03,0x07,0x8f,0x5f,0x0f,0x07,0x07,0x0f,0x1f,0x5f,0x3f,0x1f,0x0f,0x1f,0x3f,
    0xbf,0xff,0xff,0xff,0xff,0xff,0xbf,0xff,0xff,0xff,0xff,0xff,0xbf,0xff,0xff,0xff,
    0xff,0xff,0xbf,0xff,0xff,0xff,0xff,0xff,0xbf,0xff,0xff,0xff,0xff,0xff,0x00,0x00,
    0x00,0x00,0x00,0x00,0x00,0x00,0x00,0x00,0x00,0x00,0x00,0x00,0x00,0x00,0x00,0x00,
    0xbe,0xff,0xff,0xff,0xff,0xff,0xbd,0xff,0xff,0xff,0xff,0xff,0xbb,0xff,0xff,0xff,
    0xff,0xff,0xb7,0xff,0xff,0xff,0xff,0xff,0xaf,0xff,0xff,0xff,0xff,0xff,0x00,0x00,
    0x00,0x00,0x00,0x00,0x00,0x00,0x00,0x00,0x00,0x00,0x00,0x00,0x00,0x00,0x00,0x00,
    0xb8,0xf8,0xff,0xff,0xff,0xff,0xb8,0xf8,0xff,0xff,0xff,0xff,0xb0,0xf0,0xff,0xff,
    0xff,0xff,0xa0,0xf0,0xff,0xff,0xff,0xff,0x80,0xe0,0xff,0xff,0xff,0xff,0x00,0x00,
    0x00,0x00,0x00,0x00,0x00,0x00,0x00,0x00,0x00,0x00,0x00,0x00,0x00,0x00,0x00,0x00,
    0xb8,0xf8,0xf8,0xff,0xff,0xff,0xb8,0xf8,0xf8,0xff,0xff,0xff,0x30,0x70,0xf0,0xff,
    0xff,0xff,0x30,0x60,0x60,0xff,0xff,0xff,0x20,0x40,0x40,0xff,0xff,0xff,0x00,0x00,
    0x01,0xff,0xff,0xff,0x01,0x01,0x03,0xff,0xff,0xff,0x3f,0x1f,0x2f,0xff,0xff,0xff,
    0xb8,0xf8,0xf8,0xf0,0xff,0xff,0xb8,0xf8,0xf0,0xe0,0xff,0xff,0x30,0x70,0xe0,0xc0,
    0xff,0xff,0x30,0x60,0x40,0x80,0xff,0xff,0x20,0x40,0x00,0x01,0xff,0xff,0x3e,0x00,
    0x01,0x03,0xff,0xff,0x3f,0x01,0x03,0x07,0xff,0xff,0x3f,0x1f,0x0f,0x0f,0xff,0xff,
    0xb8,0xf8,0xf8,0xf0,0xf8,0xff,0xb8,0xf8,0xf0,0xe0,0xf0,0xff,0x30,0x70,0xe0,0xc0,
    0xe0,0xff,0x30,0x60,0x40,0x80,0xc1,0xff,0x20,0x40,0x00,0x01,0x83,0xff,0x00,0x00,
    0x01,0x03,0x07,0xff,0x01,0x01,0x03,0x07,0x0f,0xff,0x3f,0x1f,0x0f,0x0f,0x1f,0xff,
    0xb8,0xf8,0xf8,0xf0,0xf8,0xfc,0xb8,0xf8,0xf0,0xe0,0xf0,0xf8,0x38,0x70,0xe0,0xc0,
    0xe0,0xf1,0x38,0x60,0x40,0x80,0xc1,0xe3,0x38,0x40,0x00,0x01,0x83,0xc7,0x3e,0x00,
    0x01,0x03,0x07,0x8f,0x3f,0x01,0x03,0x07,0x0f,0x1f,0x3f,0x1f,0x0f,0x0f,0x1f,0x3f,
    0xbc,0xf8,0xf8,0xf0,0xf8,0xfc,0xbc,0xf8,0xf0,0xe0,0xf0,0xf8,0x3c,0x70,0xe0,0xc0,
    0xe0,0xf1,0x3c,0x60,0x40,0x80,0xc1,0xe3,0x3c,0x40,0x00,0x01,0x83,0xc7,0x3e,0x00,
    0x01,0x03,0x07,0x8f,0x3f,0x01,0x03,0x07,0x0f,0x1f,0x3f,0x1f,0x0f,0x0f,0x1f,0x3f,
    0x7f,0xff,0xff,0xff,0xff,0xff,0x7f,0xff,0xff,0xff,0xff,0xff,0x7f,0xff,0xff,0xff,
    0xff,0xff,0x7f,0xff,0xff,0xff,0xff,0xff,0x7f,0xff,0xff,0xff,0xff,0xff,0x7f,0xff,
    0xff,0xff,0xff,0xff,0x00,0x00,0x00,0x00,0x00,0x00,0x00,0x00,0x00,0x00,0x00,0x00,
    0x7e,0xff,0xff,0xff,0xff,0xff,0x7d,0xff,0xff,0xff,0xff,0xff,0x7b,0xff,0xff,0xff,
    0xff,0xff,0x77,0xff,0xff,0xff,0xff,0xff,0x6f,0xff,0xff,0xff,0xff,0xff,0x5f,0xff,
    0xff,0xff,0xff,0xff,0x00,0x00,0x00,0x00,0x00,0x00,0x00,0x00,0x00,0x00,0x00,0x00,
    0x78,0xf8,0xff,0xff,0xff,0xff,0x70,0xf0,0xff,0xff,0xff,0xff,0x70,0xf0,0xff,0xff,
    0xff,0xff,0x60,0xe0,0xff,0xff,0xff,0xff,0x40,0xe0,0xff,0xff,0xff,0xff,0x00,0x40,
    0xff,0xff,0xff,0xff,0x00,0x00,0x00,0x00,0x00,0x00,0x00,0x00,0x00,0x00,0x00,0x00,
    0x78,0xf8,0xf8,0xff,0xff,0xff,0x70,0xf0,0xf0,0xff,0xff,0xff,0x70,0x70,0xf0,0xff,
    0xff,0xff,0x60,0x60,0x60,0xff,0xff,0xff,0x60,0x40,0x40,0xff,0xff,0xff,0x40,0x00,
    0x01,0xff,0xff,0xff,0x01,0x01,0x03,0xff,0xff,0xff,0x03,0x03,0x07,0xff,0xff,0xff,
    0x78,0xf8,0xf8,0xf0,0xff,0xff,0x70,0xf0,0xf0,0xe0,0xff,0xff,0x70,0x70,0xe0,0xc0,
    0xff,0xff,0x60,0x60,0x40,0x80,0xff,0xff,0x60,0x40,0x00,0x01,0xff,0xff,0x40,0x00,
    0x01,0x03,0xff,0xff,0x7f,0x01,0x03,0x07,0xff,0xff,0x7f,0x03,0x07,0x0f,0xff,0xff,
    0x78,0xf8,0xf8,0xf0,0xf8,0xff,0x70,0xf0,0xf0,0xe0,0xf0,0xff,0x70,0x70,0xe0,0xc0,
    0xe0,0xff,0x60,0x60,0x40,0x80,0xc1,0xff,0x60,0x40,0x00,0x01,0x83,0xff,0x40,0x00,
    0x01,0x03,0x07,0xff,0x01,0x01,0x03,0x07,0x0f,0xff,0x03,0x03,0x07,0x0f,0x1f,0xff,
    0x78,0xf8,0xf8,0xf0,0xf8,0xfc,0x70,0xf0,0xf0,0xe0,0xf0,0xf8,0x70,0x70,0xe0,0xc0,
    0xe0,0xf1,0x70,0x60,0x40,0x80,0xc1,0xe3,0x70,0x40,0x00,0x01,0x83,0xc7,0x70,0x00,
    0x01,0x03,0x07,0x8f,0x7f,0x01,0x03,0x07,0x0f,0x1f,0x7f,0x03,0x07,0x0f,0x1f,0x3f,
    0x78,0xf8,0xf8,0xf0,0xf8,0xfc,0x78,0xf0,0xf0,0xe0,0xf0,0xf8,0x78,0x70,0xe0,0xc0,
    0xe0,0xf1,0x78,0x60,0x40,0x80,0xc1,0xe3,0x78,0x40,0x00,0x01,0x83,0xc7,0x78,0x00,
    0x01,0x03,0x07,0x8f,0x7f,0x01,0x03,0x07,0x0f,0x1f,0x7f,0x03,0x07,0x0f,0x1f,0x3f,
    0xff,0xfe,0xff,0xff,0xff,0xff,0xff,0xfe,0xff,0xff,0xff,0xff,0xff,0xfe,0xff,0xff,
    0xff,0xff,0xff,0xfe,0xff,0xff,0xff,0xff,0xff,0xfe,0xff,0xff,0xff,0xff,0xff,0xfe,
    0xff,0xff,0xff,0xff,0xff,0xfe,0xff,0xff,0xff,0xff,0xff,0xfe,0xff,0xff,0xff,0xff,
    0x00,0x00,0x00,0x00,0x00,0x00,0x00,0x00,0x00,0x00,0x00,0x00,0xfb,0xfe,0xff,0xff,
    0xff,0xff,0xf7,0xfe,0xff,0xff,0xff,0xff,0xef,0xfe,0xff,0xff,0xff,0xff,0xdf,0xfe,
    0xff,0xff,0xff,0xff,0xbf,0xfe,0xff,0xff,0xff,0xff,0x7f,0xfe,0xff,0xff,0xff,0xff,
    0x00,0x00,0x00,0x00,0x00,0x00,0x00,0x00,0x00,0x00,0x00,0x00,0x00,0x02,0xff,0xff,
    0xff,0xff,0x03,0x06,0xff,0xff,0xff,0xff,0x07,0x06,0xff,0xff,0xff,0xff,0x0f,0x0e,
    0xff,0xff,0xff,0xff,0x0f,0x0e,0xff,0xff,0xff,0xff,0x1f,0x1e,0xff,0xff,0xff,0xff,
    0x00,0x00,0x00,0x00,0x00,0x00,0x00,0x00,0x00,0x00,0x00,0x00,0x02,0x00,0x82,0xff,
    0xff,0xff,0x07,0x02,0x07,0xff,0xff,0xff,0x07,0x06,0x07,0xff,0xff,0xff,0x0f,0x0e,
    0x0f,0xff,0xff,0xff,0x0f,0x0e,0x0f,0xff,0xff,0xff,0x1f,0x1e,0x1f,0xff,0xff,0xff,
    0xc0,0xc0,0xe0,0xf0,0xff,0xff,0xfe,0x80,0xc0,0xe0,0xff,0xff,0x02,0x02,0x80,0xc0,
    0xff,0xff,0x06,0x06,0x02,0x82,0xff,0xff,0x06,0x06,0x06,0x07,0xff,0xff,0x0e,0x0e,
    0x0f,0x0f,0xff,0xff,0x0f,0x0e,0x0f,0x0f,0xff,0xff,0x1f,0x1e,0x1f,0x1f,0xff,0xff,
    0xfe,0xfe,0xe0,0xf0,0xf8,0xff,0xfe,0xfe,0xc0,0xe0,0xf0,0xff,0x06,0x02,0x80,0xc0,
    0xe0,0xff,0x06,0x06,0x02,0x80,0xc1,0xff,0x06,0x06,0x06,0x03,0x83,0xff,0x0e,0x0e,
    0x0f,0x07,0x07,0xff,0x0f,0x0e,0x0f,0x0f,0x0f,0xff,0x1f,0x1e,0x1f,0x1f,0x1f,0xff,
    0xfe,0xc0,0xe0,0xf0,0xf8,0xfc,0xfe,0x80,0xc0,0xe0,0xf0,0xf8,0x0e,0x02,0x80,0xc0,
    0xe0,0xf1,0x0e,0x06,0x02,0x80,0xc1,0xe3,0x0e,0x06,0x06,0x03,0x83,0xc7,0x0e,0x0e,
    0x0f,0x07,0x07,0x8f,0x0f,0x0e,0x0f,0x0f,0x0f,0x1f,0x1f,0x1e,0x1f,0x1f,0x1f,0x3f,
    0xfe,0xfe,0xe0,0xf0,0xf8,0xfc,0xfe,0xfe,0xc0,0xe0,0xf0,0xf8,0x1e,0x0e,0x80,0xc0,
    0xe0,0xf1,0x1e,0x0e,0x02,0x80,0xc1,0xe3,0x1e,0x0e,0x06,0x03,0x83,0xc7,0x1e,0x0e,
    0x0f,0x07,0x07,0x8f,0x1f,0x0e,0x0f,0x0f,0x0f,0x1f,0x1f,0x1e,0x1f,0x1f,0x1f,0x3f,
    0xff,0xfd,0xff,0xff,0xff,0xff,0xff,0xfd,0xff,0xff,0xff,0xff,0xff,0xfd,0xff,0xff,
    0xff,0xff,0xff,0xfd,0xff,0xff,0xff,0xff,0xff,0xfd,0xff,0xff,0xff,0xff,0xff,0xfd,
    0xff,0xff,0xff,0xff,0xff,0xfd,0xff,0xff,0xff,0xff,0xff,0xfd,0xff,0xff,0xff,0xff,
    0x00,0x00,0x00,0x00,0x00,0x00,0x00,0x00,0x00,0x00,0x00,0x00,0x00,0x00,0x00,0x00,
    0x00,0x00,0xf7,0xfd,0xff,0xff,0xff,0xff,0xef,0xfd,0xff,0xff,0xff,0xff,0xdf,0xfd,
    0xff,0xff,0xff,0xff,0xbf,0xfd,0xff,0xff,0xff,0xff,0x7f,0xfd,0xff,0xff,0xff,0xff,
    0x00,0x00,0x00,0x00,0x00,0x00,0x00,0x00,0x00,0x00,0x00,0x00,0x00,0x00,0x00,0x00,
    0x00,0x00,0x03,0x05,0xff,0xff,0xff,0xff,0x07,0x0d,0xff,0xff,0xff,0xff,0x0f,0x0d,
    0xff,0xff,0xff,0xff,0x1f,0x1d,0xff,0xff,0xff,0xff,0x1f,0x1d,0xff,0xff,0xff,0xff,
    0x00,0x00,0x00,0x00,0x00,0x00,0x00,0x00,0x00,0x00,0x00,0x00,0x00,0x00,0x00,0x00,
    0x00,0x00,0x07,0x01,0x07,0xff,0xff,0xff,0x0f,0x05,0x0f,0xff,0xff,0xff,0x0f,0x0d,
    0x0f,0xff,0xff,0xff,0x1f,0x1d,0x1f,0xff,0xff,0xff,0x1f,0x1d,0x1f,0xff,0xff,0xff,
    0xfe,0xfc,0xf8,0xf4,0xff,0xff,0x80,0x80,0xc0,0xe0,0xff,0xff,0x7e,0x00,0x80,0xc0,
    0xff,0xff,0x06,0x04,0x02,0x82,0xff,0xff,0x0e,0x0c,0x06,0x07,0xff,0xff,0x0e,0x0c,
    0x0f,0x0f,0xff,0xff,0x1f,0x1d,0x1f,0x1f,0xff,0xff,0x1f,0x1d,0x1f,0x1f,0xff,0xff,
    0xfe,0xfc,0xf8,0xf0,0xf8,0xff,0xfe,0xfc,0xc0,0xe0,0xf0,0xff,0x7e,0x7c,0x80,0xc0,
    0xe0,0xff,0x0e,0x04,0x02,0x80,0xc1,0xff,0x0e,0x0c,0x06,0x03,0x83,0xff,0x0e,0x0c,
    0x0f,0x07,0x07,0xff,0x1f,0x1d,0x1f,0x0f,0x0f,0xff,0x1f,0x1d,0x1f,0x1f,0x1f,0xff,
    0xfe,0xfc,0xf8,0xf0,0xf8,0xfc,0xfe,0x80,0xc0,0xe0,0xf0,0xf8,0x7e,0x00,0x80,0xc0,
    0xe0,0xf1,0x1e,0x04,0x02,0x80,0xc1,0xe3,0x1e,0x0c,0x06,0x03,0x83,0xc7,0x1e,0x0c,
    0x0f,0x07,0x07,0x8f,0x1f,0x1d,0x1f,0x0f,0x0f,0x1f,0x1f,0x1d,0x1f,0x1f,0x1f,0x3f,
    0xfe,0xfc,0xf8,0xf0,0xf8,0xfc,0xfe,0xfc,0xc0,0xe0,0xf0,0xf8,0x7e,0x7c,0x80,0xc0,
    0xe0,0xf1,0x3e,0x1c,0x02,0x80,0xc1,0xe3,0x3e,0x1c,0x06,0x03,0x83,0xc7,0x3e,0x1c,
    0x0f,0x07,0x07,0x8f,0x3f,0x1d,0x1f,0x0f,0x0f,0x1f,0x3f,0x1d,0x1f,0x1f,0x1f,0x3f,
    0xff,0xfb,0xff,0xff,0xff,0xff,0xff,0xfb,0xff,0xff,0xff,0xff,0xff,0xfb,0xff,0xff,
    0xff,0xff,0xff,0xfb,0xff,0xff,0xff,0xff,0xff,0xfb,0xff,0xff,0xff,0xff,0xff,0xfb,
    0xff,0xff,0xff,0xff,0xff,0xfb,0xff,0xff,0xff,0xff,0xff,0xfb,0xff,0xff,0xff,0xff,
    0xfe,0xfb,0xff,0xff,0xff,0xff,0x00,0x00,0x00,0x00,0x00,0x00,0x00,0x00,0x00,0x00,
    0x00,0x00,0x00,0x00,0x00,0x00,0x00,0x00,0xef,0xfb,0xff,0xff,0xff,0xff,0xdf,0xfb,
    0xff,0xff,0xff,0xff,0xbf,0xfb,0xff,0xff,0xff,0xff,0x7f,0xfb,0xff,0xff,0xff,0xff,
    0xfc,0xfa,0xff,0xff,0xff,0xff,0x00,0x00,0x00,0x00,0x00,0x00,0x00,0x00,0x00,0x00,
    0x00,0x00,0x00,0x00,0x00,0x00,0x00,0x00,0x07,0x0b,0xff,0xff,0xff,0xff,0x0f,0x1b,
    0xff,0xff,0xff,0xff,0x1f,0x1b,0xff,0xff,0xff,0xff,0x3f,0x3b,0xff,0xff,0xff,0xff,
    0xfe,0xf8,0xfe,0xff,0xff,0xff,0x00,0x00,0x00,0x00,0x00,0x00,0x00,0x00,0x00,0x00,
    0x00,0x00,0x00,0x00,0x00,0x00,0x00,0x00,0x0f,0x03,0x0f,0xff,0xff,0xff,0x1f,0x0b,
    0x1f,0xff,0xff,0xff,0x1f,0x1b,0x1f,0xff,0xff,0xff,0x3f,0x3b,0x3f,0xff,0xff,0xff,
    0xfe,0xfa,0xfc,0xfc,0xff,0xff,0xfe,0xf8,0xf0,0xe8,0xff,0xff,0x00,0x00,0x80,0xc0,
    0xff,0xff,0x7e,0x02,0x00,0x82,0xff,0xff,0x0e,0x0a,0x06,0x07,0xff,0xff,0x1e,0x1a,
    0x0f,0x0f,0xff,0xff,0x1f,0x1b,0x1f,0x1f,0xff,0xff,0x3f,0x3b,0x3f,0x3f,0xff,0xff,
    0xfe,0xfa,0xfc,0xf8,0xf8,0xff,0xfe,0xfa,0xf0,0xe0,0xf0,0xff,0x7e,0x7a,0x80,0xc0,
    0xe0,0xff,0x7e,0x7a,0x00,0x80,0xc1,0xff,0x1e,0x0a,0x06,0x03,0x83,0xff,0x1e,0x1a,
    0x0f,0x07,0x07,0xff,0x1f,0x1b,0x1f,0x0f,0x0f,0xff,0x3f,0x3b,0x3f,0x1f,0x1f,0xff,
    0xfe,0xfa,0xfc,0xf8,0xf8,0xfc,0xfe,0xf8,0xf0,0xe0,0xf0,0xf8,0x7e,0x00,0x80,0xc0,
    0xe0,0xf1,0x7e,0x02,0x00,0x80,0xc1,0xe3,0x3e,0x0a,0x06,0x03,0x83,0xc7,0x3e,0x1a,
    0x0f,0x07,0x07,0x8f,0x3f,0x1b,0x1f,0x0f,0x0f,0x1f,0x3f,0x3b,0x3f,0x1f,0x1f,0x3f,
    0xfe,0xfa,0xfc,0xf8,0xf8,0xfc,0xfe,0xfa,0xf0,0xe0,0xf0,0xf8,0x7e,0x7a,0x80,0xc0,
    0xe0,0xf1,0x7e,0x7a,0x00,0x80,0xc1,0xe3,0x7e,0x3a,0x06,0x03,0x83,0xc7,0x7e,0x3a,
    0x0f,0x07,0x07,0x8f,0x7f,0x3b,0x1f,0x0f,0x0f,0x1f,0x7f,0x3b,0x3f,0x1f,0x1f,0x3f,
    0xff,0xf7,0xff,0xff,0xff,0xff,0xff,0xf7,0xff,0xff,0xff,0xff,0xff,0xf7,0xff,0xff,
    0xff,0xff,0xff,0xf7,0xff,0xff,0xff,0xff,0xff,0xf7,0xff,0xff,0xff,0xff,0xff,0xf7,
    0xff,0xff,0xff,0xff,0xff,0xf7,0xff,0xff,0xff,0xff,0xff,0xf7,0xff,0xff,0xff,0xff,
    0xfe,0xf7,0xff,0xff,0xff,0xff,0xfd,0xf7,0xff,0xff,0xff,0xff,0x00,0x00,0x00,0x00,
    0x00,0x00,0x00,0x00,0x00,0x00,0x00,0x00,0x00,0x00,0x00,0x00,0x00,0x00,0xdf,0xf7,
    0xff,0xff,0xff,0xff,0xbf,0xf7,0xff,0xff,0xff,0xff,0x7f,0xf7,0xff,0xff,0xff,0xff,
    0xfc,0xf6,0xff,0xff,0xff,0xff,0xf8,0xf4,0xff,0xff,0xff,0xff,0x00,0x00,0x00,0x00,
    0x00,0x00,0x00,0x00,0x00,0x00,0x00,0x00,0x00,0x00,0x00,0x00,0x00,0x00,0x0f,0x17,
    0xff,0xff,0xff,0xff,0x1f,0x37,0xff,0xff,0xff,0xff,0x3f,0x37,0xff,0xff,0xff,0xff,
    0xfe,0xf4,0xfe,0xff,0xff,0xff,0xfc,0xf0,0xfc,0xff,0xff,0xff,0x00,0x00,0x00,0x00,
    0x00,0x00,0x00,0x00,0x00,0x00,0x00,0x00,0x00,0x00,0x00,0x00,0x00,0x00,0x1f,0x07,
    0x1f,0xff,0xff,0xff,0x3f,0x17,0x3f,0xff,0xff,0xff,0x3f,0x37,0x3f,0xff,0xff,0xff,
    0xfe,0xf6,0xfc,0xfc,0xff,0xff,0xfc,0xf4,0xf8,0xf8,0xff,0xff,0x7e,0x70,0xe0,0xd0,
    0xff,0xff,0x00,0x00,0x00,0x80,0xff,0xff,0x7e,0x06,0x02,0x05,0xff,0xff,0x1e,0x16,
    0x0f,0x0f,0xff,0xff,0x3f,0x37,0x1f,0x1f,0xff,0xff,0x3f,0x37,0x3f,0x3f,0xff,0xff,
    0xfe,0xf6,0xfc,0xf8,0xf8,0xff,0xfe,0xf4,0xf8,0xf0,0xf0,0xff,0x7e,0x76,0xe0,0xc0,
    0xe0,0xff,0x7e,0x76,0x00,0x80,0xc1,0xff,0x7e,0x76,0x02,0x01,0x83,0xff,0x3e,0x16,
    0x0f,0x07,0x07,0xff,0x3f,0x37,0x1f,0x0f,0x0f,0xff,0x3f,0x37,0x3f,0x1f,0x1f,0xff,
    0xfe,0xf6,0xfc,0xf8,0xf8,0xfc,0xfe,0xf4,0xf8,0xf0,0xf0,0xf8,0x7e,0x70,0xe0,0xc0,
    0xe0,0xf1,0x7e,0x00,0x00,0x80,0xc1,0xe3,0x7e,0x06,0x02,0x01,0x83,0xc7,0x7e,0x16,
    0x0f,0x07,0x07,0x8f,0x7f,0x37,0x1f,0x0f,0x0f,0x1f,0x7f,0x37,0x3f,0x1f,0x1f,0x3f,
    0xfe,0xf6,0xfc,0xf8,0xf8,0xfc,0xfe,0xf6,0xf8,0xf0,0xf0,0xf8,0x7e,0x76,0xe0,0xc0,
    0xe0,0xf1,0x7e,0x76,0x00,0x80,0xc1,0xe3,0x7e,0x76,0x02,0x01,0x83,0xc7,0x7e,0x76,
    0x0f,0x07,0x07,0x8f,0x7f,0x77,0x1f,0x0f,0x0f,0x1f,0x7f,0x77,0x3f,0x1f,0x1f,0x3f,
    0xff,0xef,0xff,0xff,0xff,0xff,0xff,0xef,0xff,0xff,0xff,0xff,0xff,0xef,0xff,0xff,
    0xff,0xff,0xff,0xef,0xff,0xff,0xff,0xff,0xff,0xef,0xff,0xff,0xff,0xff,0xff,0xef,
    0xff,0xff,0xff,0xff,0xff,0xef,0xff,0xff,0xff,0xff,0xff,0xef,0xff,0xff,0xff,0xff,
    0xfe,0xef,0xff,0xff,0xff,0xff,0xfd,0xef,0xff,0xff,0xff,0xff,0xfb,0xef,0xff,0xff,
    0xff,0xff,0x00,0x00,0x00,0x00,0x00,0x00,0x00,0x00,0x00,0x00,0x00,0x00,0x00,0x00,
    0x00,0x00,0x00,0x00,0xbf,0xef,0xff,0xff,0xff,0xff,0x7f,0xef,0xff,0xff,0xff,0xff,
    0xfc,0xec,0xff,0xff,0xff,0xff,0xf8,0xec,0xff,0xff,0xff,0xff,0xf0,0xe8,0xff,0xff,
    0xff,0xff,0x00,0x00,0x00,0x00,0x00,0x00,0x00,0x00,0x00,0x00,0x00,0x00,0x00,0x00,
    0x00,0x00,0x00,0x00,0x1f,0x2f,0xff,0xff,0xff,0xff,0x3f,0x6f,0xff,0xff,0xff,0xff,
    0xfc,0xec,0xfc,0xff,0xff,0xff,0xfc,0xe8,0xfc,0xff,0xff,0xff,0xf8,0xe0,0xf8,0xff,
    0xff,0xff,0x00,0x00,0x00,0x00,0x00,0x00,0x00,0x00,0x00,0x00,0x00,0x00,0x00,0x00,
    0x00,0x00,0x00,0x00,0x3f,0x0f,0x3f,0xff,0xff,0xff,0x7f,0x2f,0x7f,0xff,0xff,0xff,
    0xfc,0xec,0xfc,0xfc,0xff,0xff,0xfc,0xec,0xf8,0xf8,0xff,0xff,0x78,0x68,0xf0,0xf0,
    0xff,0xff,0x7e,0x60,0x40,0xa0,0xff,0xff,0x00,0x00,0x00,0x01,0xff,0xff,0x7e,0x0e,
    0x07,0x0b,0xff,0xff,0x3f,0x2f,0x1f,0x1f,0xff,0xff,0x7f,0x6f,0x3f,0x3f,0xff,0xff,
    0xfc,0xec,0xfc,0xf8,0xf8,0xff,0xfc,0xec,0xf8,0xf0,0xf0,0xff,0x7c,0x68,0xf0,0xe0,
    0xe0,0xff,0x7e,0x6e,0x40,0x80,0xc1,0xff,0x7e,0x6e,0x00,0x01,0x83,0xff,0x7e,0x6e,
    0x07,0x03,0x07,0xff,0x7f,0x2f,0x1f,0x0f,0x0f,0xff,0x7f,0x6f,0x3f,0x1f,0x1f,0xff,
    0xfe,0xec,0xfc,0xf8,0xf8,0xfc,0xfe,0xec,0xf8,0xf0,0xf0,0xf8,0x7e,0x68,0xf0,0xe0,
    0xe0,0xf1,0x7e,0x60,0x40,0x80,0xc1,0xe3,0x7e,0x00,0x00,0x01,0x83,0xc7,0x7e,0x0e,
    0x07,0x03,0x07,0x8f,0x7f,0x2f,0x1f,0x0f,0x0f,0x1f,0x7f,0x6f,0x3f,0x1f,0x1f,0x3f,
    0xfe,0xee,0xfc,0xf8,0xf8,0xfc,0xfe,0xee,0xf8,0xf0,0xf0,0xf8,0x7e,0x6e,0xf0,0xe0,
    0xe0,0xf1,0x7e,0x6e,0x40,0x80,0xc1,0xe3,0x7e,0x6e,0x00,0x01,0x83,0xc7,0x7e,0x6e,
    0x07,0x03,0x07,0x8f,0x7f,0x6f,0x1f,0x0f,0x0f,0x1f,0x7f,0x6f,0x3f,0x1f,0x1f,0x3f,
    0xff,0xdf,0xff,0xff,0xff,0xff,0xff,0xdf,0xff,0xff,0xff,0xff,0xff,0xdf,0xff,0xff,
    0xff,0xff,0xff,0xdf,0xff,0xff,0xff,0xff,0xff,0xdf,0xff,0xff,0xff,0xff,0xff,0xdf,
    0xff,0xff,0xff,0xff,0xff,0xdf,0xff,0xff,0xff,0xff,0xff,0xdf,0xff,0xff,0xff,0xff,
    0xfe,0xdf,0xff,0xff,0xff,0xff,0xfd,0xdf,0xff,0xff,0xff,0xff,0xfb,0xdf,0xff,0xff,
    0xff,0xff,0xf7,0xdf,0xff,0xff,0xff,0xff,0x00,0x00,0x00,0x00,0x00,0x00,0x00,0x00,
    0x00,0x00,0x00,0x00,0x00,0x00,0x00,0x00,0x00,0x00,0x7f,0xdf,0xff,0xff,0xff,0xff,
    0xfc,0xdc,0xff,0xff,0xff,0xff,0xf8,0xd8,0xff,0xff,0xff,0xff,0xf0,0xd8,0xff,0xff,
    0xff,0xff,0xe0,0xd0,0xff,0xff,0xff,0xff,0x00,0x00,0x00,0x00,0x00,0x00,0x00,0x00,
    0x00,0x00,0x00,0x00,0x00,0x00,0x00,0x00,0x00,0x00,0x3f,0x5f,0xff,0xff,0xff,0xff,
    0xfc,0xdc,0xfc,0xff,0xff,0xff,0xf8,0xd8,0xf8,0xff,0xff,0xff,0xf8,0xd0,0xf8,0xff,
    0xff,0xff,0xf0,0xc0,0xf0,0xff,0xff,0xff,0x00,0x00,0x00,0x00,0x00,0x00,0x00,0x00,
    0x00,0x00,0x00,0x00,0x00,0x00,0x00,0x00,0x00,0x00,0x7f,0x1f,0x7f,0xff,0xff,0xff,
    0xfc,0xdc,0xfc,0xfc,0xff,0xff,0xf8,0xd8,0xf8,0xf8,0xff,0xff,0x78,0x58,0xf0,0xf0,
    0xff,0xff,0x70,0x50,0x60,0xe0,0xff,0xff,0x7e,0x40,0x00,0x41,0xff,0xff,0x00,0x00,
    0x01,0x03,0xff,0xff,0x7f,0x1f,0x0f,0x17,0xff,0xff,0x7f,0x5f,0x3f,0x3f,0xff,0xff,
    0xfc,0xdc,0xfc,0xf8,0xf8,0xff,0xf8,0xd8,0xf8,0xf0,0xf0,0xff,0x78,0x58,0xf0,0xe0,
    0xe0,0xff,0x78,0x50,0x60,0xc0,0xc1,0xff,0x7e,0x5e,0x00,0x01,0x83,0xff,0x7e,0x5e,
    0x01,0x03,0x07,0xff,0x7f,0x5f,0x0f,0x07,0x0f,0xff,0x7f,0x5f,0x3f,0x1f,0x1f,0xff,
    0xfc,0xdc,0xfc,0xf8,0xf8,0xfc,0xfc,0xd8,0xf8,0xf0,0xf0,0xf8,0x7c,0x58,0xf0,0xe0,
    0xe0,0xf1,0x7c,0x50,0x60,0xc0,0xc1,0xe3,0x7e,0x40,0x00,0x01,0x83,0xc7,0x7e,0x00,
    0x01,0x03,0x07,0x8f,0x7f,0x1f,0x0f,0x07,0x0f,0x1f,0x7f,0x5f,0x3f,0x1f,0x1f,0x3f,
    0xfe,0xdc,0xfc,0xf8,0xf8,0xfc,0xfe,0xdc,0xf8,0xf0,0xf0,0xf8,0x7e,0x5c,0xf0,0xe0,
    0xe0,0xf1,0x7e,0x5c,0x60,0xc0,0xc1,0xe3,0x7e,0x5e,0x00,0x01,0x83,0xc7,0x7e,0x5e,
    0x01,0x03,0x07,0x8f,0x7f,0x5f,0x0f,0x07,0x0f,0x1f,0x7f,0x5f,0x3f,0x1f,0x1f,0x3f,
    0xff,0xbf,0xff,0xff,0xff,0xff,0xff,0xbf,0xff,0xff,0xff,0xff,0xff,0xbf,0xff,0xff,
    0xff,0xff,0xff,0xbf,0xff,0xff,0xff,0xff,0xff,0xbf,0xff,0xff,0xff,0xff,0xff,0xbf,
    0xff,0xff,0xff,0xff,0xff,0xbf,0xff,0xff,0xff,0xff,0xff,0xbf,0xff,0xff,0xff,0xff,
    0xfe,0xbf,0xff,0xff,0xff,0xff,0xfd,0xbf,0xff,0xff,0xff,0xff,0xfb,0xbf,0xff,0xff,
    0xff,0xff,0xf7,0xbf,0xff,0xff,0xff,0xff,0xef,0xbf,0xff,0xff,0xff,0xff,0x00,0x00,
    0x00,0x00,0x00,0x00,0x00,0x00,0x00,0x00,0x00,0x00,0x00,0x00,0x00,0x00,0x00,0x00,
    0xf8,0xb8,0xff,0xff,0xff,0xff,0xf8,0xb8,0xff,0xff,0xff,0xff,0xf0,0xb0,0xff,0xff,
    0xff,0xff,0xe0,0xb0,0xff,0xff,0xff,0xff,0xc0,0xa0,0xff,0xff,0xff,0xff,0x00,0x00,
    0x00,0x00,0x00,0x00,0x00,0x00,0x00,0x00,0x00,0x00,0x00,0x00,0x00,0x00,0x00,0x00,
    0xf8,0xb8,0xf8,0xff,0xff,0xff,0xf8,0xb8,0xf8,0xff,0xff,0xff,0xf0,0xb0,0xf0,0xff,
    0xff,0xff,0xf0,0xa0,0xf0,0xff,0xff,0xff,0xe0,0x80,0xe0,0xff,0xff,0xff,0x00,0x00,
    0x00,0x00,0x00,0x00,0x00,0x00,0x00,0x00,0x00,0x00,0x00,0x00,0x00,0x00,0x00,0x00,
    0xf8,0xb8,0xf8,0xf8,0xff,0xff,0xf8,0xb8,0xf8,0xf8,0xff,0xff,0x70,0x30,0xf0,0xf0,
    0xff,0xff,0x70,0x30,0x60,0xe0,0xff,0xff,0x60,0x20,0x40,0x41,0xff,0xff,0x7e,0x00,
    0x01,0x03,0xff,0xff,0x01,0x01,0x03,0x07,0xff,0xff,0x7f,0x3f,0x1f,0x2f,0xff,0xff,
    0xf8,0xb8,0xf8,0xf8,0xf8,0xff,0xf8,0xb8,0xf8,0xf0,0xf0,0xff,0x70,0x30,0xf0,0xe0,
    0xe0,0xff,0x70,0x30,0x60,0xc0,0xc1,0xff,0x70,0x20,0x40,0x01,0x83,0xff,0x7e,0x3e,
    0x01,0x03,0x07,0xff,0x7f,0x3f,0x03,0x07,0x0f,0xff,0x7f,0x3f,0x1f,0x0f,0x1f,0xff,
    0xf8,0xb8,0xf8,0xf8,0xf8,0xfc,0xf8,0xb8,0xf8,0xf0,0xf0,0xf8,0x78,0x30,0xf0,0xe0,
    0xe0,0xf1,0x78,0x30,0x60,0xc0,0xc1,0xe3,0x78,0x20,0x40,0x01,0x83,0xc7,0x7e,0x00,
    0x01,0x03,0x07,0x8f,0x7f,0x01,0x03,0x07,0x0f,0x1f,0x7f,0x3f,0x1f,0x0f,0x1f,0x3f,
    0xfc,0xb8,0xf8,0xf8,0xf8,0xfc,0xfc,0xb8,0xf8,0xf0,0xf0,0xf8,0x7c,0x38,0xf0,0xe0,
    0xe0,0xf1,0x7c,0x38,0x60,0xc0,0xc1,0xe3,0x7c,0x38,0x40,0x01,0x83,0xc7,0x7e,0x3e,
    0x01,0x03,0x07,0x8f,0x7f,0x3f,0x03,0x07,0x0f,0x1f,0x7f,0x3f,0x1f,0x0f,0x1f,0x3f,
    0xff,0x7f,0xff,0xff,0xff,0xff,0xff,0x7f,0xff,0xff,0xff,0xff,0xff,0x7f,0xff,0xff,
    0xff,0xff,0xff,0x7f,0xff,0xff,0xff,0xff,0xff,0x7f,0xff,0xff,0xff,0xff,0xff,0x7f,
    0xff,0xff,0xff,0xff,0xff,0x7f,0xff,0xff,0xff,0xff,0xff,0x7f,0xff,0xff,0xff,0xff,
    0xfe,0x7f,0xff,0xff,0xff,0xff,0xfd,0x7f,0xff,0xff,0xff,0xff,0xfb,0x7f,0xff,0xff,
    0xff,0xff,0xf7,0x7f,0xff,0xff,0xff,0xff,0xef,0x7f,0xff,0xff,0xff,0xff,0xdf,0x7f,
    0xff,0xff,0xff,0xff,0x00,0x00,0x00,0x00,0x00,0x00,0x00,0x00,0x00,0x00,0x00,0x00,
    0xf8,0x78,0xff,0xff,0xff,0xff,0xf0,0x70,0xff,0xff,0xff,0xff,0xf0,0x70,0xff,0xff,
    0xff,0xff,0xe0,0x60,0xff,0xff,0xff,0xff,0xc0,0x60,0xff,0xff,0xff,0xff,0x00,0x40,
    0xff,0xff,0xff,0xff,0x00,0x00,0x00,0x00,0x00,0x00,0x00,0x00,0x00,0x00,0x00,0x00,
    0xf8,0x78,0xf8,0xff,0xff,0xff,0xf0,0x70,0xf0,0xff,0xff,0xff,0xf0,0x70,0xf0,0xff,
    0xff,0xff,0xe0,0x60,0xe0,0xff,0xff,0xff,0xe0,0x40,0xe0,0xff,0xff,0xff,0x40,0x00,
    0x41,0xff,0xff,0xff,0x00,0x00,0x00,0x00,0x00,0x00,0x00,0x00,0x00,0x00,0x00,0x00,
    0xf8,0x78,0xf8,0xf8,0xff,0xff,0xf0,0x70,0xf0,0xf0,0xff,0xff,0x70,0x70,0xf0,0xf0,
    0xff,0xff,0x60,0x60,0x60,0xe0,0xff,0xff,0x60,0x60,0x40,0x41,0xff,0xff,0x40,0x40,
    0x01,0x03,0xff,0xff,0x7f,0x01,0x03,0x07,0xff,0xff,0x03,0x03,0x07,0x0f,0xff,0xff,
    0xf8,0x78,0xf8,0xf8,0xf8,0xff,0xf0,0x70,0xf0,0xf0,0xf0,0xff,0x70,0x70,0xf0,0xe0,
    0xe0,0xff,0x60,0x60,0x60,0xc0,0xc1,0xff,0x60,0x60,0x40,0x01,0x83,0xff,0x60,0x40,
    0x01,0x03,0x07,0xff,0x7f,0x7f,0x03,0x07,0x0f,0xff,0x7f,0x7f,0x07,0x0f,0x1f,0xff,
    0xf8,0x78,0xf8,0xf8,0xf8,0xfc,0xf0,0x70,0xf0,0xf0,0xf0,0xf8,0x70,0x70,0xf0,0xe0,
    0xe0,0xf1,0x70,0x60,0x60,0xc0,0xc1,0xe3,0x70,0x60,0x40,0x01,0x83,0xc7,0x70,0x40,
    0x01,0x03,0x07,0x8f,0x7f,0x01,0x03,0x07,0x0f,0x1f,0x7f,0x03,0x07,0x0f,0x1f,0x3f,
    0xf8,0x78,0xf8,0xf8,0xf8,0xfc,0xf8,0x70,0xf0,0xf0,0xf0,0xf8,0x78,0x70,0xf0,0xe0,
    0xe0,0xf1,0x78,0x70,0x60,0xc0,0xc1,0xe3,0x78,0x70,0x40,0x01,0x83,0xc7,0x78,0x70,
    0x01,0x03,0x07,0x8f,0x7f,0x7f,0x03,0x07,0x0f,0x1f,0x7f,0x7f,0x07,0x0f,0x1f,0x3f,
    0xff,0xff,0xfe,0xff,0xff,0xff,0xff,0xff,0xfe,0xff,0xff,0xff,0xff,0xff,0xfe,0xff,
    0xff,0xff,0xff,0xff,0xfe,0xff,0xff,0xff,0xff,0xff,0xfe,0xff,0xff,0xff,0xff,0xff,
    0xfe,0xff,0xff,0xff,0xff,0xff,0xfe,0xff,0xff,0xff,0xff,0xff,0xfe,0xff,0xff,0xff,
    0xfe,0xff,0xfe,0xff,0xff,0xff,0xfd,0xff,0xfe,0xff,0xff,0xff,0xfb,0xff,0xfe,0xff,
    0xff,0xff,0xf7,0xff,0xfe,0xff,0xff,0xff,0xef,0xff,0xfe,0xff,0xff,0xff,0xdf,0xff,
    0xfe,0xff,0xff,0xff,0xbf,0xff,0xfe,0xff,0xff,0xff,0x7f,0xff,0xfe,0xff,0xff,0xff,
    0x00,0x00,0x00,0x00,0x00,0x00,0x00,0x00,0x00,0x00,0x00,0x00,0x01,0x03,0xfe,0xff,
    0xff,0xff,0x03,0x07,0xfe,0xff,0xff,0xff,0x07,0x07,0xfe,0xff,0xff,0xff,0x0f,0x0f,
    0xfe,0xff,0xff,0xff,0x0f,0x0f,0xfe,0xff,0xff,0xff,0x1f,0x1f,0xfe,0xff,0xff,0xff,
    0x00,0x00,0x00,0x00,0x00,0x00,0x00,0x00,0x00,0x00,0x00,0x00,0x02,0x00,0x82,0xff,
    0xff,0xff,0x07,0x03,0x06,0xff,0xff,0xff,0x07,0x07,0x06,0xff,0xff,0xff,0x0f,0x0f,
    0x0e,0xff,0xff,0xff,0x0f,0x0f,0x0e,0xff,0xff,0xff,0x1f,0x1f,0x1e,0xff,0xff,0xff,
    0x00,0x00,0x00,0x00,0x00,0x00,0x00,0x00,0x00,0x00,0x00,0x00,0x02,0x02,0x80,0xc2,
    0xff,0xff,0x07,0x07,0x02,0x87,0xff,0xff,0x07,0x07,0x06,0x07,0xff,0xff,0x0f,0x0f,
    0x0e,0x0f,0xff,0xff,0x0f,0x0f,0x0e,0x0f,0xff,0xff,0x1f,0x1f,0x1e,0x1f,0xff,0xff,
    0xfe,0xc0,0xe0,0xf0,0xf8,0xff,0xfe,0xfe,0xc0,0xe0,0xf0,0xff,0x06,0x02,0x82,0xc0,
    0xe0,0xff,0x06,0x06,0x06,0x82,0xc3,0xff,0x06,0x06,0x06,0x07,0x87,0xff,0x0f,0x0f,
    0x0e,0x0f,0x0f,0xff,0x0f,0x0f,0x0e,0x0f,0x0f,0xff,0x1f,0x1f,0x1e,0x1f,0x1f,0xff,
    0xfe,0xfe,0xfe,0xf8,0xfc,0xfc,0xfe,0xfe,0xfe,0xe0,0xf8,0xf8,0x0e,0x06,0x82,0xc0,
    0xe0,0xf1,0x0e,0x06,0x06,0x82,0xc3,0xe3,0x0e,0x06,0x06,0x07,0x87,0xc7,0x0f,0x0f,
    0x0e,0x0f,0x0f,0x8f,0x0f,0x0f,0x0e,0x0f,0x0f,0x1f,0x1f,0x1f,0x1e,0x1f,0x1f,0x3f,
    0xfe,0xfe,0xe0,0xf8,0xfc,0xfc,0xfe,0xfe,0xc0,0xe0,0xf8,0xf8,0x1e,0x0e,0x82,0xc0,
    0xe0,0xf1,0x1e,0x0e,0x06,0x82,0xc3,0xe3,0x1e,0x0e,0x06,0x07,0x87,0xc7,0x1f,0x0f,
    0x0e,0x0f,0x0f,0x8f,0x1f,0x0f,0x0e,0x0f,0x0f,0x1f,0x1f,0x1f,0x1e,0x1f,0x1f,0x3f,
    0xff,0xff,0xfd,0xff,0xff,0xff,0xff,0xff,0xfd,0xff,0xff,0xff,0xff,0xff,0xfd,0xff,
    0xff,0xff,0xff,0xff,0xfd,0xff,0xff,0xff,0xff,0xff,0xfd,0xff,0xff,0xff,0xff,0xff,
    0xfd,0xff,0xff,0xff,0xff,0xff,0xfd,0xff,0xff,0xff,0xff,0xff,0xfd,0xff,0xff,0xff,
    0xfe,0xff,0xfd,0xff,0xff,0xff,0xfd,0xff,0xfd,0xff,0xff,0xff,0xfb,0xff,0xfd,0xff,
    0xff,0xff,0xf7,0xff,0xfd,0xff,0xff,0xff,0xef,0xff,0xfd,0xff,0xff,0xff,0xdf,0xff,
    0xfd,0xff,0xff,0xff,0xbf,0xff,0xfd,0xff,0xff,0xff,0x7f,0xff,0xfd,0xff,0xff,0xff,
    0x00,0x00,0x00,0x00,0x00,0x00,0x00,0x00,0x00,0x00,0x00,0x00,0x00,0x00,0x00,0x00,
    0x00,0x00,0x03,0x07,0xfd,0xff,0xff,0xff,0x07,0x0f,0xfd,0xff,0xff,0xff,0x0f,0x0f,
    0xfd,0xff,0xff,0xff,0x1f,0x1f,0xfd,0xff,0xff,0xff,0x1f,0x1f,0xfd,0xff,0xff,0xff,
    0x00,0x00,0x00,0x00,0x00,0x00,0x00,0x00,0x00,0x00,0x00,0x00,0x00,0x00,0x00,0x00,
    0x00,0x00,0x07,0x03,0x05,0xff,0xff,0xff,0x0f,0x07,0x0d,0xff,0xff,0xff,0x0f,0x0f,
    0x0d,0xff,0xff,0xff,0x1f,0x1f,0x1d,0xff,0xff,0xff,0x1f,0x1f,0x1d,0xff,0xff,0xff,
    0x00,0x00,0x00,0x00,0x00,0x00,0x00,0x00,0x00,0x00,0x00,0x00,0x00,0x00,0x00,0x00,
    0x00,0x00,0x07,0x07,0x01,0x87,0xff,0xff,0x0f,0x0f,0x05,0x0f,0xff,0xff,0x0f,0x0f,
    0x0d,0x0f,0xff,0xff,0x1f,0x1f,0x1d,0x1f,0xff,0xff,0x1f,0x1f,0x1d,0x1f,0xff,0xff,
    0xfe,0xfe,0xfc,0xf8,0xfc,0xff,0xfe,0x80,0xc0,0xe0,0xf0,0xff,0x7e,0x7e,0x80,0xc0,
    0xe0,0xff,0x0e,0x06,0x04,0x82,0xc3,0xff,0x0e,0x0e,0x0c,0x07,0x87,0xff,0x0f,0x0f,
    0x0d,0x0f,0x0f,0xff,0x1f,0x1f,0x1d,0x1f,0x1f,0xff,0x1f,0x1f,0x1d,0x1f,0x1f,0xff,
    0xfe,0xfe,0xfc,0xf8,0xfc,0xfc,0xfe,0xfe,0xfc,0xf0,0xf8,0xf8,0x7e,0x7e,0xfc,0xc0,
    0xf0,0xf1,0x1e,0x0e,0x04,0x82,0xc3,0xe3,0x1e,0x0e,0x0c,0x07,0x87,0xc7,0x1f,0x0f,
    0x0d,0x0f,0x0f,0x8f,0x1f,0x1f,0x1d,0x1f,0x1f,0x1f,0x1f,0x1f,0x1d,0x1f,0x1f,0x3f,
    0xfe,0xfe,0xfc,0xf8,0xfc,0xfc,0xfe,0xfe,0xc0,0xf0,0xf8,0xf8,0x7e,0x7e,0x80,0xc0,
    0xf0,0xf1,0x3e,0x1e,0x04,0x82,0xc3,0xe3,0x3e,0x1e,0x0c,0x07,0x87,0xc7,0x3f,0x1f,
    0x0d,0x0f,0x0f,0x8f,0x3f,0x1f,0x1d,0x1f,0x1f,0x1f,0x3f,0x1f,0x1d,0x1f,0x1f,0x3f,
    0xff,0xff,0xfb,0xff,0xff,0xff,0xff,0xff,0xfb,0xff,0xff,0xff,0xff,0xff,0xfb,0xff,
    0xff,0xff,0xff,0xff,0xfb,0xff,0xff,0xff,0xff,0xff,0xfb,0xff,0xff,0xff,0xff,0xff,
    0xfb,0xff,0xff,0xff,0xff,0xff,0xfb,0xff,0xff,0xff,0xff,0xff,0xfb,0xff,0xff,0xff,
    0xfe,0xff,0xfb,0xff,0xff,0xff,0xfd,0xff,0xfb,0xff,0xff,0xff,0xfb,0xff,0xfb,0xff,
    0xff,0xff,0xf7,0xff,0xfb,0xff,0xff,0xff,0xef,0xff,0xfb,0xff,0xff,0xff,0xdf,0xff,
    0xfb,0xff,0xff,0xff,0xbf,0xff,0xfb,0xff,0xff,0xff,0x7f,0xff,0xfb,0xff,0xff,0xff,
    0xfc,0xfe,0xfb,0xff,0xff,0xff,0x00,0x00,0x00,0x00,0x00,0x00,0x00,0x00,0x00,0x00,
    0x00,0x00,0x00,0x00,0x00,0x00,0x00,0x00,0x07,0x0f,0xfb,0xff,0xff,0xff,0x0f,0x1f,
    0xfb,0xff,0xff,0xff,0x1f,0x1f,0xfb,0xff,0xff,0xff,0x3f,0x3f,0xfb,0xff,0xff,0xff,
    0xfe,0xfc,0xfa,0xff,0xff,0xff,0x00,0x00,0x00,0x00,0x00,0x00,0x00,0x00,0x00,0x00,
    0x00,0x00,0x00,0x00,0x00,0x00,0x00,0x00,0x0f,0x07,0x0b,0xff,0xff,0xff,0x1f,0x0f,
    0x1b,0xff,0xff,0xff,0x1f,0x1f,0x1b,0xff,0xff,0xff,0x3f,0x3f,0x3b,0xff,0xff,0xff,
    0xfe,0xfe,0xf8,0xfe,0xff,0xff,0x00,0x00,0x00,0x00,0x00,0x00,0x00,0x00,0x00,0x00,
    0x00,0x00,0x00,0x00,0x00,0x00,0x00,0x00,0x0f,0x0f,0x03,0x0f,0xff,0xff,0x1f,0x1f,
    0x0b,0x1f,0xff,0xff,0x1f,0x1f,0x1b,0x1f,0xff,0xff,0x3f,0x3f,0x3b,0x3f,0xff,0xff,
    0xfe,0xfe,0xfa,0xfc,0xfc,0xff,0xfe,0xfe,0xf8,0xf0,0xf8,0xff,0x7e,0x00,0x80,0xc0,
    0xe0,0xff,0x7e,0x7e,0x02,0x80,0xc3,0xff,0x1e,0x0e,0x0a,0x07,0x87,0xff,0x1f,0x1f,
    0x1b,0x0f,0x0f,0xff,0x1f,0x1f,0x1b,0x1f,0x1f,0xff,0x3f,0x3f,0x3b,0x3f,0x3f,0xff,
    0xfe,0xfe,0xfa,0xfc,0xfc,0xfc,0xfe,0xfe,0xfa,0xf0,0xf8,0xf8,0x7e,0x7e,0xfa,0xe0,
    0xf0,0xf1,0x7e,0x7e,0x7a,0x80,0xe3,0xe3,0x3e,0x1e,0x0a,0x07,0x87,0xc7,0x3f,0x1f,
    0x1b,0x0f,0x0f,0x8f,0x3f,0x1f,0x1b,0x1f,0x1f,0x1f,0x3f,0x3f,0x3b,0x3f,0x3f,0x3f,
    0xfe,0xfe,0xfa,0xfc,0xfc,0xfc,0xfe,0xfe,0xf8,0xf0,0xf8,0xf8,0x7e,0x7e,0x80,0xe0,
    0xf0,0xf1,0x7e,0x7e,0x02,0x80,0xe3,0xe3,0x7e,0x3e,0x0a,0x07,0x87,0xc7,0x7f,0x3f,
    0x1b,0x0f,0x0f,0x8f,0x7f,0x3f,0x1b,0x1f,0x1f,0x1f,0x7f,0x3f,0x3b,0x3f,0x3f,0x3f,
    0xff,0xff,0xf7,0xff,0xff,0xff,0xff,0xff,0xf7,0xff,0xff,0xff,0xff,0xff,0xf7,0xff,
    0xff,0xff,0xff,0xff,0xf7,0xff,0xff,0xff,0xff,0xff,0xf7,0xff,0xff,0xff,0xff,0xff,
    0xf7,0xff,0xff,0xff,0xff,0xff,0xf7,0xff,0xff,0xff,0xff,0xff,0xf7,0xff,0xff,0xff,
    0xfe,0xff,0xf7,0xff,0xff,0xff,0xfd,0xff,0xf7,0xff,0xff,0xff,0xfb,0xff,0xf7,0xff,
    0xff,0xff,0xf7,0xff,0xf7,0xff,0xff,0xff,0xef,0xff,0xf7,0xff,0xff,0xff,0xdf,0xff,
    0xf7,0xff,0xff,0xff,0xbf,0xff,0xf7,0xff,0xff,0xff,0x7f,0xff,0xf7,0xff,0xff,0xff,
    0xfc,0xfe,0xf7,0xff,0xff,0xff,0xf8,0xfc,0xf7,0xff,0xff,0xff,0x00,0x00,0x00,0x00,
    0x00,0x00,0x00,0x00,0x00,0x00,0x00,0x00,0x00,0x00,0x00,0x00,0x00,0x00,0x0f,0x1f,
    0xf7,0xff,0xff,0xff,0x1f,0x3f,0xf7,0xff,0xff,0xff,0x3f,0x3f,0xf7,0xff,0xff,0xff,
    0xfe,0xfc,0xf6,0xff,0xff,0xff,0xfc,0xf8,0xf4,0xff,0xff,0xff,0x00,0x00,0x00,0x00,
    0x00,0x00,0x00,0x00,0x00,0x00,0x00,0x00,0x00,0x00,0x00,0x00,0x00,0x00,0x1f,0x0f,
    0x17,0xff,0xff,0xff,0x3f,0x1f,0x37,0xff,0xff,0xff,0x3f,0x3f,0x37,0xff,0xff,0xff,
    0xfe,0xfe,0xf4,0xfe,0xff,0xff,0xfc,0xfc,0xf0,0xfc,0xff,0xff,0x00,0x00,0x00,0x00,
    0x00,0x00,0x00,0x00,0x00,0x00,0x00,0x00,0x00,0x00,0x00,0x00,0x00,0x00,0x1f,0x1f,
    0x07,0x1f,0xff,0xff,0x3f,0x3f,0x17,0x3f,0xff,0xff,0x3f,0x3f,0x37,0x3f,0xff,0xff,
    0xfe,0xfe,0xf6,0xfc,0xfc,0xff,0xfe,0xfc,0xf4,0xf8,0xf8,0xff,0xfe,0xfe,0xf0,0xe0,
    0xf0,0xff,0x7e,0x00,0x00,0x80,0xc1,0xff,0x7e,0x7e,0x06,0x03,0x87,0xff,0x3f,0x1f,
    0x17,0x0f,0x0f,0xff,0x3f,0x3f,0x37,0x1f,0x1f,0xff,0x3f,0x3f,0x37,0x3f,0x3f,0xff,
    0xfe,0xfe,0xf6,0xfc,0xfc,0xfc,0xfe,0xfe,0xf4,0xf8,0xf8,0xf8,0xfe,0xfe,0xf6,0xe0,
    0xf0,0xf1,0x7e,0x7e,0x76,0xc0,0xe3,0xe3,0x7e,0x7e,0x76,0x03,0xc7,0xc7,0x7f,0x3f,
    0x17,0x0f,0x0f,0x8f,0x7f,0x3f,0x37,0x1f,0x1f,0x1f,0x7f,0x3f,0x37,0x3f,0x3f,0x3f,
    0xfe,0xfe,0xf6,0xfc,0xfc,0xfc,0xfe,0xfe,0xf4,0xf8,0xf8,0xf8,0xfe,0xfe,0xf0,0xe0,
    0xf0,0xf1,0x7e,0x7e,0x00,0xc0,0xe3,0xe3,0x7e,0x7e,0x06,0x03,0xc7,0xc7,0x7f,0x7f,
    0x17,0x0f,0x0f,0x8f,0x7f,0x7f,0x37,0x1f,0x1f,0x1f,0x7f,0x7f,0x37,0x3f,0x3f,0x3f,
    0xff,0xff,0xef,0xff,0xff,0xff,0xff,0xff,0xef,0xff,0xff,0xff,0xff,0xff,0xef,0xff,
    0xff,0xff,0xff,0xff,0xef,0xff,0xff,0xff,0xff,0xff,0xef,0xff,0xff,0xff,0xff,0xff,
    0xef,0xff,0xff,0xff,0xff,0xff,0xef,0xff,0xff,0xff,0xff,0xff,0xef,0xff,0xff,0xff,
    0xfe,0xff,0xef,0xff,0xff,0xff,0xfd,0xff,0xef,0xff,0xff,0xff,0xfb,0xff,0xef,0xff,
    0xff,0xff,0xf7,0xff,0xef,0xff,0xff,0xff,0xef,0xff,0xef,0xff,0xff,0xff,0xdf,0xff,
    0xef,0xff,0xff,0xff,0xbf,0xff,0xef,0xff,0xff,0xff,0x7f,0xff,0xef,0xff,0xff,0xff,
    0xfc,0xfc,0xef,0xff,0xff,0xff,0xf8,0xfc,0xef,0xff,0xff,0xff,0xf0,0xf8,0xef,0xff,
    0xff,0xff,0x00,0x00,0x00,0x00,0x00,0x00,0x00,0x00,0x00,0x00,0x00,0x00,0x00,0x00,
    0x00,0x00,0x00,0x00,0x1f,0x3f,0xef,0xff,0xff,0xff,0x3f,0x7f,0xef,0xff,0xff,0xff,
    0xfc,0xfc,0xec,0xff,0xff,0xff,0xfc,0xf8,0xec,0xff,0xff,0xff,0xf8,0xf0,0xe8,0xff,
    0xff,0xff,0x00,0x00,0x00,0x00,0x00,0x00,0x00,0x00,0x00,0x00,0x00,0x00,0x00,0x00,
    0x00,0x00,0x00,0x00,0x3f,0x1f,0x2f,0xff,0xff,0xff,0x7f,0x3f,0x6f,0xff,0xff,0xff,
    0xfc,0xfc,0xec,0xfc,0xff,0xff,0xfc,0xfc,0xe8,0xfc,0xff,0xff,0xf8,0xf8,0xe0,0xf8,
    0xff,0xff,0x00,0x00,0x00,0x00,0x00,0x00,0x00,0x00,0x00,0x00,0x00,0x00,0x00,0x00,
    0x00,0x00,0x00,0x00,0x3f,0x3f,0x0f,0x3f,0xff,0xff,0x7f,0x7f,0x2f,0x7f,0xff,0xff,
    0xfc,0xfc,0xec,0xfc,0xfc,0xff,0xfc,0xfc,0xec,0xf8,0xf8,0xff,0xfc,0xf8,0xe8,0xf0,
    0xf0,0xff,0x7e,0x7e,0x60,0xc0,0xe1,0xff,0x7e,0x00,0x00,0x01,0x83,0xff,0x7f,0x7f,
    0x0f,0x07,0x0f,0xff,0x7f,0x3f,0x2f,0x1f,0x1f,0xff,0x7f,0x7f,0x6f,0x3f,0x3f,0xff,
    0xfe,0xfc,0xec,0xfc,0xfc,0xfc,0xfe,0xfc,0xec,0xf8,0xf8,0xf8,0xfe,0xfc,0xe8,0xf0,
    0xf0,0xf1,0x7e,0x7e,0x6e,0xc0,0xe3,0xe3,0x7e,0x7e,0x6e,0x03,0xc7,0xc7,0x7f,0x7f,
    0x6f,0x07,0x0f,0x8f,0x7f,0x7f,0x2f,0x1f,0x1f,0x1f,0x7f,0x7f,0x6f,0x3f,0x3f,0x3f,
    0xfe,0xfe,0xec,0xfc,0xfc,0xfc,0xfe,0xfe,0xec,0xf8,0xf8,0xf8,0xfe,0xfe,0xe8,0xf0,
    0xf0,0xf1,0x7e,0x7e,0x60,0xc0,0xe3,0xe3,0x7e,0x7e,0x00,0x03,0xc7,0xc7,0x7f,0x7f,
    0x0f,0x07,0x0f,0x8f,0x7f,0x7f,0x2f,0x1f,0x1f,0x1f,0x7f,0x7f,0x6f,0x3f,0x3f,0x3f,
    0xff,0xff,0xdf,0xff,0xff,0xff,0xff,0xff,0xdf,0xff,0xff,0xff,0xff,0xff,0xdf,0xff,
    0xff,0xff,0xff,0xff,0xdf,0xff,0xff,0xff,0xff,0xff,0xdf,0xff,0xff,0xff,0xff,0xff,
    0xdf,0xff,0xff,0xff,0xff,0xff,0xdf,0xff,0xff,0xff,0xff,0xff,0xdf,0xff,0xff,0xff,
    0xfe,0xff,0xdf,0xff,0xff,0xff,0xfd,0xff,0xdf,0xff,0xff,0xff,0xfb,0xff,0xdf,0xff,
    0xff,0xff,0xf7,0xff,0xdf,0xff,0xff,0xff,0xef,0xff,0xdf,0xff,0xff,0xff,0xdf,0xff,
    0xdf,0xff,0xff,0xff,0xbf,0xff,0xdf,0xff,0xff,0xff,0x7f,0xff,0xdf,0xff,0xff,0xff,
    0xfc,0xfc,0xdf,0xff,0xff,0xff,0xf8,0xf8,0xdf,0xff,0xff,0xff,0xf0,0xf8,0xdf,0xff,
    0xff,0xff,0xe0,0xf0,0xdf,0xff,0xff,0xff,0x00,0x00,0x00,0x00,0x00,0x00,0x00,0x00,
    0x00,0x00,0x00,0x00,0x00,0x00,0x00,0x00,0x00,0x00,0x3f,0x7f,0xdf,0xff,0xff,0xff,
    0xfc,0xfc,0xdc,0xff,0xff,0xff,0xf8,0xf8,0xd8,0xff,0xff,0xff,0xf8,0xf0,0xd8,0xff,
    0xff,0xff,0xf0,0xe0,0xd0,0xff,0xff,0xff,0x00,0x00,0x00,0x00,0x00,0x00,0x00,0x00,
    0x00,0x00,0x00,0x00,0x00,0x00,0x00,0x00,0x00,0x00,0x7f,0x3f,0x5f,0xff,0xff,0xff,
    0xfc,0xfc,0xdc,0xfc,0xff,0xff,0xf8,0xf8,0xd8,0xf8,0xff,0xff,0xf8,0xf8,0xd0,0xf8,
    0xff,0xff,0xf0,0xf0,0xc0,0xf0,0xff,0xff,0x00,0x00,0x00,0x00,0x00,0x00,0x00,0x00,
    0x00,0x00,0x00,0x00,0x00,0x00,0x00,0x00,0x00,0x00,0x7f,0x7f,0x1f,0x7f,0xff,0xff,
    0xfc,0xfc,0xdc,0xfc,0xfc,0xff,0xf8,0xf8,0xd8,0xf8,0xf8,0xff,0xf8,0xf8,0xd8,0xf0,
    0xf0,0xff,0x78,0x70,0x50,0xe0,0xe1,0xff,0x7e,0x7e,0x40,0x01,0xc3,0xff,0x7e,0x00,
    0x01,0x03,0x07,0xff,0x7f,0x7f,0x1f,0x0f,0x1f,0xff,0x7f,0x7f,0x5f,0x3f,0x3f,0xff,
    0xfc,0xfc,0xdc,0xfc,0xfc,0xfc,0xfc,0xf8,0xd8,0xf8,0xf8,0xf8,0xfc,0xf8,0xd8,0xf0,
    0xf0,0xf1,0x7c,0x78,0x50,0xe0,0xe1,0xe3,0x7e,0x7e,0x5e,0x01,0xc7,0xc7,0x7e,0x7e,
    0x5f,0x07,0x0f,0x8f,0x7f,0x7f,0x5f,0x0f,0x1f,0x1f,0x7f,0x7f,0x5f,0x3f,0x3f,0x3f,
    0xfe,0xfc,0xdc,0xfc,0xfc,0xfc,0xfe,0xfc,0xd8,0xf8,0xf8,0xf8,0xfe,0xfc,0xd8,0xf0,
    0xf0,0xf1,0x7e,0x7c,0x50,0xe0,0xe1,0xe3,0x7e,0x7e,0x40,0x01,0xc7,0xc7,0x7e,0x7e,
    0x01,0x07,0x0f,0x8f,0x7f,0x7f,0x1f,0x0f,0x1f,0x1f,0x7f,0x7f,0x5f,0x3f,0x3f,0x3f,
    0xff,0xff,0xbf,0xff,0xff,0xff,0xff,0xff,0xbf,0xff,0xff,0xff,0xff,0xff,0xbf,0xff,
    0xff,0xff,0xff,0xff,0xbf,0xff,0xff,0xff,0xff,0xff,0xbf,0xff,0xff,0xff,0xff,0xff,
    0xbf,0xff,0xff,0xff,0xff,0xff,0xbf,0xff,0xff,0xff,0xff,0xff,0xbf,0xff,0xff,0xff,
    0xfe,0xff,0xbf,0xff,0xff,0xff,0xfd,0xff,0xbf,0xff,0xff,0xff,0xfb,0xff,0xbf,0xff,
    0xff,0xff,0xf7,0xff,0xbf,0xff,0xff,0xff,0xef,0xff,0xbf,0xff,0xff,0xff,0xdf,0xff,
    0xbf,0xff,0xff,0xff,0xbf,0xff,0xbf,0xff,0xff,0xff,0x7f,0xff,0xbf,0xff,0xff,0xff,
    0xf8,0xf8,0xbf,0xff,0xff,0xff,0xf8,0xf8,0xbf,0xff,0xff,0xff,0xf0,0xf0,0xbf,0xff,
    0xff,0xff,0xe0,0xf0,0xbf,0xff,0xff,0xff,0xc0,0xe0,0xbf,0xff,0xff,0xff,0x00,0x00,
    0x00,0x00,0x00,0x00,0x00,0x00,0x00,0x00,0x00,0x00,0x00,0x00,0x00,0x00,0x00,0x00,
    0xf8,0xf8,0xb8,0xff,0xff,0xff,0xf8,0xf8,0xb8,0xff,0xff,0xff,0xf0,0xf0,0xb0,0xff,
    0xff,0xff,0xf0,0xe0,0xb0,0xff,0xff,0xff,0xe0,0xc0,0xa0,0xff,0xff,0xff,0x00,0x00,
    0x00,0x00,0x00,0x00,0x00,0x00,0x00,0x00,0x00,0x00,0x00,0x00,0x00,0x00,0x00,0x00,
    0xf8,0xf8,0xb8,0xf8,0xff,0xff,0xf8,0xf8,0xb8,0xf8,0xff,0xff,0xf0,0xf0,0xb0,0xf0,
    0xff,0xff,0xf0,0xf0,0xa0,0xf0,0xff,0xff,0xe0,0xe0,0x80,0xe1,0xff,0xff,0x00,0x00,
    0x00,0x00,0x00,0x00,0x00,0x00,0x00,0x00,0x00,0x00,0x00,0x00,0x00,0x00,0x00,0x00,
    0xf8,0xf8,0xb8,0xf8,0xf8,0xff,0xf8,0xf8,0xb8,0xf8,0xf8,0xff,0xf0,0xf0,0xb0,0xf0,
    0xf0,0xff,0x70,0x70,0x30,0xe0,0xe1,0xff,0x70,0x60,0x20,0x41,0xc3,0xff,0x7e,0x7e,
    0x01,0x03,0x07,0xff,0x7f,0x01,0x03,0x07,0x0f,0xff,0x7f,0x7f,0x3f,0x1f,0x3f,0xff,
    0xf8,0xf8,0xb8,0xf8,0xf8,0xfc,0xf8,0xf8,0xb8,0xf8,0xf8,0xf8,0xf8,0xf0,0xb0,0xf0,
    0xf0,0xf1,0x78,0x70,0x30,0xe0,0xe1,0xe3,0x78,0x70,0x20,0x41,0xc3,0xc7,0x7e,0x7e,
    0x3f,0x03,0x0f,0x8f,0x7f,0x7f,0x3f,0x0f,0x1f,0x1f,0x7f,0x7f,0x3f,0x1f,0x3f,0x3f,
    0xfc,0xf8,0xb8,0xf8,0xf8,0xfc,0xfc,0xf8,0xb8,0xf8,0xf8,0xf8,0xfc,0xf8,0xb0,0xf0,
    0xf0,0xf1,0x7c,0x78,0x30,0xe0,0xe1,0xe3,0x7c,0x78,0x20,0x41,0xc3,0xc7,0x7e,0x7e,
    0x01,0x03,0x0f,0x8f,0x7f,0x7f,0x03,0x0f,0x1f,0x1f,0x7f,0x7f,0x3f,0x1f,0x3f,0x3f,
    0xff,0xff,0x7f,0xff,0xff,0xff,0xff,0xff,0x7f,0xff,0xff,0xff,0xff,0xff,0x7f,0xff,
    0xff,0xff,0xff,0xff,0x7f,0xff,0xff,0xff,0xff,0xff,0x7f,0xff,0xff,0xff,0xff,0xff,
    0x7f,0xff,0xff,0xff,0xff,0xff,0x7f,0xff,0xff,0xff,0xff,0xff,0x7f,0xff,0xff,0xff,
    0xfe,0xff,0x7f,0xff,0xff,0xff,0xfd,0xff,0x7f,0xff,0xff,0xff,0xfb,0xff,0x7f,0xff,
    0xff,0xff,0xf7,0xff,0x7f,0xff,0xff,0xff,0xef,0xff,0x7f,0xff,0xff,0xff,0xdf,0xff,
    0x7f,0xff,0xff,0xff,0xbf,0xff,0x7f,0xff,0xff,0xff,0x7f,0xff,0x7f,0xff,0xff,0xff,
    0xf8,0xf8,0x7f,0xff,0xff,0xff,0xf0,0xf0,0x7f,0xff,0xff,0xff,0xf0,0xf0,0x7f,0xff,
    0xff,0xff,0xe0,0xe0,0x7f,0xff,0xff,0xff,0xc0,0xe0,0x7f,0xff,0xff,0xff,0x80,0xc0,
    0x7f,0xff,0xff,0xff,0x00,0x00,0x00,0x00,0x00,0x00,0x00,0x00,0x00,0x00,0x00,0x00,
    0xf8,0xf8,0x78,0xff,0xff,0xff,0xf0,0xf0,0x70,0xff,0xff,0xff,0xf0,0xf0,0x70,0xff,
    0xff,0xff,0xe0,0xe0,0x60,0xff,0xff,0xff,0xe0,0xc0,0x60,0xff,0xff,0xff,0x40,0x00,
    0x41,0xff,0xff,0xff,0x00,0x00,0x00,0x00,0x00,0x00,0x00,0x00,0x00,0x00,0x00,0x00,
    0xf8,0xf8,0x78,0xf8,0xff,0xff,0xf0,0xf0,0x70,0xf0,0xff,0xff,0xf0,0xf0,0x70,0xf0,
    0xff,0xff,0xe0,0xe0,0x60,0xe0,0xff,0xff,0xe0,0xe0,0x40,0xe1,0xff,0xff,0x40,0x40,
    0x01,0x43,0xff,0xff,0x00,0x00,0x00,0x00,0x00,0x00,0x00,0x00,0x00,0x00,0x00,0x00,
    0xf8,0xf8,0x78,0xf8,0xf8,0xff,0xf0,0xf0,0x70,0xf0,0xf0,0xff,0xf0,0xf0,0x70,0xf0,
    0xf0,0xff,0x60,0x60,0x60,0xe0,0xe1,0xff,0x60,0x60,0x60,0x41,0xc3,0xff,0x60,0x40,
    0x41,0x03,0x07,0xff,0x7f,0x7f,0x03,0x07,0x0f,0xff,0x7f,0x03,0x07,0x0f,0x1f,0xff,
    0xf8,0xf8,0x78,0xf8,0xf8,0xfc,0xf0,0xf0,0x70,0xf0,0xf0,0xf8,0xf0,0xf0,0x70,0xf0,
    0xf0,0xf1,0x70,0x60,0x60,0xe0,0xe1,0xe3,0x70,0x60,0x60,0x41,0xc3,0xc7,0x70,0x60,
    0x41,0x03,0x07,0x8f,0x7f,0x7f,0x7f,0x07,0x1f,0x1f,0x7f,0x7f,0x7f,0x1f,0x3f,0x3f,
    0xf8,0xf8,0x78,0xf8,0xf8,0xfc,0xf8,0xf0,0x70,0xf0,0xf0,0xf8,0xf8,0xf0,0x70,0xf0,
    0xf0,0xf1,0x78,0x70,0x60,0xe0,0xe1,0xe3,0x78,0x70,0x60,0x41,0xc3,0xc7,0x78,0x70,
    0x41,0x03,0x07,0x8f,0x7f,0x7f,0x03,0x07,0x1f,0x1f,0x7f,0x7f,0x07,0x1f,0x3f,0x3f,
    0xff,0xff,0xff,0xfe,0xff,0xff,0xff,0xff,0xff,0xfe,0xff,0xff,0xff,0xff,0xff,0xfe,
    0xff,0xff,0xff,0xff,0xff,0xfe,0xff,0xff,0xff,0xff,0xff,0xfe,0xff,0xff,0xff,0xff,
    0xff,0xfe,0xff,0xff,0xff,0xff,0xff,0xfe,0xff,0xff,0xff,0xff,0xff,0xfe,0xff,0xff,
    0xfe,0xff,0xff,0xfe,0xff,0xff,0xfd,0xff,0xff,0xfe,0xff,0xff,0xfb,0xff,0xff,0xfe,
    0xff,0xff,0xf7,0xff,0xff,0xfe,0xff,0xff,0xef,0xff,0xff,0xfe,0xff,0xff,0xdf,0xff,
    0xff,0xfe,0xff,0xff,0xbf,0xff,0xff,0xfe,0xff,0xff,0x7f,0xff,0xff,0xfe,0xff,0xff,
    0xfc,0xfe,0xff,0xfe,0xff,0xff,0xf8,0x81,0xff,0xfe,0xff,0xff,0x01,0x03,0xff,0xfe,
    0xff,0xff,0x03,0x07,0xff,0xfe,0xff,0xff,0x07,0x07,0xff,0xfe,0xff,0xff,0x0f,0x0f,
    0xff,0xfe,0xff,0xff,0x0f,0x0f,0xff,0xfe,0xff,0xff,0x1f,0x1f,0xff,0xfe,0xff,0xff,
    0x00,0x00,0x00,0x00,0x00,0x00,0x00,0x00,0x00,0x00,0x00,0x00,0x02,0x00,0x83,0xfe,
    0xff,0xff,0x07,0x03,0x07,0xfe,0xff,0xff,0x07,0x07,0x07,0xfe,0xff,0xff,0x0f,0x0f,
    0x0f,0xfe,0xff,0xff,0x0f,0x0f,0x0f,0xfe,0xff,0xff,0x1f,0x1f,0x1f,0xfe,0xff,0xff,
    0x00,0x00,0x00,0x00,0x00,0x00,0x00,0x00,0x00,0x00,0x00,0x00,0x02,0x02,0x80,0xc2,
    0xff,0xff,0x07,0x07,0x03,0x86,0xff,0xff,0x07,0x07,0x07,0x06,0xff,0xff,0x0f,0x0f,
    0x0f,0x0e,0xff,0xff,0x0f,0x0f,0x0f,0x0e,0xff,0xff,0x1f,0x1f,0x1f,0x1e,0xff,0xff,
    0x00,0x00,0x00,0x00,0x00,0x00,0x00,0x00,0x00,0x00,0x00,0x00,0x06,0x02,0x82,0xc0,
    0xe2,0xff,0x07,0x07,0x07,0x82,0xc7,0xff,0x07,0x07,0x07,0x06,0x87,0xff,0x0f,0x0f,
    0x0f,0x0e,0x0f,0xff,0x0f,0x0f,0x0f,0x0e,0x0f,0xff,0x1f,0x1f,0x1f,0x1e,0x1f,0xff,
    0xfe,0xfe,0xe0,0xfc,0xfc,0xfc,0xfe,0xfe,0xfe,0xe0,0xf8,0xf8,0x0e,0x06,0x82,0xc2,
    0xe0,0xf1,0x0e,0x06,0x06,0x86,0xc3,0xe3,0x0f,0x07,0x07,0x06,0x87,0xc7,0x0f,0x0f,
    0x0f,0x0e,0x0f,0x8f,0x0f,0x0f,0x0f,0x0e,0x0f,0x1f,0x1f,0x1f,0x1f,0x1e,0x1f,0x3f,
    0xfe,0xfe,0xfe,0xfe,0xfe,0xfc,0xfe,0xfe,0xfe,0xfe,0xfc,0xfa,0x1e,0x0e,0x86,0xc6,
    0xe2,0xf5,0x1e,0x0e,0x06,0x86,0xc7,0xe3,0x1f,0x0f,0x07,0x06,0x87,0xc7,0x1f,0x0f,
    0x0f,0x0e,0x0f,0x8f,0x1f,0x0f,0x0f,0x0e,0x0f,0x1f,0x1f,0x1f,0x1f,0x1e,0x1f,0x3f,
    0xff,0xff,0xff,0xfd,0xff,0xff,0xff,0xff,0xff,0xfd,0xff,0xff,0xff,0xff,0xff,0xfd,
    0xff,0xff,0xff,0xff,0xff,0xfd,0xff,0xff,0xff,0xff,0xff,0xfd,0xff,0xff,0xff,0xff,
    0xff,0xfd,0xff,0xff,0xff,0xff,0xff,0xfd,0xff,0xff,0xff,0xff,0xff,0xfd,0xff,0xff,
    0xfe,0xff,0xff,0xfd,0xff,0xff,0xfd,0xff,0xff,0xfd,0xff,0xff,0xfb,0xff,0xff,0xfd,
    0xff,0xff,0xf7,0xff,0xff,0xfd,0xff,0xff,0xef,0xff,0xff,0xfd,0xff,0xff,0xdf,0xff,
    0xff,0xfd,0xff,0xff,0xbf,0xff,0xff,0xfd,0xff,0xff,0x7f,0xff,0xff,0xfd,0xff,0xff,
    0xfc,0xfe,0xff,0xfd,0xff,0xff,0xf8,0xfd,0xff,0xfd,0xff,0xff,0xf1,0x03,0xff,0xfd,
    0xff,0xff,0x03,0x07,0xff,0xfd,0xff,0xff,0x07,0x0f,0xff,0xfd,0xff,0xff,0x0f,0x0f,
    0xff,0xfd,0xff,0xff,0x1f,0x1f,0xff,0xfd,0xff,0xff,0x1f,0x1f,0xff,0xfd,0xff,0xff,
    0x00,0x00,0x00,0x00,0x00,0x00,0x00,0x00,0x00,0x00,0x00,0x00,0x00,0x00,0x00,0x00,
    0x00,0x00,0x07,0x03,0x07,0xfd,0xff,0xff,0x0f,0x07,0x0f,0xfd,0xff,0xff,0x0f,0x0f,
    0x0f,0xfd,0xff,0xff,0x1f,0x1f,0x1f,0xfd,0xff,0xff,0x1f,0x1f,0x1f,0xfd,0xff,0xff,
    0x00,0x00,0x00,0x00,0x00,0x00,0x00,0x00,0x00,0x00,0x00,0x00,0x00,0x00,0x00,0x00,
    0x00,0x00,0x07,0x07,0x03,0x85,0xff,0xff,0x0f,0x0f,0x07,0x0d,0xff,0xff,0x0f,0x0f,
    0x0f,0x0d,0xff,0xff,0x1f,0x1f,0x1f,0x1d,0xff,0xff,0x1f,0x1f,0x1f,0x1d,0xff,0xff,
    0x00,0x00,0x00,0x00,0x00,0x00,0x00,0x00,0x00,0x00,0x00,0x00,0x00,0x00,0x00,0x00,
    0x00,0x00,0x0f,0x07,0x07,0x81,0xc7,0xff,0x0f,0x0f,0x0f,0x05,0x8f,0xff,0x0f,0x0f,
    0x0f,0x0d,0x0f,0xff,0x1f,0x1f,0x1f,0x1d,0x1f,0xff,0x1f,0x1f,0x1f,0x1d,0x1f,0xff,
    0xfe,0xfe,0xfe,0xfc,0xfc,0xfc,0xfe,0xfe,0xc0,0xf8,0xf8,0xf8,0x7e,0x7e,0xfe,0xc0,
    0xf0,0xf1,0x1e,0x0e,0x06,0x84,0xc3,0xe3,0x1f,0x0f,0x0f,0x0d,0x87,0xc7,0x1f,0x0f,
    0x0f,0x0d,0x0f,0x8f,0x1f,0x1f,0x1f,0x1d,0x1f,0x1f,0x1f,0x1f,0x1f,0x1d,0x1f,0x3f,
    0xfe,0xfe,0xfe,0xfc,0xfe,0xfc,0xfe,0xfe,0xfe,0xfc,0xfc,0xfa,0x7e,0x7e,0xfe,0xfc,
    0xfa,0xf5,0x3e,0x1e,0x0e,0x8c,0xc7,0xeb,0x3f,0x1f,0x0f,0x0d,0x8f,0xc7,0x3f,0x1f,
    0x0f,0x0d,0x0f,0x8f,0x3f,0x1f,0x1f,0x1d,0x1f,0x1f,0x3f,0x1f,0x1f,0x1d,0x1f,0x3f,
    0xff,0xff,0xff,0xfb,0xff,0xff,0xff,0xff,0xff,0xfb,0xff,0xff,0xff,0xff,0xff,0xfb,
    0xff,0xff,0xff,0xff,0xff,0xfb,0xff,0xff,0xff,0xff,0xff,0xfb,0xff,0xff,0xff,0xff,
    0xff,0xfb,0xff,0xff,0xff,0xff,0xff,0xfb,0xff,0xff,0xff,0xff,0xff,0xfb,0xff,0xff,
    0xfe,0xff,0xff,0xfb,0xff,0xff,0xfd,0xff,0xff,0xfb,0xff,0xff,0xfb,0xff,0xff,0xfb,
    0xff,0xff,0xf7,0xff,0xff,0xfb,0xff,0xff,0xef,0xff,0xff,0xfb,0xff,0xff,0xdf,0xff,
    0xff,0xfb,0xff,0xff,0xbf,0xff,0xff,0xfb,0xff,0xff,0x7f,0xff,0xff,0xfb,0xff,0xff,
    0xfc,0xfe,0xff,0xfb,0xff,0xff,0xf8,0xfc,0xff,0xfb,0xff,0xff,0xf1,0xfb,0xff,0xfb,
    0xff,0xff,0xe3,0x07,0xff,0xfb,0xff,0xff,0x07,0x0f,0xff,0xfb,0xff,0xff,0x0f,0x1f,
    0xff,0xfb,0xff,0xff,0x1f,0x1f,0xff,0xfb,0xff,0xff,0x3f,0x3f,0xff,0xfb,0xff,0xff,
    0xfe,0xfc,0xfe,0xfb,0xff,0xff,0x00,0x00,0x00,0x00,0x00,0x00,0x00,0x00,0x00,0x00,
    0x00,0x00,0x00,0x00,0x00,0x00,0x00,0x00,0x0f,0x07,0x0f,0xfb,0xff,0xff,0x1f,0x0f,
    0x1f,0xfb,0xff,0xff,0x1f,0x1f,0x1f,0xfb,0xff,0xff,0x3f,0x3f,0x3f,0xfb,0xff,0xff,
    0xfe,0xfe,0xfc,0xfa,0xff,0xff,0x00,0x00,0x00,0x00,0x00,0x00,0x00,0x00,0x00,0x00,
    0x00,0x00,0x00,0x00,0x00,0x00,0x00,0x00,0x0f,0x0f,0x07,0x0b,0xff,0xff,0x1f,0x1f,
    0x0f,0x1b,0xff,0xff,0x1f,0x1f,0x1f,0x1b,0xff,0xff,0x3f,0x3f,0x3f,0x3b,0xff,0xff,
    0xfe,0xfe,0xfe,0xf8,0xfe,0xff,0x00,0x00,0x00,0x00,0x00,0x00,0x00,0x00,0x00,0x00,
    0x00,0x00,0x00,0x00,0x00,0x00,0x00,0x00,0x1f,0x0f,0x0f,0x03,0x8f,0xff,0x1f,0x1f,
    0x1f,0x0b,0x1f,0xff,0x1f,0x1f,0x1f,0x1b,0x1f,0xff,0x3f,0x3f,0x3f,0x3b,0x3f,0xff,
    0xfe,0xfe,0xfe,0xfa,0xfc,0xfc,0xfe,0xfe,0xfe,0xf8,0xf8,0xf8,0x7e,0x7e,0x80,0xf0,
    0xf0,0xf1,0x7e,0x7e,0x7e,0x82,0xe3,0xe3,0x3f,0x1f,0x0f,0x0b,0x87,0xc7,0x3f,0x1f,
    0x1f,0x1b,0x0f,0x8f,0x3f,0x1f,0x1f,0x1b,0x1f,0x1f,0x3f,0x3f,0x3f,0x3b,0x3f,0x3f,
    0xfe,0xfe,0xfe,0xfa,0xfe,0xfc,0xfe,0xfe,0xfe,0xfa,0xfc,0xfa,0x7e,0x7e,0xfe,0xfa,
    0xfa,0xf5,0x7e,0x7e,0x7e,0xfa,0xf7,0xeb,0x7f,0x3f,0x1f,0x1b,0x8f,0xd7,0x7f,0x3f,
    0x1f,0x1b,0x1f,0x8f,0x7f,0x3f,0x1f,0x1b,0x1f,0x1f,0x7f,0x3f,0x3f,0x3b,0x3f,0x3f,
    0xff,0xff,0xff,0xf7,0xff,0xff,0xff,0xff,0xff,0xf7,0xff,0xff,0xff,0xff,0xff,0xf7,
    0xff,0xff,0xff,0xff,0xff,0xf7,0xff,0xff,0xff,0xff,0xff,0xf7,0xff,0xff,0xff,0xff,
    0xff,0xf7,0xff,0xff,0xff,0xff,0xff,0xf7,0xff,0xff,0xff,0xff,0xff,0xf7,0xff,0xff,
    0xfe,0xff,0xff,0xf7,0xff,0xff,0xfd,0xff,0xff,0xf7,0xff,0xff,0xfb,0xff,0xff,0xf7,
    0xff,0xff,0xf7,0xff,0xff,0xf7,0xff,0xff,0xef,0xff,0xff,0xf7,0xff,0xff,0xdf,0xff,
    0xff,0xf7,0xff,0xff,0xbf,0xff,0xff,0xf7,0xff,0xff,0x7f,0xff,0xff,0xf7,0xff,0xff,
    0xfc,0xfe,0xff,0xf7,0xff,0xff,0xf8,0xfc,0xff,0xf7,0xff,0xff,0xf1,0xf8,0xff,0xf7,
    0xff,0xff,0xe3,0xf7,0xff,0xf7,0xff,0xff,0xc7,0x0f,0xff,0xf7,0xff,0xff,0x0f,0x1f,
    0xff,0xf7,0xff,0xff,0x1f,0x3f,0xff,0xf7,0xff,0xff,0x3f,0x3f,0xff,0xf7,0xff,0xff,
    0xfe,0xfc,0xfe,0xf7,0xff,0xff,0xfc,0xf8,0xfc,0xf7,0xff,0xff,0x00,0x00,0x00,0x00,
    0x00,0x00,0x00,0x00,0x00,0x00,0x00,0x00,0x00,0x00,0x00,0x00,0x00,0x00,0x1f,0x0f,
    0x1f,0xf7,0xff,0xff,0x3f,0x1f,0x3f,0xf7,0xff,0xff,0x3f,0x3f,0x3f,0xf7,0xff,0xff,
    0xfe,0xfe,0xfc,0xf6,0xff,0xff,0xfc,0xfc,0xf8,0xf4,0xff,0xff,0x00,0x00,0x00,0x00,
    0x00,0x00,0x00,0x00,0x00,0x00,0x00,0x00,0x00,0x00,0x00,0x00,0x00,0x00,0x1f,0x1f,
    0x0f,0x17,0xff,0xff,0x3f,0x3f,0x1f,0x37,0xff,0xff,0x3f,0x3f,0x3f,0x37,0xff,0xff,
    0xfe,0xfe,0xfe,0xf4,0xfe,0xff,0xfe,0xfc,0xfc,0xf0,0xfc,0xff,0x00,0x00,0x00,0x00,
    0x00,0x00,0x00,0x00,0x00,0x00,0x00,0x00,0x00,0x00,0x00,0x00,0x00,0x00,0x3f,0x1f,
    0x1f,0x07,0x1f,0xff,0x3f,0x3f,0x3f,0x17,0x3f,0xff,0x3f,0x3f,0x3f,0x37,0x3f,0xff,
    0xfe,0xfe,0xfe,0xf6,0xfc,0xfc,0xfe,0xfe,0xfc,0xf4,0xf8,0xf8,0xfe,0xfe,0xfe,0xf0,
    0xf0,0xf1,0x7e,0x7e,0x00,0xe2,0xe3,0xe3,0x7f,0x7f,0x7f,0x07,0xc7,0xc7,0x7f,0x3f,
    0x1f,0x17,0x0f,0x8f,0x7f,0x3f,0x3f,0x37,0x1f,0x1f,0x7f,0x3f,0x3f,0x37,0x3f,0x3f,
    0xfe,0xfe,0xfe,0xf6,0xfe,0xfc,0xfe,0xfe,0xfe,0xf6,0xfc,0xfa,0xfe,0xfe,0xfe,0xf6,
    0xfa,0xf5,0x7e,0x7e,0x7e,0xf6,0xf7,0xeb,0x7f,0x7f,0x7f,0x77,0xef,0xd7,0x7f,0x7f,
    0x3f,0x37,0x1f,0xaf,0x7f,0x7f,0x3f,0x37,0x3f,0x1f,0x7f,0x7f,0x3f,0x37,0x3f,0x3f,
    0xff,0xff,0xff,0xef,0xff,0xff,0xff,0xff,0xff,0xef,0xff,0xff,0xff,0xff,0xff,0xef,
    0xff,0xff,0xff,0xff,0xff,0xef,0xff,0xff,0xff,0xff,0xff,0xef,0xff,0xff,0xff,0xff,
    0xff,0xef,0xff,0xff,0xff,0xff,0xff,0xef,0xff,0xff,0xff,0xff,0xff,0xef,0xff,0xff,
    0xfe,0xff,0xff,0xef,0xff,0xff,0xfd,0xff,0xff,0xef,0xff,0xff,0xfb,0xff,0xff,0xef,
    0xff,0xff,0xf7,0xff,0xff,0xef,0xff,0xff,0xef,0xff,0xff,0xef,0xff,0xff,0xdf,0xff,
    0xff,0xef,0xff,0xff,0xbf,0xff,0xff,0xef,0xff,0xff,0x7f,0xff,0xff,0xef,0xff,0xff,
    0xfc,0xfc,0xff,0xef,0xff,0xff,0xf8,0xfc,0xff,0xef,0xff,0xff,0xf0,0xf8,0xff,0xef,
    0xff,0xff,0xe3,0xf0,0xff,0xef,0xff,0xff,0xc7,0xef,0xff,0xef,0xff,0xff,0x8f,0x1f,
    0xff,0xef,0xff,0xff,0x1f,0x3f,0xff,0xef,0xff,0xff,0x3f,0x7f,0xff,0xef,0xff,0xff,
    0xfc,0xfc,0xfc,0xef,0xff,0xff,0xfc,0xf8,0xfc,0xef,0xff,0xff,0xf8,0xf0,0xf8,0xef,
    0xff,0xff,0x00,0x00,0x00,0x00,0x00,0x00,0x00,0x00,0x00,0x00,0x00,0x00,0x00,0x00,
    0x00,0x00,0x00,0x00,0x3f,0x1f,0x3f,0xef,0xff,0xff,0x7f,0x3f,0x7f,0xef,0xff,0xff,
    0xfc,0xfc,0xfc,0xec,0xff,0xff,0xfc,0xfc,0xf8,0xec,0xff,0xff,0xf8,0xf8,0xf0,0xe8,
    0xff,0xff,0x00,0x00,0x00,0x00,0x00,0x00,0x00,0x00,0x00,0x00,0x00,0x00,0x00,0x00,
    0x00,0x00,0x00,0x00,0x3f,0x3f,0x1f,0x2f,0xff,0xff,0x7f,0x7f,0x3f,0x6f,0xff,0xff,
    0xfc,0xfc,0xfc,0xec,0xfc,0xff,0xfc,0xfc,0xfc,0xe8,0xfc,0xff,0xfc,0xf8,0xf8,0xe0,
    0xf8,0xff,0x00,0x00,0x00,0x00,0x00,0x00,0x00,0x00,0x00,0x00,0x00,0x00,0x00,0x00,
    0x00,0x00,0x00,0x00,0x7f,0x3f,0x3f,0x0f,0x3f,0xff,0x7f,0x7f,0x7f,0x2f,0x7f,0xff,
    0xfe,0xfc,0xfc,0xec,0xfc,0xfc,0xfe,0xfc,0xfc,0xec,0xf8,0xf8,0xfe,0xfc,0xf8,0xe8,
    0xf0,0xf1,0xfe,0xfe,0xfe,0xe0,0xe3,0xe3,0x7e,0x7e,0x00,0x47,0xc7,0xc7,0x7f,0x7f,
    0x7f,0x0f,0x0f,0x8f,0x7f,0x7f,0x3f,0x2f,0x1f,0x1f,0x7f,0x7f,0x7f,0x6f,0x3f,0x3f,
    0xfe,0xfe,0xfc,0xec,0xfc,0xfc,0xfe,0xfe,0xfc,0xec,0xfc,0xf8,0xfe,0xfe,0xfc,0xec,
    0xf8,0xf5,0xfe,0xfe,0xfe,0xee,0xf7,0xeb,0x7e,0x7e,0x7e,0x6f,0xef,0xd7,0x7f,0x7f,
    0x7f,0x6f,0x5f,0xaf,0x7f,0x7f,0x7f,0x6f,0x3f,0x5f,0x7f,0x7f,0x7f,0x6f,0x7f,0x3f,
    0xff,0xff,0xff,0xdf,0xff,0xff,0xff,0xff,0xff,0xdf,0xff,0xff,0xff,0xff,0xff,0xdf,
    0xff,0xff,0xff,0xff,0xff,0xdf,0xff,0xff,0xff,0xff,0xff,0xdf,0xff,0xff,0xff,0xff,
    0xff,0xdf,0xff,0xff,0xff,0xff,0xff,0xdf,0xff,0xff,0xff,0xff,0xff,0xdf,0xff,0xff,
    0xfe,0xff,0xff,0xdf,0xff,0xff,0xfd,0xff,0xff,0xdf,0xff,0xff,0xfb,0xff,0xff,0xdf,
    0xff,0xff,0xf7,0xff,0xff,0xdf,0xff,0xff,0xef,0xff,0xff,0xdf,0xff,0xff,0xdf,0xff,
    0xff,0xdf,0xff,0xff,0xbf,0xff,0xff,0xdf,0xff,0xff,0x7f,0xff,0xff,0xdf,0xff,0xff,
    0xfc,0xfc,0xff,0xdf,0xff,0xff,0xf8,0xf8,0xff,0xdf,0xff,0xff,0xf0,0xf8,0xff,0xdf,
    0xff,0xff,0xe0,0xf0,0xff,0xdf,0xff,0xff,0xc7,0xe0,0xff,0xdf,0xff,0xff,0x8f,0xdf,
    0xff,0xdf,0xff,0xff,0x1f,0x3f,0xff,0xdf,0xff,0xff,0x3f,0x7f,0xff,0xdf,0xff,0xff,
    0xfc,0xfc,0xfc,0xdf,0xff,0xff,0xf8,0xf8,0xf8,0xdf,0xff,0xff,0xf8,0xf0,0xf8,0xdf,
    0xff,0xff,0xf0,0xe0,0xf0,0xdf,0xff,0xff,0x00,0x00,0x00,0x00,0x00,0x00,0x00,0x00,
    0x00,0x00,0x00,0x00,0x00,0x00,0x00,0x00,0x00,0x00,0x7f,0x3f,0x7f,0xdf,0xff,0xff,
    0xfc,0xfc,0xfc,0xdc,0xff,0xff,0xf8,0xf8,0xf8,0xd8,0xff,0xff,0xf8,0xf8,0xf0,0xd8,
    0xff,0xff,0xf0,0xf0,0xe0,0xd0,0xff,0xff,0x00,0x00,0x00,0x00,0x00,0x00,0x00,0x00,
    0x00,0x00,0x00,0x00,0x00,0x00,0x00,0x00,0x00,0x00,0x7f,0x7f,0x3f,0x5f,0xff,0xff,
    0xfc,0xfc,0xfc,0xdc,0xfc,0xff,0xf8,0xf8,0xf8,0xd8,0xf8,0xff,0xf8,0xf8,0xf8,0xd0,
    0xf8,0xff,0xf8,0xf0,0xf0,0xc0,0xf1,0xff,0x00,0x00,0x00,0x00,0x00,0x00,0x00,0x00,
    0x00,0x00,0x00,0x00,0x00,0x00,0x00,0x00,0x00,0x00,0x7f,0x7f,0x7f,0x1f,0x7f,0xff,
    0xfc,0xfc,0xfc,0xdc,0xfc,0xfc,0xfc,0xf8,0xf8,0xd8,0xf8,0xf8,0xfc,0xf8,0xf8,0xd8,
    0xf0,0xf1,0xfc,0xf8,0xf0,0xd0,0xe1,0xe3,0x7e,0x7e,0x7e,0x41,0xc7,0xc7,0x7e,0x7e,
    0x01,0x0f,0x0f,0x8f,0x7f,0x7f,0x7f,0x1f,0x1f,0x1f,0x7f,0x7f,0x7f,0x5f,0x3f,0x3f,
    0xfe,0xfc,0xfc,0xdc,0xfc,0xfc,0xfe,0xfc,0xf8,0xd8,0xf8,0xf8,0xfe,0xfc,0xf8,0xd8,
    0xf8,0xf1,0xfe,0xfc,0xf8,0xd8,0xf1,0xeb,0x7e,0x7e,0x7e,0x5f,0xef,0xd7,0x7e,0x7e,
    0x7f,0x5f,0x5f,0xaf,0x7f,0x7f,0x7f,0x5f,0x3f,0x5f,0x7f,0x7f,0x7f,0x5f,0x7f,0x3f,
    0xff,0xff,0xff,0xbf,0xff,0xff,0xff,0xff,0xff,0xbf,0xff,0xff,0xff,0xff,0xff,0xbf,
    0xff,0xff,0xff,0xff,0xff,0xbf,0xff,0xff,0xff,0xff,0xff,0xbf,0xff,0xff,0xff,0xff,
    0xff,0xbf,0xff,0xff,0xff,0xff,0xff,0xbf,0xff,0xff,0xff,0xff,0xff,0xbf,0xff,0xff,
    0xfe,0xff,0xff,0xbf,0xff,0xff,0xfd,0xff,0xff,0xbf,0xff,0xff,0xfb,0xff,0xff,0xbf,
    0xff,0xff,0xf7,0xff,0xff,0xbf,0xff,0xff,0xef,0xff,0xff,0xbf,0xff,0xff,0xdf,0xff,
    0xff,0xbf,0xff,0xff,0xbf,0xff,0xff,0xbf,0xff,0xff,0x7f,0xff,0xff,0xbf,0xff,0xff,
    0xf8,0xf8,0xff,0xbf,0xff,0xff,0xf8,0xf8,0xff,0xbf,0xff,0xff,0xf0,0xf0,0xff,0xbf,
    0xff,0xff,0xe0,0xf0,0xff,0xbf,0xff,0xff,0xc0,0xe0,0xff,0xbf,0xff,0xff,0x8f,0xc0,
    0xff,0xbf,0xff,0xff,0x1f,0xbf,0xff,0xbf,0xff,0xff,0x3f,0x7f,0xff,0xbf,0xff,0xff,
    0xf8,0xf8,0xf8,0xbf,0xff,0xff,0xf8,0xf8,0xf8,0xbf,0xff,0xff,0xf0,0xf0,0xf0,0xbf,
    0xff,0xff,0xf0,0xe0,0xf0,0xbf,0xff,0xff,0xe0,0xc0,0xe0,0xbf,0xff,0xff,0x00,0x00,
    0x00,0x00,0x00,0x00,0x00,0x00,0x00,0x00,0x00,0x00,0x00,0x00,0x00,0x00,0x00,0x00,
    0xf8,0xf8,0xf8,0xb8,0xff,0xff,0xf8,0xf8,0xf8,0xb8,0xff,0xff,0xf0,0xf0,0xf0,0xb0,
    0xff,0xff,0xf0,0xf0,0xe0,0xb0,0xff,0xff,0xe0,0xe0,0xc0,0xa1,0xff,0xff,0x00,0x00,
    0x00,0x00,0x00,0x00,0x00,0x00,0x00,0x00,0x00,0x00,0x00,0x00,0x00,0x00,0x00,0x00,
    0xf8,0xf8,0xf8,0xb8,0xf8,0xff,0xf8,0xf8,0xf8,0xb8,0xf8,0xff,0xf0,0xf0,0xf0,0xb0,
    0xf0,0xff,0xf0,0xf0,0xf0,0xa0,0xf1,0xff,0xf0,0xe0,0xe0,0x81,0xe3,0xff,0x00,0x00,
    0x00,0x00,0x00,0x00,0x00,0x00,0x00,0x00,0x00,0x00,0x00,0x00,0x00,0x00,0x00,0x00,
    0xf8,0xf8,0xf8,0xb8,0xf8,0xfc,0xf8,0xf8,0xf8,0xb8,0xf8,0xf8,0xf8,0xf0,0xf0,0xb0,
    0xf0,0xf1,0xf8,0xf0,0xf0,0xb0,0xe1,0xe3,0x78,0x70,0x60,0x21,0xc3,0xc7,0x7e,0x7e,
    0x7f,0x03,0x0f,0x8f,0x7f,0x7f,0x03,0x1f,0x1f,0x1f,0x7f,0x7f,0x7f,0x3f,0x3f,0x3f,
    0xfc,0xf8,0xf8,0xb8,0xf8,0xfc,0xfc,0xf8,0xf8,0xb8,0xf8,0xf8,0xfc,0xf8,0xf0,0xb0,
    0xf0,0xf1,0xfc,0xf8,0xf0,0xb0,0xf1,0xe3,0x7c,0x78,0x70,0x31,0xe3,0xd7,0x7e,0x7e,
    0x7f,0x3f,0x5f,0xaf,0x7f,0x7f,0x7f,0x3f,0x3f,0x5f,0x7f,0x7f,0x7f,0x3f,0x7f,0x3f,
    0xff,0xff,0xff,0x7f,0xff,0xff,0xff,0xff,0xff,0x7f,0xff,0xff,0xff,0xff,0xff,0x7f,
    0xff,0xff,0xff,0xff,0xff,0x7f,0xff,0xff,0xff,0xff,0xff,0x7f,0xff,0xff,0xff,0xff,
    0xff,0x7f,0xff,0xff,0xff,0xff,0xff,0x7f,0xff,0xff,0xff,0xff,0xff,0x7f,0xff,0xff,
    0xfe,0xff,0xff,0x7f,0xff,0xff,0xfd,0xff,0xff,0x7f,0xff,0xff,0xfb,0xff,0xff,0x7f,
    0xff,0xff,0xf7,0xff,0xff,0x7f,0xff,0xff,0xef,0xff,0xff,0x7f,0xff,0xff,0xdf,0xff,
    0xff,0x7f,0xff,0xff,0xbf,0xff,0xff,0x7f,0xff,0xff,0x7f,0xff,0xff,0x7f,0xff,0xff,
    0xf8,0xf8,0xff,0x7f,0xff,0xff,0xf0,0xf0,0xff,0x7f,0xff,0xff,0xf0,0xf0,0xff,0x7f,
    0xff,0xff,0xe0,0xe0,0xff,0x7f,0xff,0xff,0xc0,0xe0,0xff,0x7f,0xff,0xff,0x80,0xc0,
    0xff,0x7f,0xff,0xff,0x1f,0x81,0xff,0x7f,0xff,0xff,0x3f,0x7f,0xff,0x7f,0xff,0xff,
    0xf8,0xf8,0xf8,0x7f,0xff,0xff,0xf0,0xf0,0xf0,0x7f,0xff,0xff,0xf0,0xf0,0xf0,0x7f,
    0xff,0xff,0xe0,0xe0,0xe0,0x7f,0xff,0xff,0xe0,0xc0,0xe0,0x7f,0xff,0xff,0x40,0x00,
    0xc1,0x7f,0xff,0xff,0x00,0x00,0x00,0x00,0x00,0x00,0x00,0x00,0x00,0x00,0x00,0x00,
    0xf8,0xf8,0xf8,0x78,0xff,0xff,0xf0,0xf0,0xf0,0x70,0xff,0xff,0xf0,0xf0,0xf0,0x70,
    0xff,0xff,0xe0,0xe0,0xe0,0x60,0xff,0xff,0xe0,0xe0,0xc0,0x61,0xff,0xff,0x40,0x40,
    0x01,0x43,0xff,0xff,0x00,0x00,0x00,0x00,0x00,0x00,0x00,0x00,0x00,0x00,0x00,0x00,
    0xf8,0xf8,0xf8,0x78,0xf8,0xff,0xf0,0xf0,0xf0,0x70,0xf0,0xff,0xf0,0xf0,0xf0,0x70,
    0xf0,0xff,0xe0,0xe0,0xe0,0x60,0xe1,0xff,0xe0,0xe0,0xe0,0x41,0xe3,0xff,0x60,0x40,
    0x41,0x03,0x47,0xff,0x00,0x00,0x00,0x00,0x00,0x00,0x00,0x00,0x00,0x00,0x00,0x00,
    0xf8,0xf8,0xf8,0x78,0xf8,0xfc,0xf0,0xf0,0xf0,0x70,0xf0,0xf8,0xf0,0xf0,0xf0,0x70,
    0xf0,0xf1,0xf0,0xe0,0xe0,0x60,0xe1,0xe3,0x70,0x60,0x60,0x61,0xc3,0xc7,0x70,0x60,
    0x41,0x43,0x07,0x8f,0x7f,0x7f,0x7f,0x07,0x1f,0x1f,0x7f,0x7f,0x07,0x3f,0x3f,0x3f,
    0xf8,0xf8,0xf8,0x78,0xf8,0xfc,0xf8,0xf0,0xf0,0x70,0xf0,0xf8,0xf8,0xf0,0xf0,0x70,
    0xf0,0xf1,0xf8,0xf0,0xe0,0x60,0xe1,0xe3,0x78,0x70,0x60,0x61,0xe3,0xc7,0x78,0x70,
    0x61,0x63,0x47,0xaf,0x7f,0x7f,0x7f,0x7f,0x3f,0x5f,0x7f,0x7f,0x7f,0x7f,0x7f,0x3f,
    0xff,0xff,0xff,0xff,0xfe,0xff,0xff,0xff,0xff,0xff,0xfe,0xff,0xff,0xff,0xff,0xff,
    0xfe,0xff,0xff,0xff,0xff,0xff,0xfe,0xff,0xff,0xff,0xff,0xff,0xfe,0xff,0xff,0xff,
    0xff,0xff,0xfe,0xff,0xff,0xff,0xff,0xff,0xfe,0xff,0xff,0xff,0xff,0xff,0xfe,0xff,
    0xfe,0xff,0xff,0xff,0xfe,0xff,0xfd,0xff,0xff,0xff,0xfe,0xff,0xfb,0xff,0xff,0xff,
    0xfe,0xff,0xf7,0xff,0xff,0xff,0xfe,0xff,0xef,0xff,0xff,0xff,0xfe,0xff,0xdf,0xff,
    0xff,0xff,0xfe,0xff,0xbf,0xff,0xff,0xff,0xfe,0xff,0x7f,0xff,0xff,0xff,0xfe,0xff,
    0xfc,0xfc,0xff,0xff,0xfe,0xff,0xf8,0x80,0xff,0xff,0xfe,0xff,0x01,0x01,0xff,0xff,
    0xfe,0xff,0x03,0x03,0xff,0xff,0xfe,0xff,0x07,0x07,0xff,0xff,0xfe,0xff,0x0f,0x0f,
    0xff,0xff,0xfe,0xff,0x0f,0x0f,0xff,0xff,0xfe,0xff,0x1f,0x1f,0xff,0xff,0xfe,0xff,
    0xc0,0xc0,0xfe,0xff,0xfe,0xff,0x80,0x80,0xc1,0xff,0xfe,0xff,0x00,0x00,0x83,0xff,
    0xfe,0xff,0x03,0x03,0x07,0xff,0xfe,0xff,0x07,0x07,0x07,0xff,0xfe,0xff,0x0f,0x0f,
    0x0f,0xff,0xfe,0xff,0x0f,0x0f,0x0f,0xff,0xfe,0xff,0x1f,0x1f,0x1f,0xff,0xfe,0xff,
    0x00,0x00,0x00,0x00,0x00,0x00,0x00,0x00,0x00,0x00,0x00,0x00,0x02,0x02,0x80,0xc3,
    0xfe,0xff,0x07,0x07,0x03,0x87,0xfe,0xff,0x07,0x07,0x07,0x07,0xfe,0xff,0x0f,0x0f,
    0x0f,0x0f,0xfe,0xff,0x0f,0x0f,0x0f,0x0f,0xfe,0xff,0x1f,0x1f,0x1f,0x1f,0xfe,0xff,
    0x00,0x00,0x00,0x00,0x00,0x00,0x00,0x00,0x00,0x00,0x00,0x00,0x02,0x02,0x82,0xc0,
    0xe2,0xff,0x07,0x07,0x07,0x83,0xc6,0xff,0x07,0x07,0x07,0x07,0x86,0xff,0x0f,0x0f,
    0x0f,0x0f,0x0e,0xff,0x0f,0x0f,0x0f,0x0f,0x0e,0xff,0x1f,0x1f,0x1f,0x1f,0x1e,0xff,
    0x00,0x00,0x00,0x00,0x00,0x00,0x00,0x00,0x00,0x00,0x00,0x00,0x0e,0x06,0x82,0xc2,
    0xe0,0xf3,0x0f,0x07,0x07,0x87,0xc2,0xe7,0x0f,0x07,0x07,0x07,0x86,0xc7,0x0f,0x0f,
    0x0f,0x0f,0x0e,0x8f,0x0f,0x0f,0x0f,0x0f,0x0e,0x1f,0x1f,0x1f,0x1f,0x1f,0x1e,0x3f,
    0xfe,0xfe,0xfe,0xfe,0xfc,0xfc,0xfe,0xfe,0xfe,0xfe,0xfe,0xf8,0x1e,0x0e,0x86,0xc6,
    0xe2,0xf5,0x1f,0x0f,0x07,0x87,0xc6,0xe3,0x1f,0x0f,0x07,0x07,0x86,0xc7,0x1f,0x0f,
    0x0f,0x0f,0x0e,0x8f,0x1f,0x0f,0x0f,0x0f,0x0e,0x1f,0x1f,0x1f,0x1f,0x1f,0x1e,0x3f,
    0xff,0xff,0xff,0xff,0xfd,0xff,0xff,0xff,0xff,0xff,0xfd,0xff,0xff,0xff,0xff,0xff,
    0xfd,0xff,0xff,0xff,0xff,0xff,0xfd,0xff,0xff,0xff,0xff,0xff,0xfd,0xff,0xff,0xff,
    0xff,0xff,0xfd,0xff,0xff,0xff,0xff,0xff,0xfd,0xff,0xff,0xff,0xff,0xff,0xfd,0xff,
    0xfe,0xff,0xff,0xff,0xfd,0xff,0xfd,0xff,0xff,0xff,0xfd,0xff,0xfb,0xff,0xff,0xff,
    0xfd,0xff,0xf7,0xff,0xff,0xff,0xfd,0xff,0xef,0xff,0xff,0xff,0xfd,0xff,0xdf,0xff,
    0xff,0xff,0xfd,0xff,0xbf,0xff,0xff,0xff,0xfd,0xff,0x7f,0xff,0xff,0xff,0xfd,0xff,
    0xfc,0xfc,0xff,0xff,0xfd,0xff,0xf8,0xf8,0xff,0xff,0xfd,0xff,0xf1,0x01,0xff,0xff,
    0xfd,0xff,0x03,0x03,0xff,0xff,0xfd,0xff,0x07,0x07,0xff,0xff,0xfd,0xff,0x0f,0x0f,
    0xff,0xff,0xfd,0xff,0x1f,0x1f,0xff,0xff,0xfd,0xff,0x1f,0x1f,0xff,0xff,0xfd,0xff,
    0xfc,0xfc,0xfe,0xff,0xfd,0xff,0x80,0x80,0xfd,0xff,0xfd,0xff,0x01,0x01,0x83,0xff,
    0xfd,0xff,0x03,0x03,0x07,0xff,0xfd,0xff,0x07,0x07,0x0f,0xff,0xfd,0xff,0x0f,0x0f,
    0x0f,0xff,0xfd,0xff,0x1f,0x1f,0x1f,0xff,0xfd,0xff,0x1f,0x1f,0x1f,0xff,0xfd,0xff,
    0x00,0x00,0x00,0x00,0x00,0x00,0x00,0x00,0x00,0x00,0x00,0x00,0x00,0x00,0x00,0x00,
    0x00,0x00,0x07,0x07,0x03,0x87,0xfd,0xff,0x0f,0x0f,0x07,0x0f,0xfd,0xff,0x0f,0x0f,
    0x0f,0x0f,0xfd,0xff,0x1f,0x1f,0x1f,0x1f,0xfd,0xff,0x1f,0x1f,0x1f,0x1f,0xfd,0xff,
    0x00,0x00,0x00,0x00,0x00,0x00,0x00,0x00,0x00,0x00,0x00,0x00,0x00,0x00,0x00,0x00,
    0x00,0x00,0x07,0x07,0x07,0x83,0xc5,0xff,0x0f,0x0f,0x0f,0x07,0x8d,0xff,0x0f,0x0f,
    0x0f,0x0f,0x0d,0xff,0x1f,0x1f,0x1f,0x1f,0x1d,0xff,0x1f,0x1f,0x1f,0x1f,0x1d,0xff,
    0x00,0x00,0x00,0x00,0x00,0x00,0x00,0x00,0x00,0x00,0x00,0x00,0x00,0x00,0x00,0x00,
    0x00,0x00,0x1f,0x0f,0x07,0x87,0xc1,0xe7,0x1f,0x0f,0x0f,0x0f,0x85,0xcf,0x1f,0x0f,
    0x0f,0x0f,0x0d,0x8f,0x1f,0x1f,0x1f,0x1f,0x1d,0x1f,0x1f,0x1f,0x1f,0x1f,0x1d,0x3f,
    0xfe,0xfe,0xfe,0xfe,0xfc,0xfc,0xfe,0xfe,0xfe,0xfe,0xf8,0xfa,0x7e,0x7e,0xfe,0xfe,
    0xfd,0xf1,0x3f,0x1f,0x0f,0x8f,0xc5,0xeb,0x3f,0x1f,0x0f,0x0f,0x8d,0xc7,0x3f,0x1f,
    0x0f,0x0f,0x0d,0x8f,0x3f,0x1f,0x1f,0x1f,0x1d,0x1f,0x3f,0x1f,0x1f,0x1f,0x1d,0x3f,
    0xff,0xff,0xff,0xff,0xfb,0xff,0xff,0xff,0xff,0xff,0xfb,0xff,0xff,0xff,0xff,0xff,
    0xfb,0xff,0xff,0xff,0xff,0xff,0xfb,0xff,0xff,0xff,0xff,0xff,0xfb,0xff,0xff,0xff,
    0xff,0xff,0xfb,0xff,0xff,0xff,0xff,0xff,0xfb,0xff,0xff,0xff,0xff,0xff,0xfb,0xff,
    0xfe,0xff,0xff,0xff,0xfb,0xff,0xfd,0xff,0xff,0xff,0xfb,0xff,0xfb,0xff,0xff,0xff,
    0xfb,0xff,0xf7,0xff,0xff,0xff,0xfb,0xff,0xef,0xff,0xff,0xff,0xfb,0xff,0xdf,0xff,
    0xff,0xff,0xfb,0xff,0xbf,0xff,0xff,0xff,0xfb,0xff,0x7f,0xff,0xff,0xff,0xfb,0xff,
    0xfc,0xfc,0xff,0xff,0xfb,0xff,0xf8,0xf8,0xff,0xff,0xfb,0xff,0xf1,0xf1,0xff,0xff,
    0xfb,0xff,0xe3,0x03,0xff,0xff,0xfb,0xff,0x07,0x07,0xff,0xff,0xfb,0xff,0x0f,0x0f,
    0xff,0xff,0xfb,0xff,0x1f,0x1f,0xff,0xff,0xfb,0xff,0x3f,0x3f,0xff,0xff,0xfb,0xff,
    0xfc,0xfc,0xfe,0xff,0xfb,0xff,0xf8,0xf8,0xfc,0xff,0xfb,0xff,0x00,0x00,0xfb,0xff,
    0xfb,0xff,0x03,0x03,0x07,0xff,0xfb,0xff,0x07,0x07,0x0f,0xff,0xfb,0xff,0x0f,0x0f,
    0x1f,0xff,0xfb,0xff,0x1f,0x1f,0x1f,0xff,0xfb,0xff,0x3f,0x3f,0x3f,0xff,0xfb,0xff,
    0xfe,0xfe,0xfc,0xfe,0xfb,0xff,0x00,0x00,0x00,0x00,0x00,0x00,0x00,0x00,0x00,0x00,
    0x00,0x00,0x00,0x00,0x00,0x00,0x00,0x00,0x0f,0x0f,0x07,0x0f,0xfb,0xff,0x1f,0x1f,
    0x0f,0x1f,0xfb,0xff,0x1f,0x1f,0x1f,0x1f,0xfb,0xff,0x3f,0x3f,0x3f,0x3f,0xfb,0xff,
    0xfe,0xfe,0xfe,0xfc,0xfa,0xff,0x00,0x00,0x00,0x00,0x00,0x00,0x00,0x00,0x00,0x00,
    0x00,0x00,0x00,0x00,0x00,0x00,0x00,0x00,0x0f,0x0f,0x0f,0x07,0x8b,0xff,0x1f,0x1f,
    0x1f,0x0f,0x1b,0xff,0x1f,0x1f,0x1f,0x1f,0x1b,0xff,0x3f,0x3f,0x3f,0x3f,0x3b,0xff,
    0xfe,0xfe,0xfe,0xfe,0xf8,0xfe,0x00,0x00,0x00,0x00,0x00,0x00,0x00,0x00,0x00,0x00,
    0x00,0x00,0x00,0x00,0x00,0x00,0x00,0x00,0x3f,0x1f,0x0f,0x0f,0x83,0xcf,0x3f,0x1f,
    0x1f,0x1f,0x0b,0x9f,0x3f,0x1f,0x1f,0x1f,0x1b,0x1f,0x3f,0x3f,0x3f,0x3f,0x3b,0x3f,
    0xfe,0xfe,0xfe,0xfe,0xf8,0xfc,0xfe,0xfe,0xfe,0xfe,0xfa,0xf8,0x7e,0x7e,0xfe,0xfe,
    0xf1,0xf5,0x7f,0x7f,0x7f,0xff,0xfb,0xe3,0x7f,0x3f,0x1f,0x1f,0x8b,0xd7,0x7f,0x3f,
    0x1f,0x1f,0x1b,0x8f,0x7f,0x3f,0x1f,0x1f,0x1b,0x1f,0x7f,0x3f,0x3f,0x3f,0x3b,0x3f,
    0xff,0xff,0xff,0xff,0xf7,0xff,0xff,0xff,0xff,0xff,0xf7,0xff,0xff,0xff,0xff,0xff,
    0xf7,0xff,0xff,0xff,0xff,0xff,0xf7,0xff,0xff,0xff,0xff,0xff,0xf7,0xff,0xff,0xff,
    0xff,0xff,0xf7,0xff,0xff,0xff,0xff,0xff,0xf7,0xff,0xff,0xff,0xff,0xff,0xf7,0xff,
    0xfe,0xff,0xff,0xff,0xf7,0xff,0xfd,0xff,0xff,0xff,0xf7,0xff,0xfb,0xff,0xff,0xff,
    0xf7,0xff,0xf7,0xff,0xff,0xff,0xf7,0xff,0xef,0xff,0xff,0xff,0xf7,0xff,0xdf,0xff,
    0xff,0xff,0xf7,0xff,0xbf,0xff,0xff,0xff,0xf7,0xff,0x7f,0xff,0xff,0xff,0xf7,0xff,
    0xfc,0xfc,0xff,0xff,0xf7,0xff,0xf8,0xf8,0xff,0xff,0xf7,0xff,0xf1,0xf0,0xff,0xff,
    0xf7,0xff,0xe3,0xe3,0xff,0xff,0xf7,0xff,0xc7,0x07,0xff,0xff,0xf7,0xff,0x0f,0x0f,
    0xff,0xff,0xf7,0xff,0x1f,0x1f,0xff,0xff,0xf7,0xff,0x3f,0x3f,0xff,0xff,0xf7,0xff,
    0xfc,0xfc,0xfe,0xff,0xf7,0xff,0xf8,0xf8,0xfc,0xff,0xf7,0xff,0xf0,0xf0,0xf8,0xff,
    0xf7,0xff,0x00,0x00,0xf7,0xff,0xf7,0xff,0x07,0x07,0x0f,0xff,0xf7,0xff,0x0f,0x0f,
    0x1f,0xff,0xf7,0xff,0x1f,0x1f,0x3f,0xff,0xf7,0xff,0x3f,0x3f,0x3f,0xff,0xf7,0xff,
    0xfe,0xfe,0xfc,0xfe,0xf7,0xff,0xfc,0xfc,0xf8,0xfc,0xf7,0xff,0x00,0x00,0x00,0x00,
    0x00,0x00,0x00,0x00,0x00,0x00,0x00,0x00,0x00,0x00,0x00,0x00,0x00,0x00,0x1f,0x1f,
    0x0f,0x1f,0xf7,0xff,0x3f,0x3f,0x1f,0x3f,0xf7,0xff,0x3f,0x3f,0x3f,0x3f,0xf7,0xff,
    0xfe,0xfe,0xfe,0xfc,0xf6,0xff,0xfc,0xfc,0xfc,0xf8,0xf4,0xff,0x00,0x00,0x00,0x00,
    0x00,0x00,0x00,0x00,0x00,0x00,0x00,0x00,0x00,0x00,0x00,0x00,0x00,0x00,0x1f,0x1f,
    0x1f,0x0f,0x17,0xff,0x3f,0x3f,0x3f,0x1f,0x37,0xff,0x3f,0x3f,0x3f,0x3f,0x37,0xff,
    0xfe,0xfe,0xfe,0xfe,0xf4,0xfe,0xfe,0xfe,0xfc,0xfc,0xf0,0xfc,0x00,0x00,0x00,0x00,
    0x00,0x00,0x00,0x00,0x00,0x00,0x00,0x00,0x00,0x00,0x00,0x00,0x00,0x00,0x7f,0x3f,
    0x1f,0x1f,0x07,0x9f,0x7f,0x3f,0x3f,0x3f,0x17,0x3f,0x7f,0x3f,0x3f,0x3f,0x37,0x3f,
    0xfe,0xfe,0xfe,0xfe,0xf6,0xfc,0xfe,0xfe,0xfe,0xfe,0xf4,0xfa,0xfe,0xfe,0xfe,0xfe,
    0xf6,0xf1,0x7e,0x7e,0x7e,0xfe,0xe3,0xeb,0x7f,0x7f,0x7f,0x7f,0xf7,0xc7,0x7f,0x7f,
    0x3f,0x3f,0x17,0xaf,0x7f,0x7f,0x3f,0x3f,0x37,0x1f,0x7f,0x7f,0x3f,0x3f,0x37,0x3f,
    0xff,0xff,0xff,0xff,0xef,0xff,0xff,0xff,0xff,0xff,0xef,0xff,0xff,0xff,0xff,0xff,
    0xef,0xff,0xff,0xff,0xff,0xff,0xef,0xff,0xff,0xff,0xff,0xff,0xef,0xff,0xff,0xff,
    0xff,0xff,0xef,0xff,0xff,0xff,0xff,0xff,0xef,0xff,0xff,0xff,0xff,0xff,0xef,0xff,
    0xfe,0xff,0xff,0xff,0xef,0xff,0xfd,0xff,0xff,0xff,0xef,0xff,0xfb,0xff,0xff,0xff,
    0xef,0xff,0xf7,0xff,0xff,0xff,0xef,0xff,0xef,0xff,0xff,0xff,0xef,0xff,0xdf,0xff,
    0xff,0xff,0xef,0xff,0xbf,0xff,0xff,0xff,0xef,0xff,0x7f,0xff,0xff,0xff,0xef,0xff,
    0xfc,0xfc,0xff,0xff,0xef,0xff,0xf8,0xf8,0xff,0xff,0xef,0xff,0xf0,0xf0,0xff,0xff,
    0xef,0xff,0xe3,0xe0,0xff,0xff,0xef,0xff,0xc7,0xc7,0xff,0xff,0xef,0xff,0x8f,0x0f,
    0xff,0xff,0xef,0xff,0x1f,0x1f,0xff,0xff,0xef,0xff,0x3f,0x3f,0xff,0xff,0xef,0xff,
    0xfc,0xfc,0xfc,0xff,0xef,0xff,0xf8,0xf8,0xfc,0xff,0xef,0xff,0xf0,0xf0,0xf8,0xff,
    0xef,0xff,0xe0,0xe0,0xf0,0xff,0xef,0xff,0x00,0x00,0xef,0xff,0xef,0xff,0x0f,0x0f,
    0x1f,0xff,0xef,0xff,0x1f,0x1f,0x3f,0xff,0xef,0xff,0x3f,0x3f,0x7f,0xff,0xef,0xff,
    0xfc,0xfc,0xfc,0xfc,0xef,0xff,0xfc,0xfc,0xf8,0xfc,0xef,0xff,0xf8,0xf8,0xf0,0xf8,
    0xef,0xff,0x00,0x00,0x00,0x00,0x00,0x00,0x00,0x00,0x00,0x00,0x00,0x00,0x00,0x00,
    0x00,0x00,0x00,0x00,0x3f,0x3f,0x1f,0x3f,0xef,0xff,0x7f,0x7f,0x3f,0x7f,0xef,0xff,
    0xfc,0xfc,0xfc,0xfc,0xec,0xff,0xfc,0xfc,0xfc,0xf8,0xec,0xff,0xf8,0xf8,0xf8,0xf0,
    0xe8,0xff,0x00,0x00,0x00,0x00,0x00,0x00,0x00,0x00,0x00,0x00,0x00,0x00,0x00,0x00,
    0x00,0x00,0x00,0x00,0x3f,0x3f,0x3f,0x1f,0x2f,0xff,0x7f,0x7f,0x7f,0x3f,0x6f,0xff,
    0xfe,0xfc,0xfc,0xfc,0xec,0xfc,0xfe,0xfc,0xfc,0xfc,0xe8,0xfc,0xfe,0xfc,0xf8,0xf8,
    0xe0,0xf9,0x00,0x00,0x00,0x00,0x00,0x00,0x00,0x00,0x00,0x00,0x00,0x00,0x00,0x00,
    0x00,0x00,0x00,0x00,0x7f,0x7f,0x3f,0x3f,0x0f,0x3f,0x7f,0x7f,0x7f,0x7f,0x2f,0x7f,
    0xfe,0xfe,0xfc,0xfc,0xec,0xfc,0xfe,0xfe,0xfc,0xfc,0xec,0xf8,0xfe,0xfe,0xfc,0xfc,
    0xe8,0xf5,0xfe,0xfe,0xfe,0xfe,0xef,0xe3,0x7e,0x7e,0x7e,0x7f,0xc7,0xd7,0x7f,0x7f,
    0x7f,0x7f,0x6f,0x8f,0x7f,0x7f,0x7f,0x7f,0x2f,0x5f,0x7f,0x7f,0x7f,0x7f,0x6f,0x3f,
    0xff,0xff,0xff,0xff,0xdf,0xff,0xff,0xff,0xff,0xff,0xdf,0xff,0xff,0xff,0xff,0xff,
    0xdf,0xff,0xff,0xff,0xff,0xff,0xdf,0xff,0xff,0xff,0xff,0xff,0xdf,0xff,0xff,0xff,
    0xff,0xff,0xdf,0xff,0xff,0xff,0xff,0xff,0xdf,0xff,0xff,0xff,0xff,0xff,0xdf,0xff,
    0xfe,0xff,0xff,0xff,0xdf,0xff,0xfd,0xff,0xff,0xff,0xdf,0xff,0xfb,0xff,0xff,0xff,
    0xdf,0xff,0xf7,0xff,0xff,0xff,0xdf,0xff,0xef,0xff,0xff,0xff,0xdf,0xff,0xdf,0xff,
    0xff,0xff,0xdf,0xff,0xbf,0xff,0xff,0xff,0xdf,0xff,0x7f,0xff,0xff,0xff,0xdf,0xff,
    0xfc,0xfc,0xff,0xff,0xdf,0xff,0xf8,0xf8,0xff,0xff,0xdf,0xff,0xf0,0xf0,0xff,0xff,
    0xdf,0xff,0xe0,0xe0,0xff,0xff,0xdf,0xff,0xc7,0xc0,0xff,0xff,0xdf,0xff,0x8f,0x8f,
    0xff,0xff,0xdf,0xff,0x1f,0x1f,0xff,0xff,0xdf,0xff,0x3f,0x3f,0xff,0xff,0xdf,0xff,
    0xfc,0xfc,0xfc,0xff,0xdf,0xff,0xf8,0xf8,0xf8,0xff,0xdf,0xff,0xf0,0xf0,0xf8,0xff,
    0xdf,0xff,0xe0,0xe0,0xf0,0xff,0xdf,0xff,0xc0,0xc0,0xe0,0xff,0xdf,0xff,0x00,0x00,
    0xdf,0xff,0xdf,0xff,0x1f,0x1f,0x3f,0xff,0xdf,0xff,0x3f,0x3f,0x7f,0xff,0xdf,0xff,
    0xfc,0xfc,0xfc,0xfc,0xdf,0xff,0xf8,0xf8,0xf8,0xf8,0xdf,0xff,0xf8,0xf8,0xf0,0xf8,
    0xdf,0xff,0xf0,0xf0,0xe0,0xf0,0xdf,0xff,0x00,0x00,0x00,0x00,0x00,0x00,0x00,0x00,
    0x00,0x00,0x00,0x00,0x00,0x00,0x00,0x00,0x00,0x00,0x7f,0x7f,0x3f,0x7f,0xdf,0xff,
    0xfc,0xfc,0xfc,0xfc,0xdc,0xff,0xf8,0xf8,0xf8,0xf8,0xd8,0xff,0xf8,0xf8,0xf8,0xf0,
    0xd8,0xff,0xf0,0xf0,0xf0,0xe0,0xd1,0xff,0x00,0x00,0x00,0x00,0x00,0x00,0x00,0x00,
    0x00,0x00,0x00,0x00,0x00,0x00,0x00,0x00,0x00,0x00,0x7f,0x7f,0x7f,0x3f,0x5f,0xff,
    0xfc,0xfc,0xfc,0xfc,0xdc,0xfc,0xfc,0xf8,0xf8,0xf8,0xd8,0xf8,0xfc,0xf8,0xf8,0xf8,
    0xd0,0xf9,0xfc,0xf8,0xf0,0xf0,0xc1,0xf3,0x00,0x00,0x00,0x00,0x00,0x00,0x00,0x00,
    0x00,0x00,0x00,0x00,0x00,0x00,0x00,0x00,0x00,0x00,0x7f,0x7f,0x7f,0x7f,0x1f,0x7f,
    0xfe,0xfc,0xfc,0xfc,0xdc,0xfc,0xfe,0xfc,0xf8,0xf8,0xd8,0xf8,0xfe,0xfc,0xf8,0xf8,
    0xd8,0xf1,0xfe,0xfc,0xf8,0xf8,0xd1,0xeb,0xfe,0xfe,0xfe,0xff,0xdf,0xc7,0x7e,0x7e,
    0x7f,0x7f,0x8f,0xaf,0x7f,0x7f,0x7f,0x7f,0x5f,0x1f,0x7f,0x7f,0x7f,0x7f,0x1f,0x3f,
    0xff,0xff,0xff,0xff,0xbf,0xff,0xff,0xff,0xff,0xff,0xbf,0xff,0xff,0xff,0xff,0xff,
    0xbf,0xff,0xff,0xff,0xff,0xff,0xbf,0xff,0xff,0xff,0xff,0xff,0xbf,0xff,0xff,0xff,
    0xff,0xff,0xbf,0xff,0xff,0xff,0xff,0xff,0xbf,0xff,0xff,0xff,0xff,0xff,0xbf,0xff,
    0xfe,0xff,0xff,0xff,0xbf,0xff,0xfd,0xff,0xff,0xff,0xbf,0xff,0xfb,0xff,0xff,0xff,
    0xbf,0xff,0xf7,0xff,0xff,0xff,0xbf,0xff,0xef,0xff,0xff,0xff,0xbf,0xff,0xdf,0xff,
    0xff,0xff,0xbf,0xff,0xbf,0xff,0xff,0xff,0xbf,0xff,0x7f,0xff,0xff,0xff,0xbf,0xff,
    0xf8,0xf8,0xff,0xff,0xbf,0xff,0xf8,0xf8,0xff,0xff,0xbf,0xff,0xf0,0xf0,0xff,0xff,
    0xbf,0xff,0xe0,0xe0,0xff,0xff,0xbf,0xff,0xc0,0xc0,0xff,0xff,0xbf,0xff,0x8f,0x80,
    0xff,0xff,0xbf,0xff,0x1f,0x1f,0xff,0xff,0xbf,0xff,0x3f,0x3f,0xff,0xff,0xbf,0xff,
    0xf8,0xf8,0xf8,0xff,0xbf,0xff,0xf8,0xf8,0xf8,0xff,0xbf,0xff,0xf0,0xf0,0xf0,0xff,
    0xbf,0xff,0xe0,0xe0,0xf0,0xff,0xbf,0xff,0xc0,0xc0,0xe0,0xff,0xbf,0xff,0x80,0x80,
    0xc1,0xff,0xbf,0xff,0x01,0x01,0xbf,0xff,0xbf,0xff,0x3f,0x3f,0x7f,0xff,0xbf,0xff,
    0xf8,0xf8,0xf8,0xf8,0xbf,0xff,0xf8,0xf8,0xf8,0xf8,0xbf,0xff,0xf0,0xf0,0xf0,0xf0,
    0xbf,0xff,0xf0,0xf0,0xe0,0xf0,0xbf,0xff,0xe0,0xe0,0xc0,0xe1,0xbf,0xff,0x00,0x00,
    0x00,0x00,0x00,0x00,0x00,0x00,0x00,0x00,0x00,0x00,0x00,0x00,0x00,0x00,0x00,0x00,
    0xf8,0xf8,0xf8,0xf8,0xb8,0xff,0xf8,0xf8,0xf8,0xf8,0xb8,0xff,0xf0,0xf0,0xf0,0xf0,
    0xb0,0xff,0xf0,0xf0,0xf0,0xe0,0xb1,0xff,0xe0,0xe0,0xe0,0xc1,0xa3,0xff,0x00,0x00,
    0x00,0x00,0x00,0x00,0x00,0x00,0x00,0x00,0x00,0x00,0x00,0x00,0x00,0x00,0x00,0x00,
    0xf8,0xf8,0xf8,0xf8,0xb8,0xfc,0xf8,0xf8,0xf8,0xf8,0xb8,0xf8,0xf8,0xf0,0xf0,0xf0,
    0xb0,0xf1,0xf8,0xf0,0xf0,0xf0,0xa1,0xf3,0xf8,0xf0,0xe0,0xe1,0x83,0xe7,0x00,0x00,
    0x00,0x00,0x00,0x00,0x00,0x00,0x00,0x00,0x00,0x00,0x00,0x00,0x00,0x00,0x00,0x00,
    0xfc,0xf8,0xf8,0xf8,0xb8,0xfc,0xfc,0xf8,0xf8,0xf8,0xb8,0xf8,0xfc,0xf8,0xf0,0xf0,
    0xb0,0xf1,0xfc,0xf8,0xf0,0xf0,0xb1,0xe3,0xfc,0xf8,0xf0,0xf1,0xa3,0xd7,0x7e,0x7e,
    0x7f,0x7f,0xbf,0x8f,0x7f,0x7f,0x7f,0x7f,0x1f,0x5f,0x7f,0x7f,0x7f,0x7f,0x3f,0x3f,
    0xff,0xff,0xff,0xff,0x7f,0xff,0xff,0xff,0xff,0xff,0x7f,0xff,0xff,0xff,0xff,0xff,
    0x7f,0xff,0xff,0xff,0xff,0xff,0x7f,0xff,0xff,0xff,0xff,0xff,0x7f,0xff,0xff,0xff,
    0xff,0xff,0x7f,0xff,0xff,0xff,0xff,0xff,0x7f,0xff,0xff,0xff,0xff,0xff,0x7f,0xff,
    0xfe,0xff,0xff,0xff,0x7f,0xff,0xfd,0xff,0xff,0xff,0x7f,0xff,0xfb,0xff,0xff,0xff,
    0x7f,0xff,0xf7,0xff,0xff,0xff,0x7f,0xff,0xef,0xff,0xff,0xff,0x7f,0xff,0xdf,0xff,
    0xff,0xff,0x7f,0xff,0xbf,0xff,0xff,0xff,0x7f,0xff,0x7f,0xff,0xff,0xff,0x7f,0xff,
    0xf8,0xf8,0xff,0xff,0x7f,0xff,0xf0,0xf0,0xff,0xff,0x7f,0xff,0xf0,0xf0,0xff,0xff,
    0x7f,0xff,0xe0,0xe0,0xff,0xff,0x7f,0xff,0xc0,0xc0,0xff,0xff,0x7f,0xff,0x80,0x80,
    0xff,0xff,0x7f,0xff,0x1f,0x01,0xff,0xff,0x7f,0xff,0x3f,0x3f,0xff,0xff,0x7f,0xff,
    0xf8,0xf8,0xf8,0xff,0x7f,0xff,0xf0,0xf0,0xf0,0xff,0x7f,0xff,0xf0,0xf0,0xf0,0xff,
    0x7f,0xff,0xe0,0xe0,0xe0,0xff,0x7f,0xff,0xc0,0xc0,0xe0,0xff,0x7f,0xff,0x00,0x00,
    0xc1,0xff,0x7f,0xff,0x01,0x01,0x83,0xff,0x7f,0xff,0x03,0x03,0x7f,0xff,0x7f,0xff,
    0xf8,0xf8,0xf8,0xf8,0x7f,0xff,0xf0,0xf0,0xf0,0xf0,0x7f,0xff,0xf0,0xf0,0xf0,0xf0,
    0x7f,0xff,0xe0,0xe0,0xe0,0xe0,0x7f,0xff,0xe0,0xe0,0xc0,0xe1,0x7f,0xff,0x40,0x40,
    0x01,0xc3,0x7f,0xff,0x00,0x00,0x00,0x00,0x00,0x00,0x00,0x00,0x00,0x00,0x00,0x00,
    0xf8,0xf8,0xf8,0xf8,0x78,0xff,0xf0,0xf0,0xf0,0xf0,0x70,0xff,0xf0,0xf0,0xf0,0xf0,
    0x70,0xff,0xe0,0xe0,0xe0,0xe0,0x61,0xff,0xe0,0xe0,0xe0,0xc1,0x63,0xff,0x40,0x40,
    0x41,0x03,0x47,0xff,0x00,0x00,0x00,0x00,0x00,0x00,0x00,0x00,0x00,0x00,0x00,0x00,
    0xf8,0xf8,0xf8,0xf8,0x78,0xfc,0xf0,0xf0,0xf0,0xf0,0x70,0xf8,0xf0,0xf0,0xf0,0xf0,
    0x70,0xf1,0xf0,0xe0,0xe0,0xe0,0x61,0xe3,0xf0,0xe0,0xe0,0xe1,0x43,0xe7,0x70,0x60,
    0x41,0x43,0x07,0xcf,0x00,0x00,0x00,0x00,0x00,0x00,0x00,0x00,0x00,0x00,0x00,0x00,
    0xf8,0xf8,0xf8,0xf8,0x78,0xfc,0xf8,0xf0,0xf0,0xf0,0x70,0xf8,0xf8,0xf0,0xf0,0xf0,
    0x70,0xf1,0xf8,0xf0,0xe0,0xe0,0x61,0xe3,0xf8,0xf0,0xe0,0xe1,0x63,0xc7,0x78,0x70,
    0x61,0x63,0x47,0xaf,0x7f,0x7f,0x7f,0x7f,0x7f,0x1f,0x7f,0x7f,0x7f,0x7f,0x3f,0x3f,
    0xff,0xff,0xff,0xff,0xff,0xfe,0xff,0xff,0xff,0xff,0xff,0xfe,0xff,0xff,0xff,0xff,
    0xff,0xfe,0xff,0xff,0xff,0xff,0xff,0xfe,0xff,0xff,0xff,0xff,0xff,0xfe,0xff,0xff,
    0xff,0xff,0xff,0xfe,0xff,0xff,0xff,0xff,0xff,0xfe,0xff,0xff,0xff,0xff,0xff,0xfe,
    0xfe,0xff,0xff,0xff,0xff,0xfe,0xfd,0xff,0xff,0xff,0xff,0xfe,0xfb,0xff,0xff,0xff,
    0xff,0xfe,0xf7,0xff,0xff,0xff,0xff,0xfe,0xef,0xff,0xff,0xff,0xff,0xfe,0xdf,0xff,
    0xff,0xff,0xff,0xfe,0xbf,0xff,0xff,0xff,0xff,0xfe,0x7f,0xff,0xff,0xff,0xff,0xfe,
    0xc0,0xc0,0xff,0xff,0xff,0xfe,0x80,0x80,0xff,0xff,0xff,0xfe,0x00,0x00,0xff,0xff,
    0xff,0xfe,0x01,0x01,0xff,0xff,0xff,0xfe,0x03,0x03,0xff,0xff,0xff,0xfe,0x07,0x07,
    0xff,0xff,0xff,0xfe,0x0f,0x0f,0xff,0xff,0xff,0xfe,0x1f,0x1f,0xff,0xff,0xff,0xfe,
    0xc0,0xc0,0xfc,0xff,0xff,0xfe,0x80,0x80,0xc0,0xff,0xff,0xfe,0x00,0x00,0x81,0xff,
    0xff,0xfe,0x01,0x01,0x03,0xff,0xff,0xfe,0x03,0x03,0x07,0xff,0xff,0xfe,0x07,0x07,
    0x0f,0xff,0xff,0xfe,0x0f,0x0f,0x0f,0xff,0xff,0xfe,0x1f,0x1f,0x1f,0xff,0xff,0xfe,
    0xc0,0xc0,0xe0,0xfe,0xff,0xfe,0x80,0x80,0xc0,0xe1,0xff,0xfe,0x00,0x00,0x80,0xc3,
    0xff,0xfe,0x01,0x03,0x03,0x87,0xff,0xfe,0x03,0x07,0x07,0x07,0xff,0xfe,0x07,0x0f,
    0x0f,0x0f,0xff,0xfe,0x0f,0x0f,0x0f,0x0f,0xff,0xfe,0x1f,0x1f,0x1f,0x1f,0xff,0xfe,
    0x00,0x00,0x00,0x00,0x00,0x00,0x00,0x00,0x00,0x00,0x00,0x00,0x02,0x02,0x82,0xc0,
    0xe3,0xfe,0x07,0x07,0x07,0x83,0xc7,0xfe,0x07,0x07,0x07,0x07,0x87,0xfe,0x0f,0x0f,
    0x0f,0x0f,0x0f,0xfe,0x0f,0x0f,0x0f,0x0f,0x0f,0xfe,0x1f,0x1f,0x1f,0x1f,0x1f,0xfe,
    0x00,0x00,0x00,0x00,0x00,0x00,0x00,0x00,0x00,0x00,0x00,0x00,0x02,0x02,0x82,0xc2,
    0xe0,0xf2,0x07,0x07,0x07,0x87,0xc3,0xe6,0x07,0x07,0x07,0x07,0x87,0xc6,0x0f,0x0f,
    0x0f,0x0f,0x0f,0x8e,0x0f,0x0f,0x0f,0x0f,0x0f,0x1e,0x1f,0x1f,0x1f,0x1f,0x1f,0x3e,
    0x00,0x00,0x00,0x00,0x00,0x00,0x00,0x00,0x00,0x00,0x00,0x00,0x1e,0x0e,0x86,0xc6,
    0xe2,0xf4,0x1f,0x0f,0x07,0x87,0xc7,0xe2,0x1f,0x0f,0x07,0x07,0x87,0xc6,0x1f,0x0f,
    0x0f,0x0f,0x0f,0x8e,0x1f,0x0f,0x0f,0x0f,0x0f,0x1e,0x1f,0x1f,0x1f,0x1f,0x1f,0x3e,
    0xff,0xff,0xff,0xff,0xff,0xfd,0xff,0xff,0xff,0xff,0xff,0xfd,0xff,0xff,0xff,0xff,
    0xff,0xfd,0xff,0xff,0xff,0xff,0xff,0xfd,0xff,0xff,0xff,0xff,0xff,0xfd,0xff,0xff,
    0xff,0xff,0xff,0xfd,0xff,0xff,0xff,0xff,0xff,0xfd,0xff,0xff,0xff,0xff,0xff,0xfd,
    0xfe,0xff,0xff,0xff,0xff,0xfd,0xfd,0xff,0xff,0xff,0xff,0xfd,0xfb,0xff,0xff,0xff,
    0xff,0xfd,0xf7,0xff,0xff,0xff,0xff,0xfd,0xef,0xff,0xff,0xff,0xff,0xfd,0xdf,0xff,
    0xff,0xff,0xff,0xfd,0xbf,0xff,0xff,0xff,0xff,0xfd,0x7f,0xff,0xff,0xff,0xff,0xfd,
    0xf8,0xf8,0xff,0xff,0xff,0xfd,0x80,0x80,0xff,0xff,0xff,0xfd,0x00,0x00,0xff,0xff,
    0xff,0xfd,0x01,0x01,0xff,0xff,0xff,0xfd,0x03,0x03,0xff,0xff,0xff,0xfd,0x07,0x07,
    0xff,0xff,0xff,0xfd,0x0f,0x0f,0xff,0xff,0xff,0xfd,0x1f,0x1f,0xff,0xff,0xff,0xfd,
    0xf8,0xf8,0xfc,0xff,0xff,0xfd,0x80,0x80,0xf8,0xff,0xff,0xfd,0x00,0x00,0x81,0xff,
    0xff,0xfd,0x01,0x01,0x03,0xff,0xff,0xfd,0x03,0x03,0x07,0xff,0xff,0xfd,0x07,0x07,
    0x0f,0xff,0xff,0xfd,0x0f,0x0f,0x1f,0xff,0xff,0xfd,0x1f,0x1f,0x1f,0xff,0xff,0xfd,
    0xf8,0xfc,0xfc,0xfe,0xff,0xfd,0x80,0x80,0xc0,0xfd,0xff,0xfd,0x00,0x00,0x81,0xc3,
    0xff,0xfd,0x01,0x03,0x03,0x87,0xff,0xfd,0x03,0x07,0x07,0x0f,0xff,0xfd,0x07,0x0f,
    0x0f,0x0f,0xff,0xfd,0x0f,0x1f,0x1f,0x1f,0xff,0xfd,0x1f,0x1f,0x1f,0x1f,0xff,0xfd,
    0x00,0x00,0x00,0x00,0x00,0x00,0x00,0x00,0x00,0x00,0x00,0x00,0x00,0x00,0x00,0x00,
    0x00,0x00,0x07,0x07,0x07,0x83,0xc7,0xfd,0x0f,0x0f,0x0f,0x07,0x8f,0xfd,0x0f,0x0f,
    0x0f,0x0f,0x0f,0xfd,0x1f,0x1f,0x1f,0x1f,0x1f,0xfd,0x1f,0x1f,0x1f,0x1f,0x1f,0xfd,
    0x00,0x00,0x00,0x00,0x00,0x00,0x00,0x00,0x00,0x00,0x00,0x00,0x00,0x00,0x00,0x00,
    0x00,0x00,0x07,0x07,0x07,0x87,0xc3,0xe5,0x0f,0x0f,0x0f,0x0f,0x87,0xcd,0x0f,0x0f,
    0x0f,0x0f,0x0f,0x8d,0x1f,0x1f,0x1f,0x1f,0x1f,0x1d,0x1f,0x1f,0x1f,0x1f,0x1f,0x3d,
    0x00,0x00,0x00,0x00,0x00,0x00,0x00,0x00,0x00,0x00,0x00,0x00,0x00,0x00,0x00,0x00,
    0x00,0x00,0x3f,0x1f,0x0f,0x8f,0xc7,0xe9,0x3f,0x1f,0x0f,0x0f,0x8f,0xc5,0x3f,0x1f,
    0x0f,0x0f,0x0f,0x8d,0x3f,0x1f,0x1f,0x1f,0x1f,0x1d,0x3f,0x1f,0x1f,0x1f,0x1f,0x3d,
    0xff,0xff,0xff,0xff,0xff,0xfb,0xff,0xff,0xff,0xff,0xff,0xfb,0xff,0xff,0xff,0xff,
    0xff,0xfb,0xff,0xff,0xff,0xff,0xff,0xfb,0xff,0xff,0xff,0xff,0xff,0xfb,0xff,0xff,
    0xff,0xff,0xff,0xfb,0xff,0xff,0xff,0xff,0xff,0xfb,0xff,0xff,0xff,0xff,0xff,0xfb,
    0xfe,0xff,0xff,0xff,0xff,0xfb,0xfd,0xff,0xff,0xff,0xff,0xfb,0xfb,0xff,0xff,0xff,
    0xff,0xfb,0xf7,0xff,0xff,0xff,0xff,0xfb,0xef,0xff,0xff,0xff,0xff,0xfb,0xdf,0xff,
    0xff,0xff,0xff,0xfb,0xbf,0xff,0xff,0xff,0xff,0xfb,0x7f,0xff,0xff,0xff,0xff,0xfb,
    0xf8,0xf8,0xff,0xff,0xff,0xfb,0xf0,0xf0,0xff,0xff,0xff,0xfb,0x00,0x00,0xff,0xff,
    0xff,0xfb,0x01,0x01,0xff,0xff,0xff,0xfb,0x03,0x03,0xff,0xff,0xff,0xfb,0x07,0x07,
    0xff,0xff,0xff,0xfb,0x0f,0x0f,0xff,0xff,0xff,0xfb,0x1f,0x1f,0xff,0xff,0xff,0xfb,
    0xf8,0xf8,0xfc,0xff,0xff,0xfb,0xf0,0xf0,0xf8,0xff,0xff,0xfb,0x00,0x00,0xf1,0xff,
    0xff,0xfb,0x01,0x01,0x03,0xff,0xff,0xfb,0x03,0x03,0x07,0xff,0xff,0xfb,0x07,0x07,
    0x0f,0xff,0xff,0xfb,0x0f,0x0f,0x1f,0xff,0xff,0xfb,0x1f,0x1f,0x3f,0xff,0xff,0xfb,
    0xf8,0xfc,0xfc,0xfe,0xff,0xfb,0xf0,0xf8,0xf8,0xfc,0xff,0xfb,0x00,0x00,0x80,0xfb,
    0xff,0xfb,0x01,0x03,0x03,0x87,0xff,0xfb,0x03,0x07,0x07,0x0f,0xff,0xfb,0x07,0x0f,
    0x0f,0x1f,0xff,0xfb,0x0f,0x1f,0x1f,0x1f,0xff,0xfb,0x1f,0x3f,0x3f,0x3f,0xff,0xfb,
    0xfe,0xfe,0xfe,0xfc,0xfe,0xfb,0x00,0x00,0x00,0x00,0x00,0x00,0x00,0x00,0x00,0x00,
    0x00,0x00,0x00,0x00,0x00,0x00,0x00,0x00,0x0f,0x0f,0x0f,0x07,0x8f,0xfb,0x1f,0x1f,
    0x1f,0x0f,0x1f,0xfb,0x1f,0x1f,0x1f,0x1f,0x1f,0xfb,0x3f,0x3f,0x3f,0x3f,0x3f,0xfb,
    0xfe,0xfe,0xfe,0xfe,0xfc,0xfa,0x00,0x00,0x00,0x00,0x00,0x00,0x00,0x00,0x00,0x00,
    0x00,0x00,0x00,0x00,0x00,0x00,0x00,0x00,0x0f,0x0f,0x0f,0x0f,0x87,0xcb,0x1f,0x1f,
    0x1f,0x1f,0x0f,0x9b,0x1f,0x1f,0x1f,0x1f,0x1f,0x1b,0x3f,0x3f,0x3f,0x3f,0x3f,0x3b,
    0xfe,0xfe,0xfe,0xfe,0xfe,0xf8,0x00,0x00,0x00,0x00,0x00,0x00,0x00,0x00,0x00,0x00,
    0x00,0x00,0x00,0x00,0x00,0x00,0x00,0x00,0x7f,0x3f,0x1f,0x1f,0x8f,0xd3,0x7f,0x3f,
    0x1f,0x1f,0x1f,0x8b,0x7f,0x3f,0x1f,0x1f,0x1f,0x1b,0x7f,0x3f,0x3f,0x3f,0x3f,0x3b,
    0xff,0xff,0xff,0xff,0xff,0xf7,0xff,0xff,0xff,0xff,0xff,0xf7,0xff,0xff,0xff,0xff,
    0xff,0xf7,0xff,0xff,0xff,0xff,0xff,0xf7,0xff,0xff,0xff,0xff,0xff,0xf7,0xff,0xff,
    0xff,0xff,0xff,0xf7,0xff,0xff,0xff,0xff,0xff,0xf7,0xff,0xff,0xff,0xff,0xff,0xf7,
    0xfe,0xff,0xff,0xff,0xff,0xf7,0xfd,0xff,0xff,0xff,0xff,0xf7,0xfb,0xff,0xff,0xff,
    0xff,0xf7,0xf7,0xff,0xff,0xff,0xff,0xf7,0xef,0xff,0xff,0xff,0xff,0xf7,0xdf,0xff,
    0xff,0xff,0xff,0xf7,0xbf,0xff,0xff,0xff,0xff,0xf7,0x7f,0xff,0xff,0xff,0xff,0xf7,
    0xf8,0xf8,0xff,0xff,0xff,0xf7,0xf0,0xf0,0xff,0xff,0xff,0xf7,0xe0,0xe0,0xff,0xff,
    0xff,0xf7,0x00,0x00,0xff,0xff,0xff,0xf7,0x03,0x03,0xff,0xff,0xff,0xf7,0x07,0x07,
    0xff,0xff,0xff,0xf7,0x0f,0x0f,0xff,0xff,0xff,0xf7,0x1f,0x1f,0xff,0xff,0xff,0xf7,
    0xf8,0xf8,0xfc,0xff,0xff,0xf7,0xf0,0xf0,0xf8,0xff,0xff,0xf7,0xe0,0xe0,0xf0,0xff,
    0xff,0xf7,0x00,0x00,0xe3,0xff,0xff,0xf7,0x03,0x03,0x07,0xff,0xff,0xf7,0x07,0x07,
    0x0f,0xff,0xff,0xf7,0x0f,0x0f,0x1f,0xff,0xff,0xf7,0x1f,0x1f,0x3f,0xff,0xff,0xf7,
    0xf8,0xfc,0xfc,0xfe,0xff,0xf7,0xf0,0xf8,0xf8,0xfc,0xff,0xf7,0xe0,0xf0,0xf0,0xf8,
    0xff,0xf7,0x00,0x00,0x00,0xf7,0xff,0xf7,0x03,0x07,0x07,0x0f,0xff,0xf7,0x07,0x0f,
    0x0f,0x1f,0xff,0xf7,0x0f,0x1f,0x1f,0x3f,0xff,0xf7,0x1f,0x3f,0x3f,0x3f,0xff,0xf7,
    0xfe,0xfe,0xfe,0xfc,0xfe,0xf7,0xfc,0xfc,0xfc,0xf8,0xfc,0xf7,0x00,0x00,0x00,0x00,
    0x00,0x00,0x00,0x00,0x00,0x00,0x00,0x00,0x00,0x00,0x00,0x00,0x00,0x00,0x1f,0x1f,
    0x1f,0x0f,0x1f,0xf7,0x3f,0x3f,0x3f,0x1f,0x3f,0xf7,0x3f,0x3f,0x3f,0x3f,0x3f,0xf7,
    0xfe,0xfe,0xfe,0xfe,0xfc,0xf6,0xfc,0xfc,0xfc,0xfc,0xf8,0xf4,0x00,0x00,0x00,0x00,
    0x00,0x00,0x00,0x00,0x00,0x00,0x00,0x00,0x00,0x00,0x00,0x00,0x00,0x00,0x1f,0x1f,
    0x1f,0x1f,0x0f,0x97,0x3f,0x3f,0x3f,0x3f,0x1f,0x37,0x3f,0x3f,0x3f,0x3f,0x3f,0x37,
    0xfe,0xfe,0xfe,0xfe,0xfe,0xf4,0xfe,0xfe,0xfe,0xfe,0xfc,0xf2,0x00,0x00,0x00,0x00,
    0x00,0x00,0x00,0x00,0x00,0x00,0x00,0x00,0x00,0x00,0x00,0x00,0x00,0x00,0x7f,0x7f,
    0x3f,0x3f,0x1f,0xa7,0x7f,0x7f,0x3f,0x3f,0x3f,0x17,0x7f,0x7f,0x3f,0x3f,0x3f,0x37,
    0xff,0xff,0xff,0xff,0xff,0xef,0xff,0xff,0xff,0xff,0xff,0xef,0xff,0xff,0xff,0xff,
    0xff,0xef,0xff,0xff,0xff,0xff,0xff,0xef,0xff,0xff,0xff,0xff,0xff,0xef,0xff,0xff,
    0xff,0xff,0xff,0xef,0xff,0xff,0xff,0xff,0xff,0xef,0xff,0xff,0xff,0xff,0xff,0xef,
    0xfe,0xff,0xff,0xff,0xff,0xef,0xfd,0xff,0xff,0xff,0xff,0xef,0xfb,0xff,0xff,0xff,
    0xff,0xef,0xf7,0xff,0xff,0xff,0xff,0xef,0xef,0xff,0xff,0xff,0xff,0xef,0xdf,0xff,
    0xff,0xff,0xff,0xef,0xbf,0xff,0xff,0xff,0xff,0xef,0x7f,0xff,0xff,0xff,0xff,0xef,
    0xf8,0xf8,0xff,0xff,0xff,0xef,0xf0,0xf0,0xff,0xff,0xff,0xef,0xe0,0xe0,0xff,0xff,
    0xff,0xef,0xc0,0xc0,0xff,0xff,0xff,0xef,0x00,0x00,0xff,0xff,0xff,0xef,0x07,0x07,
    0xff,0xff,0xff,0xef,0x0f,0x0f,0xff,0xff,0xff,0xef,0x1f,0x1f,0xff,0xff,0xff,0xef,
    0xf8,0xf8,0xfc,0xff,0xff,0xef,0xf0,0xf0,0xf8,0xff,0xff,0xef,0xe0,0xe0,0xf0,0xff,
    0xff,0xef,0xc0,0xc0,0xe0,0xff,0xff,0xef,0x00,0x00,0xc7,0xff,0xff,0xef,0x07,0x07,
    0x0f,0xff,0xff,0xef,0x0f,0x0f,0x1f,0xff,0xff,0xef,0x1f,0x1f,0x3f,0xff,0xff,0xef,
    0xf8,0xfc,0xfc,0xfc,0xff,0xef,0xf0,0xf8,0xf8,0xfc,0xff,0xef,0xe0,0xf0,0xf0,0xf8,
    0xff,0xef,0xc0,0xe0,0xe0,0xf0,0xff,0xef,0x00,0x00,0x00,0xef,0xff,0xef,0x07,0x0f,
    0x0f,0x1f,0xff,0xef,0x0f,0x1f,0x1f,0x3f,0xff,0xef,0x1f,0x3f,0x3f,0x7f,0xff,0xef,
    0xfc,0xfc,0xfc,0xfc,0xfc,0xef,0xfc,0xfc,0xfc,0xf8,0xfc,0xef,0xf8,0xf8,0xf8,0xf0,
    0xf8,0xef,0x00,0x00,0x00,0x00,0x00,0x00,0x00,0x00,0x00,0x00,0x00,0x00,0x00,0x00,
    0x00,0x00,0x00,0x00,0x3f,0x3f,0x3f,0x1f,0x3f,0xef,0x7f,0x7f,0x7f,0x3f,0x7f,0xef,
    0xfc,0xfc,0xfc,0xfc,0xfc,0xec,0xfc,0xfc,0xfc,0xfc,0xf8,0xec,0xf8,0xf8,0xf8,0xf8,
    0xf0,0xe9,0x00,0x00,0x00,0x00,0x00,0x00,0x00,0x00,0x00,0x00,0x00,0x00,0x00,0x00,
    0x00,0x00,0x00,0x00,0x3f,0x3f,0x3f,0x3f,0x1f,0x2f,0x7f,0x7f,0x7f,0x7f,0x3f,0x6f,
    0xfe,0xfe,0xfc,0xfc,0xfc,0xec,0xfe,0xfe,0xfc,0xfc,0xfc,0xe8,0xfe,0xfe,0xfc,0xfc,
    0xf8,0xe5,0x00,0x00,0x00,0x00,0x00,0x00,0x00,0x00,0x00,0x00,0x00,0x00,0x00,0x00,
    0x00,0x00,0x00,0x00,0x7f,0x7f,0x7f,0x7f,0x3f,0x4f,0x7f,0x7f,0x7f,0x7f,0x7f,0x2f,
    0xff,0xff,0xff,0xff,0xff,0xdf,0xff,0xff,0xff,0xff,0xff,0xdf,0xff,0xff,0xff,0xff,
    0xff,0xdf,0xff,0xff,0xff,0xff,0xff,0xdf,0xff,0xff,0xff,0xff,0xff,0xdf,0xff,0xff,
    0xff,0xff,0xff,0xdf,0xff,0xff,0xff,0xff,0xff,0xdf,0xff,0xff,0xff,0xff,0xff,0xdf,
    0xfe,0xff,0xff,0xff,0xff,0xdf,0xfd,0xff,0xff,0xff,0xff,0xdf,0xfb,0xff,0xff,0xff,
    0xff,0xdf,0xf7,0xff,0xff,0xff,0xff,0xdf,0xef,0xff,0xff,0xff,0xff,0xdf,0xdf,0xff,
    0xff,0xff,0xff,0xdf,0xbf,0xff,0xff,0xff,0xff,0xdf,0x7f,0xff,0xff,0xff,0xff,0xdf,
    0xf8,0xf8,0xff,0xff,0xff,0xdf,0xf0,0xf0,0xff,0xff,0xff,0xdf,0xe0,0xe0,0xff,0xff,
    0xff,0xdf,0xc0,0xc0,0xff,0xff,0xff,0xdf,0x80,0x80,0xff,0xff,0xff,0xdf,0x00,0x00,
    0xff,0xff,0xff,0xdf,0x0f,0x0f,0xff,0xff,0xff,0xdf,0x1f,0x1f,0xff,0xff,0xff,0xdf,
    0xf8,0xf8,0xfc,0xff,0xff,0xdf,0xf0,0xf0,0xf8,0xff,0xff,0xdf,0xe0,0xe0,0xf0,0xff,
    0xff,0xdf,0xc0,0xc0,0xe0,0xff,0xff,0xdf,0x80,0x80,0xc0,0xff,0xff,0xdf,0x00,0x00,
    0x8f,0xff,0xff,0xdf,0x0f,0x0f,0x1f,0xff,0xff,0xdf,0x1f,0x1f,0x3f,0xff,0xff,0xdf,
    0xf8,0xfc,0xfc,0xfc,0xff,0xdf,0xf0,0xf8,0xf8,0xf8,0xff,0xdf,0xe0,0xf0,0xf0,0xf8,
    0xff,0xdf,0xc0,0xe0,0xe0,0xf0,0xff,0xdf,0x80,0xc0,0xc0,0xe1,0xff,0xdf,0x00,0x00,
    0x01,0xdf,0xff,0xdf,0x0f,0x1f,0x1f,0x3f,0xff,0xdf,0x1f,0x3f,0x3f,0x7f,0xff,0xdf,
    0xfc,0xfc,0xfc,0xfc,0xfc,0xdf,0xf8,0xf8,0xf8,0xf8,0xf8,0xdf,0xf8,0xf8,0xf8,0xf0,
    0xf8,0xdf,0xf0,0xf0,0xf0,0xe0,0xf1,0xdf,0x00,0x00,0x00,0x00,0x00,0x00,0x00,0x00,
    0x00,0x00,0x00,0x00,0x00,0x00,0x00,0x00,0x00,0x00,0x7f,0x7f,0x7f,0x3f,0x7f,0xdf,
    0xfc,0xfc,0xfc,0xfc,0xfc,0xdc,0xf8,0xf8,0xf8,0xf8,0xf8,0xd8,0xf8,0xf8,0xf8,0xf8,
    0xf0,0xd9,0xf0,0xf0,0xf0,0xf0,0xe1,0xd3,0x00,0x00,0x00,0x00,0x00,0x00,0x00,0x00,
    0x00,0x00,0x00,0x00,0x00,0x00,0x00,0x00,0x00,0x00,0x7f,0x7f,0x7f,0x7f,0x3f,0x5f,
    0xfe,0xfc,0xfc,0xfc,0xfc,0xdc,0xfe,0xfc,0xf8,0xf8,0xf8,0xd8,0xfe,0xfc,0xf8,0xf8,
    0xf8,0xd1,0xfe,0xfc,0xf8,0xf8,0xf1,0xcb,0x00,0x00,0x00,0x00,0x00,0x00,0x00,0x00,
    0x00,0x00,0x00,0x00,0x00,0x00,0x00,0x00,0x00,0x00,0x7f,0x7f,0x7f,0x7f,0x7f,0x1f,
    0xff,0xff,0xff,0xff,0xff,0xbf,0xff,0xff,0xff,0xff,0xff,0xbf,0xff,0xff,0xff,0xff,
    0xff,0xbf,0xff,0xff,0xff,0xff,0xff,0xbf,0xff,0xff,0xff,0xff,0xff,0xbf,0xff,0xff,
    0xff,0xff,0xff,0xbf,0xff,0xff,0xff,0xff,0xff,0xbf,0xff,0xff,0xff,0xff,0xff,0xbf,
    0xfe,0xff,0xff,0xff,0xff,0xbf,0xfd,0xff,0xff,0xff,0xff,0xbf,0xfb,0xff,0xff,0xff,
    0xff,0xbf,0xf7,0xff,0xff,0xff,0xff,0xbf,0xef,0xff,0xff,0xff,0xff,0xbf,0xdf,0xff,
    0xff,0xff,0xff,0xbf,0xbf,0xff,0xff,0xff,0xff,0xbf,0x7f,0xff,0xff,0xff,0xff,0xbf,
    0xf8,0xf8,0xff,0xff,0xff,0xbf,0xf0,0xf0,0xff,0xff,0xff,0xbf,0xe0,0xe0,0xff,0xff,
    0xff,0xbf,0xc0,0xc0,0xff,0xff,0xff,0xbf,0x80,0x80,0xff,0xff,0xff,0xbf,0x00,0x00,
    0xff,0xff,0xff,0xbf,0x01,0x01,0xff,0xff,0xff,0xbf,0x1f,0x1f,0xff,0xff,0xff,0xbf,
    0xf8,0xf8,0xf8,0xff,0xff,0xbf,0xf0,0xf0,0xf8,0xff,0xff,0xbf,0xe0,0xe0,0xf0,0xff,
    0xff,0xbf,0xc0,0xc0,0xe0,0xff,0xff,0xbf,0x80,0x80,0xc0,0xff,0xff,0xbf,0x00,0x00,
    0x81,0xff,0xff,0xbf,0x01,0x01,0x1f,0xff,0xff,0xbf,0x1f,0x1f,0x3f,0xff,0xff,0xbf,
    0xf8,0xf8,0xf8,0xf8,0xff,0xbf,0xf0,0xf8,0xf8,0xf8,0xff,0xbf,0xe0,0xf0,0xf0,0xf0,
    0xff,0xbf,0xc0,0xe0,0xe0,0xf0,0xff,0xbf,0x80,0xc0,0xc0,0xe1,0xff,0xbf,0x00,0x00,
    0x81,0xc3,0xff,0xbf,0x01,0x01,0x03,0xbf,0xff,0xbf,0x1f,0x3f,0x3f,0x7f,0xff,0xbf,
    0xf8,0xf8,0xf8,0xf8,0xf8,0xbf,0xf8,0xf8,0xf8,0xf8,0xf8,0xbf,0xf0,0xf0,0xf0,0xf0,
    0xf0,0xbf,0xf0,0xf0,0xf0,0xe0,0xf1,0xbf,0xe0,0xe0,0xe0,0xc1,0xe3,0xbf,0x00,0x00,
    0x00,0x00,0x00,0x00,0x00,0x00,0x00,0x00,0x00,0x00,0x00,0x00,0x00,0x00,0x00,0x00,
    0xf8,0xf8,0xf8,0xf8,0xf8,0xbc,0xf8,0xf8,0xf8,0xf8,0xf8,0xb8,0xf0,0xf0,0xf0,0xf0,
    0xf0,0xb1,0xf0,0xf0,0xf0,0xf0,0xe1,0xb3,0xe0,0xe0,0xe0,0xe1,0xc3,0xa7,0x00,0x00,
    0x00,0x00,0x00,0x00,0x00,0x00,0x00,0x00,0x00,0x00,0x00,0x00,0x00,0x00,0x00,0x00,
    0xfc,0xf8,0xf8,0xf8,0xf8,0xbc,0xfc,0xf8,0xf8,0xf8,0xf8,0xb8,0xfc,0xf8,0xf0,0xf0,
    0xf0,0xb1,0xfc,0xf8,0xf0,0xf0,0xf1,0xa3,0xfc,0xf8,0xf0,0xf1,0xe3,0x97,0x00,0x00,
    0x00,0x00,0x00,0x00,0x00,0x00,0x00,0x00,0x00,0x00,0x00,0x00,0x00,0x00,0x00,0x00,
    0xff,0xff,0xff,0xff,0xff,0x7f,0xff,0xff,0xff,0xff,0xff,0x7f,0xff,0xff,0xff,0xff,
    0xff,0x7f,0xff,0xff,0xff,0xff,0xff,0x7f,0xff,0xff,0xff,0xff,0xff,0x7f,0xff,0xff,
    0xff,0xff,0xff,0x7f,0xff,0xff,0xff,0xff,0xff,0x7f,0xff,0xff,0xff,0xff,0xff,0x7f,
    0xfe,0xff,0xff,0xff,0xff,0x7f,0xfd,0xff,0xff,0xff,0xff,0x7f,0xfb,0xff,0xff,0xff,
    0xff,0x7f,0xf7,0xff,0xff,0xff,0xff,0x7f,0xef,0xff,0xff,0xff,0xff,0x7f,0xdf,0xff,
    0xff,0xff,0xff,0x7f,0xbf,0xff,0xff,0xff,0xff,0x7f,0x7f,0xff,0xff,0xff,0xff,0x7f,
    0xf8,0xf8,0xff,0xff,0xff,0x7f,0xf0,0xf0,0xff,0xff,0xff,0x7f,0xe0,0xe0,0xff,0xff,
    0xff,0x7f,0xc0,0xc0,0xff,0xff,0xff,0x7f,0x80,0x80,0xff,0xff,0xff,0x7f,0x00,0x00,
    0xff,0xff,0xff,0x7f,0x01,0x01,0xff,0xff,0xff,0x7f,0x03,0x03,0xff,0xff,0xff,0x7f,
    0xf8,0xf8,0xf8,0xff,0xff,0x7f,0xf0,0xf0,0xf0,0xff,0xff,0x7f,0xe0,0xe0,0xf0,0xff,
    0xff,0x7f,0xc0,0xc0,0xe0,0xff,0xff,0x7f,0x80,0x80,0xc0,0xff,0xff,0x7f,0x00,0x00,
    0x81,0xff,0xff,0x7f,0x01,0x01,0x03,0xff,0xff,0x7f,0x03,0x03,0x3f,0xff,0xff,0x7f,
    0xf8,0xf8,0xf8,0xf8,0xff,0x7f,0xf0,0xf0,0xf0,0xf0,0xff,0x7f,0xe0,0xf0,0xf0,0xf0,
    0xff,0x7f,0xc0,0xe0,0xe0,0xe0,0xff,0x7f,0x80,0xc0,0xc0,0xe1,0xff,0x7f,0x00,0x00,
    0x01,0xc3,0xff,0x7f,0x01,0x01,0x03,0x87,0xff,0x7f,0x03,0x03,0x07,0x7f,0xff,0x7f,
    0xf8,0xf8,0xf8,0xf8,0xf8,0x7f,0xf0,0xf0,0xf0,0xf0,0xf0,0x7f,0xf0,0xf0,0xf0,0xf0,
    0xf0,0x7f,0xe0,0xe0,0xe0,0xe0,0xe1,0x7f,0xe0,0xe0,0xe0,0xc1,0xe3,0x7f,0x40,0x40,
    0x41,0x03,0xc7,0x7f,0x00,0x00,0x00,0x00,0x00,0x00,0x00,0x00,0x00,0x00,0x00,0x00,
    0xf8,0xf8,0xf8,0xf8,0xf8,0x7c,0xf0,0xf0,0xf0,0xf0,0xf0,0x78,0xf0,0xf0,0xf0,0xf0,
    0xf0,0x71,0xe0,0xe0,0xe0,0xe0,0xe1,0x63,0xe0,0xe0,0xe0,0xe1,0xc3,0x67,0x40,0x40,
    0x41,0x43,0x07,0x4f,0x00,0x00,0x00,0x00,0x00,0x00,0x00,0x00,0x00,0x00,0x00,0x00,
    0xf8,0xf8,0xf8,0xf8,0xf8,0x7c,0xf8,0xf0,0xf0,0xf0,0xf0,0x78,0xf8,0xf0,0xf0,0xf0,
    0xf0,0x71,0xf8,0xf0,0xe0,0xe0,0xe1,0x63,0xf8,0xf0,0xe0,0xe1,0xe3,0x47,0x78,0x70,
    0x61,0x63,0x47,0x2f,0x00,0x00,0x00,0x00,0x00,0x00,0x00,0x00,0x00,0x00,0x00,0x00,
    0xff,0xff,0xff,0xff,0xff,0xff,0xff,0xff,0xff,0xff,0xff,0xff,0xff,0xff,0xff,0xff,
    0xff,0xff,0xff,0xff,0xff,0xff,0xff,0xff,0xff,0xff,0xff,0xff,0xff,0xff,0xff,0xff,
    0xff,0xff,0xff,0xff,0xff,0xff,0xff,0xff,0xff,0xff,0xff,0xff,0xff,0xff,0xff,0xff,
    0xfe,0xff,0xff,0xff,0xff,0xff,0xfd,0xff,0xff,0xff,0xff,0xff,0xfb,0xff,0xff,0xff,
    0xff,0xff,0xf7,0xff,0xff,0xff,0xff,0xff,0xef,0xff,0xff,0xff,0xff,0xff,0xdf,0xff,
    0xff,0xff,0xff,0xff,0xbf,0xff,0xff,0xff,0xff,0xff,0x7f,0xff,0xff,0xff,0xff,0xff,
    0xc0,0xc0,0xff,0xff,0xff,0xff,0x80,0x80,0xff,0xff,0xff,0xff,0x00,0x00,0xff,0xff,
    0xff,0xff,0x00,0x00,0xff,0xff,0xff,0xff,0x01,0x01,0xff,0xff,0xff,0xff,0x03,0x03,
    0xff,0xff,0xff,0xff,0x07,0x07,0xff,0xff,0xff,0xff,0x0f,0x0f,0xff,0xff,0xff,0xff,
    0xc0,0xc0,0xe0,0xff,0xff,0xff,0x80,0x80,0xc0,0xff,0xff,0xff,0x00,0x00,0x80,0xff,
    0xff,0xff,0x00,0x00,0x01,0xff,0xff,0xff,0x01,0x01,0x03,0xff,0xff,0xff,0x03,0x03,
    0x07,0xff,0xff,0xff,0x07,0x07,0x0f,0xff,0xff,0xff,0x0f,0x0f,0x1f,0xff,0xff,0xff,
    0xc0,0xc0,0xe0,0xfc,0xff,0xff,0x80,0x80,0xc0,0xe0,0xff,0xff,0x00,0x00,0x80,0xc1,
    0xff,0xff,0x00,0x00,0x01,0x83,0xff,0xff,0x01,0x01,0x03,0x07,0xff,0xff,0x03,0x03,
    0x07,0x0f,0xff,0xff,0x07,0x07,0x0f,0x0f,0xff,0xff,0x0f,0x0f,0x1f,0x1f,0xff,0xff,
    0xc0,0xc0,0xe0,0xf0,0xfe,0xff,0x80,0x80,0xc0,0xe0,0xf0,0xff,0x00,0x00,0x80,0xc0,
    0xe3,0xff,0x00,0x00,0x03,0x83,0xc7,0xff,0x01,0x03,0x07,0x07,0x87,0xff,0x03,0x07,
    0x0f,0x0f,0x0f,0xff,0x07,0x0f,0x0f,0x0f,0x0f,0xff,0x0f,0x1f,0x1f,0x1f,0x1f,0xff,
    0x00,0x00,0x00,0x00,0x00,0x00,0x00,0x00,0x00,0x00,0x00,0x00,0x02,0x02,0x82,0xc2,
    0xe0,0xf2,0x07,0x07,0x07,0x87,0xc3,0xe7,0x07,0x07,0x07,0x07,0x87,0xc7,0x0f,0x0f,
    0x0f,0x0f,0x0f,0x8f,0x0f,0x0f,0x0f,0x0f,0x0f,0x1f,0x1f,0x1f,0x1f,0x1f,0x1f,0x3f,
    0x00,0x00,0x00,0x00,0x00,0x00,0x00,0x00,0x00,0x00,0x00,0x00,0x02,0x02,0x82,0xc2,
    0xe2,0xf0,0x07,0x07,0x07,0x87,0xc7,0xe3,0x07,0x07,0x07,0x07,0x87,0xc7,0x0f,0x0f,
    0x0f,0x0f,0x0f,0x8f,0x0f,0x0f,0x0f,0x0f,0x0f,0x1f,0x1f,0x1f,0x1f,0x1f,0x1f,0x3f,
    0xff,0xff,0xff,0xff,0xff,0xff,0xff,0xff,0xff,0xff,0xff,0xff,0xff,0xff,0xff,0xff,
    0xff,0xff,0xff,0xff,0xff,0xff,0xff,0xff,0xff,0xff,0xff,0xff,0xff,0xff,0xff,0xff,
    0xff,0xff,0xff,0xff,0xff,0xff,0xff,0xff,0xff,0xff,0xff,0xff,0xff,0xff,0xff,0xff,
    0xfe,0xff,0xff,0xff,0xff,0xff,0xfd,0xff,0xff,0xff,0xff,0xff,0xfb,0xff,0xff,0xff,
    0xff,0xff,0xf7,0xff,0xff,0xff,0xff,0xff,0xef,0xff,0xff,0xff,0xff,0xff,0xdf,0xff,
    0xff,0xff,0xff,0xff,0xbf,0xff,0xff,0xff,0xff,0xff,0x7f,0xff,0xff,0xff,0xff,0xff,
    0xf0,0xf0,0xff,0xff,0xff,0xff,0x80,0x80,0xff,0xff,0xff,0xff,0x00,0x00,0xff,0xff,
    0xff,0xff,0x00,0x00,0xff,0xff,0xff,0xff,0x01,0x01,0xff,0xff,0xff,0xff,0x03,0x03,
    0xff,0xff,0xff,0xff,0x07,0x07,0xff,0xff,0xff,0xff,0x0f,0x0f,0xff,0xff,0xff,0xff,
    0xf0,0xf0,0xf8,0xff,0xff,0xff,0x80,0x80,0xc0,0xff,0xff,0xff,0x00,0x00,0x80,0xff,
    0xff,0xff,0x00,0x00,0x01,0xff,0xff,0xff,0x01,0x01,0x03,0xff,0xff,0xff,0x03,0x03,
    0x07,0xff,0xff,0xff,0x07,0x07,0x0f,0xff,0xff,0xff,0x0f,0x0f,0x1f,0xff,0xff,0xff,
    0xf0,0xf0,0xf8,0xfc,0xff,0xff,0x80,0x80,0xc0,0xf8,0xff,0xff,0x00,0x00,0x80,0xc1,
    0xff,0xff,0x00,0x00,0x01,0x83,0xff,0xff,0x01,0x01,0x03,0x07,0xff,0xff,0x03,0x03,
    0x07,0x0f,0xff,0xff,0x07,0x07,0x0f,0x1f,0xff,0xff,0x0f,0x0f,0x1f,0x1f,0xff,0xff,
    0xf0,0xf8,0xfc,0xfc,0xfe,0xff,0x80,0x80,0xc0,0xe0,0xfd,0xff,0x00,0x00,0x80,0xc1,
    0xe3,0xff,0x00,0x00,0x03,0x83,0xc7,0xff,0x01,0x03,0x07,0x07,0x8f,0xff,0x03,0x07,
    0x0f,0x0f,0x0f,0xff,0x07,0x0f,0x1f,0x1f,0x1f,0xff,0x0f,0x1f,0x1f,0x1f,0x1f,0xff,
    0x00,0x00,0x00,0x00,0x00,0x00,0x00,0x00,0x00,0x00,0x00,0x00,0x00,0x00,0x00,0x00,
    0x00,0x00,0x07,0x07,0x07,0x87,0xc3,0xe7,0x0f,0x0f,0x0f,0x0f,0x87,0xcf,0x0f,0x0f,
    0x0f,0x0f,0x0f,0x8f,0x1f,0x1f,0x1f,0x1f,0x1f,0x1f,0x1f,0x1f,0x1f,0x1f,0x1f,0x3f,
    0x00,0x00,0x00,0x00,0x00,0x00,0x00,0x00,0x00,0x00,0x00,0x00,0x00,0x00,0x00,0x00,
    0x00,0x00,0x07,0x07,0x07,0x87,0xc7,0xe3,0x0f,0x0f,0x0f,0x0f,0x8f,0xc7,0x0f,0x0f,
    0x0f,0x0f,0x0f,0x8f,0x1f,0x1f,0x1f,0x1f,0x1f,0x1f,0x1f,0x1f,0x1f,0x1f,0x1f,0x3f,
    0xff,0xff,0xff,0xff,0xff,0xff,0xff,0xff,0xff,0xff,0xff,0xff,0xff,0xff,0xff,0xff,
    0xff,0xff,0xff,0xff,0xff,0xff,0xff,0xff,0xff,0xff,0xff,0xff,0xff,0xff,0xff,0xff,
    0xff,0xff,0xff,0xff,0xff,0xff,0xff,0xff,0xff,0xff,0xff,0xff,0xff,0xff,0xff,0xff,
    0xfe,0xff,0xff,0xff,0xff,0xff,0xfd,0xff,0xff,0xff,0xff,0xff,0xfb,0xff,0xff,0xff,
    0xff,0xff,0xf7,0xff,0xff,0xff,0xff,0xff,0xef,0xff,0xff,0xff,0xff,0xff,0xdf,0xff,
    0xff,0xff,0xff,0xff,0xbf,0xff,0xff,0xff,0xff,0xff,0x7f,0xff,0xff,0xff,0xff,0xff,
    0xf0,0xf0,0xff,0xff,0xff,0xff,0xe0,0xe0,0xff,0xff,0xff,0xff,0x00,0x00,0xff,0xff,
    0xff,0xff,0x00,0x00,0xff,0xff,0xff,0xff,0x01,0x01,0xff,0xff,0xff,0xff,0x03,0x03,
    0xff,0xff,0xff,0xff,0x07,0x07,0xff,0xff,0xff,0xff,0x0f,0x0f,0xff,0xff,0xff,0xff,
    0xf0,0xf0,0xf8,0xff,0xff,0xff,0xe0,0xe0,0xf0,0xff,0xff,0xff,0x00,0x00,0x80,0xff,
    0xff,0xff,0x00,0x00,0x01,0xff,0xff,0xff,0x01,0x01,0x03,0xff,0xff,0xff,0x03,0x03,
    0x07,0xff,0xff,0xff,0x07,0x07,0x0f,0xff,0xff,0xff,0x0f,0x0f,0x1f,0xff,0xff,0xff,
    0xf0,0xf0,0xf8,0xfc,0xff,0xff,0xe0,0xe0,0xf0,0xf8,0xff,0xff,0x00,0x00,0x80,0xf1,
    0xff,0xff,0x00,0x00,0x01,0x83,0xff,0xff,0x01,0x01,0x03,0x07,0xff,0xff,0x03,0x03,
    0x07,0x0f,0xff,0xff,0x07,0x07,0x0f,0x1f,0xff,0xff,0x0f,0x0f,0x1f,0x3f,0xff,0xff,
    0xf0,0xf8,0xfc,0xfc,0xfe,0xff,0xe0,0xf0,0xf8,0xf8,0xfc,0xff,0x00,0x00,0x80,0xc0,
    0xfb,0xff,0x00,0x00,0x03,0x83,0xc7,0xff,0x01,0x03,0x07,0x07,0x8f,0xff,0x03,0x07,
    0x0f,0x0f,0x1f,0xff,0x07,0x0f,0x1f,0x1f,0x1f,0xff,0x0f,0x1f,0x3f,0x3f,0x3f,0xff,
    0xfe,0xfe,0xfe,0xfe,0xfc,0xfe,0x00,0x00,0x00,0x00,0x00,0x00,0x00,0x00,0x00,0x00,
    0x00,0x00,0x00,0x00,0x00,0x00,0x00,0x00,0x0f,0x0f,0x0f,0x0f,0x87,0xcf,0x1f,0x1f,
    0x1f,0x1f,0x0f,0x9f,0x1f,0x1f,0x1f,0x1f,0x1f,0x1f,0x3f,0x3f,0x3f,0x3f,0x3f,0x3f,
    0xfe,0xfe,0xfe,0xfe,0xfe,0xfc,0x00,0x00,0x00,0x00,0x00,0x00,0x00,0x00,0x00,0x00,
    0x00,0x00,0x00,0x00,0x00,0x00,0x00,0x00,0x0f,0x0f,0x0f,0x0f,0x8f,0xc7,0x1f,0x1f,
    0x1f,0x1f,0x1f,0x8f,0x1f,0x1f,0x1f,0x1f,0x1f,0x1f,0x3f,0x3f,0x3f,0x3f,0x3f,0x3f,
    0xff,0xff,0xff,0xff,0xff,0xff,0xff,0xff,0xff,0xff,0xff,0xff,0xff,0xff,0xff,0xff,
    0xff,0xff,0xff,0xff,0xff,0xff,0xff,0xff,0xff,0xff,0xff,0xff,0xff,0xff,0xff,0xff,
    0xff,0xff,0xff,0xff,0xff,0xff,0xff,0xff,0xff,0xff,0xff,0xff,0xff,0xff,0xff,0xff,
    0xfe,0xff,0xff,0xff,0xff,0xff,0xfd,0xff,0xff,0xff,0xff,0xff,0xfb,0xff,0xff,0xff,
    0xff,0xff,0xf7,0xff,0xff,0xff,0xff,0xff,0xef,0xff,0xff,0xff,0xff,0xff,0xdf,0xff,
    0xff,0xff,0xff,0xff,0xbf,0xff,0xff,0xff,0xff,0xff,0x7f,0xff,0xff,0xff,0xff,0xff,
    0xf0,0xf0,0xff,0xff,0xff,0xff,0xe0,0xe0,0xff,0xff,0xff,0xff,0xc0,0xc0,0xff,0xff,
    0xff,0xff,0x00,0x00,0xff,0xff,0xff,0xff,0x01,0x01,0xff,0xff,0xff,0xff,0x03,0x03,
    0xff,0xff,0xff,0xff,0x07,0x07,0xff,0xff,0xff,0xff,0x0f,0x0f,0xff,0xff,0xff,0xff,
    0xf0,0xf0,0xf8,0xff,0xff,0xff,0xe0,0xe0,0xf0,0xff,0xff,0xff,0xc0,0xc0,0xe0,0xff,
    0xff,0xff,0x00,0x00,0x00,0xff,0xff,0xff,0x01,0x01,0x03,0xff,0xff,0xff,0x03,0x03,
    0x07,0xff,0xff,0xff,0x07,0x07,0x0f,0xff,0xff,0xff,0x0f,0x0f,0x1f,0xff,0xff,0xff,
    0xf0,0xf0,0xf8,0xfc,0xff,0xff,0xe0,0xe0,0xf0,0xf8,0xff,0xff,0xc0,0xc0,0xe0,0xf0,
    0xff,0xff,0x00,0x00,0x00,0xe3,0xff,0xff,0x01,0x01,0x03,0x07,0xff,0xff,0x03,0x03,
    0x07,0x0f,0xff,0xff,0x07,0x07,0x0f,0x1f,0xff,0xff,0x0f,0x0f,0x1f,0x3f,0xff,0xff,
    0xf0,0xf8,0xfc,0xfc,0xfe,0xff,0xe0,0xf0,0xf8,0xf8,0xfc,0xff,0xc0,0xe0,0xf0,0xf0,
    0xf8,0xff,0x00,0x00,0x00,0x80,0xf7,0xff,0x01,0x03,0x07,0x07,0x8f,0xff,0x03,0x07,
    0x0f,0x0f,0x1f,0xff,0x07,0x0f,0x1f,0x1f,0x3f,0xff,0x0f,0x1f,0x3f,0x3f,0x3f,0xff,
    0xfe,0xfe,0xfe,0xfe,0xfc,0xfe,0xfc,0xfc,0xfc,0xfc,0xf8,0xfc,0x00,0x00,0x00,0x00,
    0x00,0x00,0x00,0x00,0x00,0x00,0x00,0x00,0x00,0x00,0x00,0x00,0x00,0x00,0x1f,0x1f,
    0x1f,0x1f,0x0f,0x9f,0x3f,0x3f,0x3f,0x3f,0x1f,0x3f,0x3f,0x3f,0x3f,0x3f,0x3f,0x3f,
    0xfe,0xfe,0xfe,0xfe,0xfc,0xfc,0xfc,0xfc,0xfc,0xfc,0xfc,0xf8,0x00,0x00,0x00,0x00,
    0x00,0x00,0x00,0x00,0x00,0x00,0x00,0x00,0x00,0x00,0x00,0x00,0x00,0x00,0x1f,0x1f,
    0x1f,0x1f,0x1f,0x8f,0x3f,0x3f,0x3f,0x3f,0x3f,0x1f,0x3f,0x3f,0x3f,0x3f,0x3f,0x3f,
    0xff,0xff,0xff,0xff,0xff,0xff,0xff,0xff,0xff,0xff,0xff,0xff,0xff,0xff,0xff,0xff,
    0xff,0xff,0xff,0xff,0xff,0xff,0xff,0xff,0xff,0xff,0xff,0xff,0xff,0xff,0xff,0xff,
    0xff,0xff,0xff,0xff,0xff,0xff,0xff,0xff,0xff,0xff,0xff,0xff,0xff,0xff,0xff,0xff,
    0xfe,0xff,0xff,0xff,0xff,0xff,0xfd,0xff,0xff,0xff,0xff,0xff,0xfb,0xff,0xff,0xff,
    0xff,0xff,0xf7,0xff,0xff,0xff,0xff,0xff,0xef,0xff,0xff,0xff,0xff,0xff,0xdf,0xff,
    0xff,0xff,0xff,0xff,0xbf,0xff,0xff,0xff,0xff,0xff,0x7f,0xff,0xff,0xff,0xff,0xff,
    0xf0,0xf0,0xff,0xff,0xff,0xff,0xe0,0xe0,0xff,0xff,0xff,0xff,0xc0,0xc0,0xff,0xff,
    0xff,0xff,0x80,0x80,0xff,0xff,0xff,0xff,0x00,0x00,0xff,0xff,0xff,0xff,0x03,0x03,
    0xff,0xff,0xff,0xff,0x07,0x07,0xff,0xff,0xff,0xff,0x0f,0x0f,0xff,0xff,0xff,0xff,
    0xf0,0xf0,0xf8,0xff,0xff,0xff,0xe0,0xe0,0xf0,0xff,0xff,0xff,0xc0,0xc0,0xe0,0xff,
    0xff,0xff,0x80,0x80,0xc0,0xff,0xff,0xff,0x00,0x00,0x00,0xff,0xff,0xff,0x03,0x03,
    0x07,0xff,0xff,0xff,0x07,0x07,0x0f,0xff,0xff,0xff,0x0f,0x0f,0x1f,0xff,0xff,0xff,
    0xf0,0xf0,0xf8,0xfc,0xff,0xff,0xe0,0xe0,0xf0,0xf8,0xff,0xff,0xc0,0xc0,0xe0,0xf0,
    0xff,0xff,0x80,0x80,0xc0,0xe0,0xff,0xff,0x00,0x00,0x00,0xc7,0xff,0xff,0x03,0x03,
    0x07,0x0f,0xff,0xff,0x07,0x07,0x0f,0x1f,0xff,0xff,0x0f,0x0f,0x1f,0x3f,0xff,0xff,
    0xf0,0xf8,0xfc,0xfc,0xfc,0xff,0xe0,0xf0,0xf8,0xf8,0xfc,0xff,0xc0,0xe0,0xf0,0xf0,
    0xf8,0xff,0x80,0xc0,0xe0,0xe0,0xf1,0xff,0x00,0x00,0x00,0x01,0xef,0xff,0x03,0x07,
    0x0f,0x0f,0x1f,0xff,0x07,0x0f,0x1f,0x1f,0x3f,0xff,0x0f,0x1f,0x3f,0x3f,0x7f,0xff,
    0xfc,0xfc,0xfc,0xfc,0xfc,0xfc,0xfc,0xfc,0xfc,0xfc,0xf8,0xfc,0xf8,0xf8,0xf8,0xf8,
    0xf0,0xf9,0x00,0x00,0x00,0x00,0x00,0x00,0x00,0x00,0x00,0x00,0x00,0x00,0x00,0x00,
    0x00,0x00,0x00,0x00,0x3f,0x3f,0x3f,0x3f,0x1f,0x3f,0x7f,0x7f,0x7f,0x7f,0x3f,0x7f,
    0xfc,0xfc,0xfc,0xfc,0xfc,0xfc,0xfc,0xfc,0xfc,0xfc,0xfc,0xf8,0xf8,0xf8,0xf8,0xf8,
    0xf8,0xf1,0x00,0x00,0x00,0x00,0x00,0x00,0x00,0x00,0x00,0x00,0x00,0x00,0x00,0x00,
    0x00,0x00,0x00,0x00,0x3f,0x3f,0x3f,0x3f,0x3f,0x1f,0x7f,0x7f,0x7f,0x7f,0x3f,0x3f,
    0xff,0xff,0xff,0xff,0xff,0xff,0xff,0xff,0xff,0xff,0xff,0xff,0xff,0xff,0xff,0xff,
    0xff,0xff,0xff,0xff,0xff,0xff,0xff,0xff,0xff,0xff,0xff,0xff,0xff,0xff,0xff,0xff,
    0xff,0xff,0xff,0xff,0xff,0xff,0xff,0xff,0xff,0xff,0xff,0xff,0xff,0xff,0xff,0xff,
    0xfe,0xff,0xff,0xff,0xff,0xff,0xfd,0xff,0xff,0xff,0xff,0xff,0xfb,0xff,0xff,0xff,
    0xff,0xff,0xf7,0xff,0xff,0xff,0xff,0xff,0xef,0xff,0xff,0xff,0xff,0xff,0xdf,0xff,
    0xff,0xff,0xff,0xff,0xbf,0xff,0xff,0xff,0xff,0xff,0x7f,0xff,0xff,0xff,0xff,0xff,
    0xf0,0xf0,0xff,0xff,0xff,0xff,0xe0,0xe0,0xff,0xff,0xff,0xff,0xc0,0xc0,0xff,0xff,
    0xff,0xff,0x80,0x80,0xff,0xff,0xff,0xff,0x00,0x00,0xff,0xff,0xff,0xff,0x00,0x00,
    0xff,0xff,0xff,0xff,0x07,0x07,0xff,0xff,0xff,0xff,0x0f,0x0f,0xff,0xff,0xff,0xff,
    0xf0,0xf0,0xf8,0xff,0xff,0xff,0xe0,0xe0,0xf0,0xff,0xff,0xff,0xc0,0xc0,0xe0,0xff,
    0xff,0xff,0x80,0x80,0xc0,0xff,0xff,0xff,0x00,0x00,0x80,0xff,0xff,0xff,0x00,0x00,
    0x01,0xff,0xff,0xff,0x07,0x07,0x0f,0xff,0xff,0xff,0x0f,0x0f,0x1f,0xff,0xff,0xff,
    0xf0,0xf0,0xf8,0xfc,0xff,0xff,0xe0,0xe0,0xf0,0xf8,0xff,0xff,0xc0,0xc0,0xe0,0xf0,
    0xff,0xff,0x80,0x80,0xc0,0xe0,0xff,0xff,0x00,0x00,0x80,0xc1,0xff,0xff,0x00,0x00,
    0x01,0x8f,0xff,0xff,0x07,0x07,0x0f,0x1f,0xff,0xff,0x0f,0x0f,0x1f,0x3f,0xff,0xff,
    0xf0,0xf8,0xfc,0xfc,0xfc,0xff,0xe0,0xf0,0xf8,0xf8,0xf8,0xff,0xc0,0xe0,0xf0,0xf0,
    0xf8,0xff,0x80,0xc0,0xe0,0xe0,0xf1,0xff,0x00,0x00,0xc0,0xc1,0xe3,0xff,0x00,0x00,
    0x01,0x03,0xdf,0xff,0x07,0x0f,0x1f,0x1f,0x3f,0xff,0x0f,0x1f,0x3f,0x3f,0x7f,0xff,
    0xfc,0xfc,0xfc,0xfc,0xfc,0xfc,0xf8,0xf8,0xf8,0xf8,0xf8,0xf8,0xf8,0xf8,0xf8,0xf8,
    0xf0,0xf9,0xf0,0xf0,0xf0,0xf0,0xe1,0xf3,0x00,0x00,0x00,0x00,0x00,0x00,0x00,0x00,
    0x00,0x00,0x00,0x00,0x00,0x00,0x00,0x00,0x00,0x00,0x7f,0x7f,0x7f,0x7f,0x3f,0x7f,
    0xfc,0xfc,0xfc,0xfc,0xfc,0xfc,0xf8,0xf8,0xf8,0xf8,0xf8,0xf8,0xf8,0xf8,0xf8,0xf8,
    0xf8,0xf1,0xf0,0xf0,0xf0,0xf0,0xf1,0xe3,0x00,0x00,0x00,0x00,0x00,0x00,0x00,0x00,
    0x00,0x00,0x00,0x00,0x00,0x00,0x00,0x00,0x00,0x00,0x7f,0x7f,0x7f,0x7f,0x7f,0x3f,
    0xff,0xff,0xff,0xff,0xff,0xff,0xff,0xff,0xff,0xff,0xff,0xff,0xff,0xff,0xff,0xff,
    0xff,0xff,0xff,0xff,0xff,0xff,0xff,0xff,0xff,0xff,0xff,0xff,0xff,0xff,0xff,0xff,
    0xff,0xff,0xff,0xff,0xff,0xff,0xff,0xff,0xff,0xff,0xff,0xff,0xff,0xff,0xff,0xff,
    0xfe,0xff,0xff,0xff,0xff,0xff,0xfd,0xff,0xff,0xff,0xff,0xff,0xfb,0xff,0xff,0xff,
    0xff,0xff,0xf7,0xff,0xff,0xff,0xff,0xff,0xef,0xff,0xff,0xff,0xff,0xff,0xdf,0xff,
    0xff,0xff,0xff,0xff,0xbf,0xff,0xff,0xff,0xff,0xff,0x7f,0xff,0xff,0xff,0xff,0xff,
    0xf0,0xf0,0xff,0xff,0xff,0xff,0xe0,0xe0,0xff,0xff,0xff,0xff,0xc0,0xc0,0xff,0xff,
    0xff,0xff,0x80,0x80,0xff,0xff,0xff,0xff,0x00,0x00,0xff,0xff,0xff,0xff,0x00,0x00,
    0xff,0xff,0xff,0xff,0x01,0x01,0xff,0xff,0xff,0xff,0x0f,0x0f,0xff,0xff,0xff,0xff,
    0xf0,0xf0,0xf8,0xff,0xff,0xff,0xe0,0xe0,0xf0,0xff,0xff,0xff,0xc0,0xc0,0xe0,0xff,
    0xff,0xff,0x80,0x80,0xc0,0xff,0xff,0xff,0x00,0x00,0x80,0xff,0xff,0xff,0x00,0x00,
    0x01,0xff,0xff,0xff,0x01,0x01,0x03,0xff,0xff,0xff,0x0f,0x0f,0x1f,0xff,0xff,0xff,
    0xf0,0xf0,0xf8,0xf8,0xff,0xff,0xe0,0xe0,0xf0,0xf8,0xff,0xff,0xc0,0xc0,0xe0,0xf0,
    0xff,0xff,0x80,0x80,0xc0,0xe0,0xff,0xff,0x00,0x00,0x80,0xc1,0xff,0xff,0x00,0x00,
    0x01,0x83,0xff,0xff,0x01,0x01,0x03,0x1f,0xff,0xff,0x0f,0x0f,0x1f,0x3f,0xff,0xff,
    0xf0,0xf8,0xf8,0xf8,0xf8,0xff,0xe0,0xf0,0xf8,0xf8,0xf8,0xff,0xc0,0xe0,0xf0,0xf0,
    0xf0,0xff,0x80,0xc0,0xe0,0xe0,0xf1,0xff,0x00,0x00,0xc0,0xc1,0xe3,0xff,0x00,0x00,
    0x01,0x83,0xc7,0xff,0x01,0x01,0x03,0x07,0xbf,0xff,0x0f,0x1f,0x3f,0x3f,0x7f,0xff,
    0xf8,0xf8,0xf8,0xf8,0xf8,0xfc,0xf8,0xf8,0xf8,0xf8,0xf8,0xf8,0xf0,0xf0,0xf0,0xf0,
    0xf0,0xf1,0xf0,0xf0,0xf0,0xf0,0xe1,0xf3,0xe0,0xe0,0xe0,0xe1,0xc3,0xe7,0x00,0x00,
    0x00,0x00,0x00,0x00,0x00,0x00,0x00,0x00,0x00,0x00,0x00,0x00,0x00,0x00,0x00,0x00,
    0xf8,0xf8,0xf8,0xf8,0xf8,0xfc,0xf8,0xf8,0xf8,0xf8,0xf8,0xf8,0xf0,0xf0,0xf0,0xf0,
    0xf0,0xf1,0xf0,0xf0,0xf0,0xf0,0xf1,0xe3,0xe0,0xe0,0xe0,0xe1,0xe3,0xc7,0x00,0x00,
    0x00,0x00,0x00,0x00,0x00,0x00,0x00,0x00,0x00,0x00,0x00,0x00,0x00,0x00,0x00,0x00,
    0xff,0xff,0xff,0xff,0xff,0xff,0xff,0xff,0xff,0xff,0xff,0xff,0xff,0xff,0xff,0xff,
    0xff,0xff,0xff,0xff,0xff,0xff,0xff,0xff,0xff,0xff,0xff,0xff,0xff,0xff,0xff,0xff,
    0xff,0xff,0xff,0xff,0xff,0xff,0xff,0xff,0xff,0xff,0xff,0xff,0xff,0xff,0xff,0xff,
    0xfe,0xff,0xff,0xff,0xff,0xff,0xfd,0xff,0xff,0xff,0xff,0xff,0xfb,0xff,0xff,0xff,
    0xff,0xff,0xf7,0xff,0xff,0xff,0xff,0xff,0xef,0xff,0xff,0xff,0xff,0xff,0xdf,0xff,
    0xff,0xff,0xff,0xff,0xbf,0xff,0xff,0xff,0xff,0xff,0x7f,0xff,0xff,0xff,0xff,0xff,
    0xf0,0xf0,0xff,0xff,0xff,0xff,0xe0,0xe0,0xff,0xff,0xff,0xff,0xc0,0xc0,0xff,0xff,
    0xff,0xff,0x80,0x80,0xff,0xff,0xff,0xff,0x00,0x00,0xff,0xff,0xff,0xff,0x00,0x00,
    0xff,0xff,0xff,0xff,0x01,0x01,0xff,0xff,0xff,0xff,0x03,0x03,0xff,0xff,0xff,0xff,
    0xf0,0xf0,0xf8,0xff,0xff,0xff,0xe0,0xe0,0xf0,0xff,0xff,0xff,0xc0,0xc0,0xe0,0xff,
    0xff,0xff,0x80,0x80,0xc0,0xff,0xff,0xff,0x00,0x00,0x80,0xff,0xff,0xff,0x00,0x00,
    0x01,0xff,0xff,0xff,0x01,0x01,0x03,0xff,0xff,0xff,0x03,0x03,0x07,0xff,0xff,0xff,
    0xf0,0xf0,0xf8,0xf8,0xff,0xff,0xe0,0xe0,0xf0,0xf0,0xff,0xff,0xc0,0xc0,0xe0,0xf0,
    0xff,0xff,0x80,0x80,0xc0,0xe0,0xff,0xff,0x00,0x00,0x80,0xc1,0xff,0xff,0x00,0x00,
    0x01,0x83,0xff,0xff,0x01,0x01,0x03,0x07,0xff,0xff,0x03,0x03,0x07,0x3f,0xff,0xff,
    0xf0,0xf8,0xf8,0xf8,0xf8,0xff,0xe0,0xf0,0xf0,0xf0,0xf0,0xff,0xc0,0xe0,0xf0,0xf0,
    0xf0,0xff,0x80,0xc0,0xe0,0xe0,0xe1,0xff,0x00,0x00,0xc0,0xc1,0xe3,0xff,0x00,0x00,
    0x01,0x03,0xc7,0xff,0x01,0x01,0x03,0x07,0x0f,0xff,0x03,0x03,0x07,0x0f,0x7f,0xff,
    0xf8,0xf8,0xf8,0xf8,0xf8,0xfc,0xf0,0xf0,0xf0,0xf0,0xf0,0xf8,0xf0,0xf0,0xf0,0xf0,
    0xf0,0xf1,0xe0,0xe0,0xe0,0xe0,0xe1,0xe3,0xe0,0xe0,0xe0,0xe1,0xc3,0xe7,0x40,0x40,
    0x41,0x43,0x07,0x4f,0x00,0x00,0x00,0x00,0x00,0x00,0x00,0x00,0x00,0x00,0x00,0x00,
    0xf8,0xf8,0xf8,0xf8,0xf8,0xfc,0xf0,0xf0,0xf0,0xf0,0xf0,0xf8,0xf0,0xf0,0xf0,0xf0,
    0xf0,0xf1,0xe0,0xe0,0xe0,0xe0,0xe1,0xe3,0xe0,0xe0,0xe0,0xe1,0xe3,0xc7,0x40,0x40,
    0x41,0x43,0x47,0x0f,0x00,0x00,0x00,0x00,0x00,0x00,0x00,0x00,0x00,0x00,0x00,0x00,
    0x00,0x00,0x00,0x00,0x00,0x00,0x00,0x00,0x00,0x00,0x00,0x00,0xf3,0xff,0xff,0xff,
    0xff,0xff,0xe3,0xff,0xff,0xff,0xff,0xff,0xc7,0xff,0xff,0xff,0xff,0xff,0x8f,0xff,
    0xff,0xff,0xff,0xff,0x1f,0xff,0xff,0xff,0xff,0xff,0x3f,0xff,0xff,0xff,0xff,0xff,
    0x00,0x00,0x00,0x00,0x00,0x00,0x00,0x00,0x00,0x00,0x00,0x00,0x00,0x00,0xff,0xff,
    0xff,0xff,0x02,0x00,0xff,0xff,0xff,0xff,0x06,0x02,0xff,0xff,0xff,0xff,0x0e,0x06,
    0xff,0xff,0xff,0xff,0x0e,0x0e,0xff,0xff,0xff,0xff,0x0f,0x0f,0xff,0xff,0xff,0xff,
    0x80,0x80,0xc0,0xff,0xff,0xff,0x00,0x00,0x80,0xff,0xff,0xff,0x00,0x00,0x00,0xff,
    0xff,0xff,0x00,0x00,0x00,0xff,0xff,0xff,0x02,0x00,0x00,0xff,0xff,0xff,0x06,0x02,
    0x00,0xff,0xff,0xff,0x0e,0x06,0x03,0xff,0xff,0xff,0x0f,0x0f,0x07,0xff,0xff,0xff,
    0x80,0x80,0xc0,0xe0,0xff,0xff,0x00,0x00,0x80,0xc0,0xff,0xff,0x00,0x00,0x00,0x80,
    0xff,0xff,0x00,0x00,0x00,0x00,0xff,0xff,0x02,0x00,0x00,0x00,0xff,0xff,0x06,0x02,
    0x00,0x01,0xff,0xff,0x0e,0x06,0x03,0x03,0xff,0xff,0x0f,0x0f,0x07,0x07,0xff,0xff,
    0x80,0x80,0xc0,0xe0,0xf0,0xff,0x00,0x00,0x80,0xc0,0xe0,0xff,0x00,0x00,0x00,0x80,
    0xc0,0xff,0x00,0x00,0x00,0x00,0x80,0xff,0x02,0x00,0x00,0x00,0x01,0xff,0x06,0x02,
    0x00,0x01,0x03,0xff,0x0e,0x06,0x03,0x03,0x07,0xff,0x0f,0x0f,0x07,0x07,0x0f,0xff,
    0x80,0x80,0xc0,0xe0,0xf0,0xf8,0x00,0x00,0x80,0xc0,0xe0,0xf0,0x00,0x00,0x00,0x80,
    0xc0,0xe0,0x00,0x00,0x00,0x00,0x80,0xc1,0x02,0x00,0x00,0x00,0x01,0x83,0x06,0x02,
    0x00,0x01,0x03,0x07,0x0e,0x06,0x03,0x03,0x07,0x0f,0x0f,0x0f,0x07,0x07,0x0f,0x1f,
    0x80,0x80,0xc0,0xe0,0xf0,0xf8,0x00,0x00,0x80,0xc0,0xe0,0xf0,0x00,0x00,0x00,0x80,
    0xc0,0xe0,0x00,0x00,0x00,0x00,0x80,0xc1,0x02,0x00,0x00,0x00,0x01,0x83,0x06,0x02,
    0x00,0x01,0x03,0x07,0x0e,0x06,0x03,0x03,0x07,0x0f,0x0f,0x0f,0x07,0x07,0x0f,0x1f,
    0x80,0x80,0xc0,0xe0,0xf0,0xf8,0x00,0x00,0x80,0xc0,0xe0,0xf0,0x00,0x00,0x00,0x80,
    0xc0,0xe0,0x00,0x00,0x00,0x00,0x80,0xc1,0x02,0x00,0x00,0x00,0x01,0x83,0x06,0x02,
    0x00,0x01,0x03,0x07,0x0e,0x06,0x03,0x03,0x07,0x0f,0x0f,0x0f,0x07,0x07,0x0f,0x1f,
    0x00,0x00,0x00,0x00,0x00,0x00,0x00,0x00,0x00,0x00,0x00,0x00,0x00,0x00,0x00,0x00,
    0x00,0x00,0xe7,0xff,0xff,0xff,0xff,0xff,0xc7,0xff,0xff,0xff,0xff,0xff,0x8f,0xff,
    0xff,0xff,0xff,0xff,0x1f,0xff,0xff,0xff,0xff,0xff,0x3f,0xff,0xff,0xff,0xff,0xff,
    0x00,0x00,0x00,0x00,0x00,0x00,0x00,0x00,0x00,0x00,0x00,0x00,0x00,0x00,0x00,0x00,
    0x00,0x00,0x02,0x00,0xff,0xff,0xff,0xff,0x06,0x02,0xff,0xff,0xff,0xff,0x0e,0x06,
    0xff,0xff,0xff,0xff,0x1e,0x0e,0xff,0xff,0xff,0xff,0x1f,0x1f,0xff,0xff,0xff,0xff,
    0x80,0x80,0xc0,0xff,0xff,0xff,0x00,0x00,0x80,0xff,0xff,0xff,0x00,0x00,0x00,0xff,
    0xff,0xff,0x00,0x00,0x00,0xff,0xff,0xff,0x02,0x00,0x00,0xff,0xff,0xff,0x06,0x02,
    0x00,0xff,0xff,0xff,0x0e,0x06,0x03,0xff,0xff,0xff,0x1f,0x0f,0x07,0xff,0xff,0xff,
    0x80,0x80,0xc0,0xe0,0xff,0xff,0x00,0x00,0x80,0xc0,0xff,0xff,0x00,0x00,0x00,0x80,
    0xff,0xff,0x00,0x00,0x00,0x00,0xff,0xff,0x02,0x00,0x00,0x00,0xff,0xff,0x06,0x02,
    0x00,0x01,0xff,0xff,0x0e,0x06,0x03,0x03,0xff,0xff,0x1f,0x0f,0x07,0x07,0xff,0xff,
    0x80,0x80,0xc0,0xe0,0xf0,0xff,0x00,0x00,0x80,0xc0,0xe0,0xff,0x00,0x00,0x00,0x80,
    0xc0,0xff,0x00,0x00,0x00,0x00,0x80,0xff,0x02,0x00,0x00,0x00,0x01,0xff,0x06,0x02,
    0x00,0x01,0x03,0xff,0x0e,0x06,0x03,0x03,0x07,0xff,0x1f,0x0f,0x07,0x07,0x0f,0xff,
    0x80,0x80,0xc0,0xe0,0xf0,0xf8,0x00,0x00,0x80,0xc0,0xe0,0xf0,0x00,0x00,0x00,0x80,
    0xc0,0xe0,0x00,0x00,0x00,0x00,0x80,0xc1,0x02,0x00,0x00,0x00,0x01,0x83,0x06,0x02,
    0x00,0x01,0x03,0x07,0x0e,0x06,0x03,0x03,0x07,0x0f,0x1f,0x0f,0x07,0x07,0x0f,0x1f,
    0x80,0x80,0xc0,0xe0,0xf0,0xf8,0x00,0x00,0x80,0xc0,0xe0,0xf0,0x00,0x00,0x00,0x80,
    0xc0,0xe0,0x00,0x00,0x00,0x00,0x80,0xc1,0x02,0x00,0x00,0x00,0x01,0x83,0x06,0x02,
    0x00,0x01,0x03,0x07,0x0e,0x06,0x03,0x03,0x07,0x0f,0x1f,0x0f,0x07,0x07,0x0f,0x1f,
    0x80,0x80,0xc0,0xe0,0xf0,0xf8,0x00,0x00,0x80,0xc0,0xe0,0xf0,0x00,0x00,0x00,0x80,
    0xc0,0xe0,0x00,0x00,0x00,0x00,0x80,0xc1,0x02,0x00,0x00,0x00,0x01,0x83,0x06,0x02,
    0x00,0x01,0x03,0x07,0x0e,0x06,0x03,0x03,0x07,0x0f,0x1f,0x0f,0x07,0x07,0x0f,0x1f,
    0xfe,0xff,0xff,0xff,0xff,0xff,0x00,0x00,0x00,0x00,0x00,0x00,0x00,0x00,0x00,0x00,
    0x00,0x00,0x00,0x00,0x00,0x00,0x00,0x00,0xcf,0xff,0xff,0xff,0xff,0xff,0x8f,0xff,
    0xff,0xff,0xff,0xff,0x1f,0xff,0xff,0xff,0xff,0xff,0x3f,0xff,0xff,0xff,0xff,0xff,
    0xf4,0xe8,0xff,0xff,0xff,0xff,0x00,0x00,0x00,0x00,0x00,0x00,0x00,0x00,0x00,0x00,
    0x00,0x00,0x00,0x00,0x00,0x00,0x00,0x00,0x04,0x02,0xff,0xff,0xff,0xff,0x0e,0x06,
    0xff,0xff,0xff,0xff,0x1e,0x0e,0xff,0xff,0xff,0xff,0x3f,0x1f,0xff,0xff,0xff,0xff,
    0xf0,0xe0,0xc0,0xff,0xff,0xff,0x00,0x00,0x80,0xff,0xff,0xff,0x00,0x00,0x00,0xff,
    0xff,0xff,0x00,0x00,0x00,0xff,0xff,0xff,0x00,0x00,0x00,0xff,0xff,0xff,0x06,0x02,
    0x00,0xff,0xff,0xff,0x0e,0x06,0x03,0xff,0xff,0xff,0x1f,0x0f,0x07,0xff,0xff,0xff,
    0xf0,0xe0,0xc0,0xe0,0xff,0xff,0x00,0x00,0x80,0xc0,0xff,0xff,0x00,0x00,0x00,0x80,
    0xff,0xff,0x00,0x00,0x00,0x00,0xff,0xff,0x00,0x00,0x00,0x00,0xff,0xff,0x06,0x02,
    0x00,0x01,0xff,0xff,0x0e,0x06,0x03,0x03,0xff,0xff,0x1f,0x0f,0x07,0x07,0xff,0xff,
    0xf0,0xe0,0xc0,0xe0,0xf0,0xff,0x00,0x00,0x80,0xc0,0xe0,0xff,0x00,0x00,0x00,0x80,
    0xc0,0xff,0x00,0x00,0x00,0x00,0x80,0xff,0x00,0x00,0x00,0x00,0x01,0xff,0x06,0x02,
    0x00,0x01,0x03,0xff,0x0e,0x06,0x03,0x03,0x07,0xff,0x1f,0x0f,0x07,0x07,0x0f,0xff,
    0xf0,0xe0,0xc0,0xe0,0xf0,0xf8,0x00,0x00,0x80,0xc0,0xe0,0xf0,0x00,0x00,0x00,0x80,
    0xc0,0xe0,0x00,0x00,0x00,0x00,0x80,0xc1,0x00,0x00,0x00,0x00,0x01,0x83,0x06,0x02,
    0x00,0x01,0x03,0x07,0x0e,0x06,0x03,0x03,0x07,0x0f,0x1f,0x0f,0x07,0x07,0x0f,0x1f,
    0xf0,0xe0,0xc0,0xe0,0xf0,0xf8,0x00,0x00,0x80,0xc0,0xe0,0xf0,0x00,0x00,0x00,0x80,
    0xc0,0xe0,0x00,0x00,0x00,0x00,0x80,0xc1,0x00,0x00,0x00,0x00,0x01,0x83,0x06,0x02,
    0x00,0x01,0x03,0x07,0x0e,0x06,0x03,0x03,0x07,0x0f,0x1f,0x0f,0x07,0x07,0x0f,0x1f,
    0xf0,0xe0,0xc0,0xe0,0xf0,0xf8,0x00,0x00,0x80,0xc0,0xe0,0xf0,0x00,0x00,0x00,0x80,
    0xc0,0xe0,0x00,0x00,0x00,0x00,0x80,0xc1,0x00,0x00,0x00,0x00,0x01,0x83,0x06,0x02,
    0x00,0x01,0x03,0x07,0x0e,0x06,0x03,0x03,0x07,0x0f,0x1f,0x0f,0x07,0x07,0x0f,0x1f,
    0xfc,0xff,0xff,0xff,0xff,0xff,0xfc,0xff,0xff,0xff,0xff,0xff,0x00,0x00,0x00,0x00,
    0x00,0x00,0x00,0x00,0x00,0x00,0x00,0x00,0x00,0x00,0x00,0x00,0x00,0x00,0x9f,0xff,
    0xff,0xff,0xff,0xff,0x1f,0xff,0xff,0xff,0xff,0xff,0x3f,0xff,0xff,0xff,0xff,0xff,
    0xfc,0xf8,0xff,0xff,0xff,0xff,0x68,0x50,0xff,0xff,0xff,0xff,0x00,0x00,0x00,0x00,
    0x00,0x00,0x00,0x00,0x00,0x00,0x00,0x00,0x00,0x00,0x00,0x00,0x00,0x00,0x0a,0x04,
    0xff,0xff,0xff,0xff,0x1e,0x0e,0xff,0xff,0xff,0xff,0x3f,0x1f,0xff,0xff,0xff,0xff,
    0xf8,0xf0,0xe0,0xff,0xff,0xff,0x60,0x40,0x80,0xff,0xff,0xff,0x00,0x00,0x00,0xff,
    0xff,0xff,0x00,0x00,0x00,0xff,0xff,0xff,0x00,0x00,0x00,0xff,0xff,0xff,0x02,0x00,
    0x00,0xff,0xff,0xff,0x0e,0x06,0x03,0xff,0xff,0xff,0x1f,0x0f,0x07,0xff,0xff,0xff,
    0xf8,0xf0,0xe0,0xe0,0xff,0xff,0x60,0x40,0x80,0xc0,0xff,0xff,0x00,0x00,0x00,0x80,
    0xff,0xff,0x00,0x00,0x00,0x00,0xff,0xff,0x00,0x00,0x00,0x00,0xff,0xff,0x02,0x00,
    0x00,0x01,0xff,0xff,0x0e,0x06,0x03,0x03,0xff,0xff,0x1f,0x0f,0x07,0x07,0xff,0xff,
    0xf8,0xf0,0xe0,0xe0,0xf0,0xff,0x60,0x40,0x80,0xc0,0xe0,0xff,0x00,0x00,0x00,0x80,
    0xc0,0xff,0x00,0x00,0x00,0x00,0x80,0xff,0x00,0x00,0x00,0x00,0x01,0xff,0x02,0x00,
    0x00,0x01,0x03,0xff,0x0e,0x06,0x03,0x03,0x07,0xff,0x1f,0x0f,0x07,0x07,0x0f,0xff,
    0xf8,0xf0,0xe0,0xe0,0xf0,0xf8,0x60,0x40,0x80,0xc0,0xe0,0xf0,0x00,0x00,0x00,0x80,
    0xc0,0xe0,0x00,0x00,0x00,0x00,0x80,0xc1,0x00,0x00,0x00,0x00,0x01,0x83,0x02,0x00,
    0x00,0x01,0x03,0x07,0x0e,0x06,0x03,0x03,0x07,0x0f,0x1f,0x0f,0x07,0x07,0x0f,0x1f,
    0xf8,0xf0,0xe0,0xe0,0xf0,0xf8,0x60,0x40,0x80,0xc0,0xe0,0xf0,0x00,0x00,0x00,0x80,
    0xc0,0xe0,0x00,0x00,0x00,0x00,0x80,0xc1,0x00,0x00,0x00,0x00,0x01,0x83,0x02,0x00,
    0x00,0x01,0x03,0x07,0x0e,0x06,0x03,0x03,0x07,0x0f,0x1f,0x0f,0x07,0x07,0x0f,0x1f,
    0xf8,0xf0,0xe0,0xe0,0xf0,0xf8,0x60,0x40,0x80,0xc0,0xe0,0xf0,0x00,0x00,0x00,0x80,
    0xc0,0xe0,0x00,0x00,0x00,0x00,0x80,0xc1,0x00,0x00,0x00,0x00,0x01,0x83,0x02,0x00,
    0x00,0x01,0x03,0x07,0x0e,0x06,0x03,0x03,0x07,0x0f,0x1f,0x0f,0x07,0x07,0x0f,0x1f,
    0xfc,0xff,0xff,0xff,0xff,0xff,0xf8,0xff,0xff,0xff,0xff,0xff,0xf9,0xff,0xff,0xff,
    0xff,0xff,0x00,0x00,0x00,0x00,0x00,0x00,0x00,0x00,0x00,0x00,0x00,0x00,0x00,0x00,
    0x00,0x00,0x00,0x00,0x3f,0xff,0xff,0xff,0xff,0xff,0x3f,0xff,0xff,0xff,0xff,0xff,
    0xfc,0xf8,0xff,0xff,0xff,0xff,0x78,0x70,0xff,0xff,0xff,0xff,0x50,0x20,0xff,0xff,
    0xff,0xff,0x00,0x00,0x00,0x00,0x00,0x00,0x00,0x00,0x00,0x00,0x00,0x00,0x00,0x00,
    0x00,0x00,0x00,0x00,0x16,0x0a,0xff,0xff,0xff,0xff,0x3f,0x1f,0xff,0xff,0xff,0xff,
    0xf8,0xf0,0xe0,0xff,0xff,0xff,0x70,0x60,0xc0,0xff,0xff,0xff,0x40,0x00,0x00,0xff,
    0xff,0xff,0x00,0x00,0x00,0xff,0xff,0xff,0x00,0x00,0x00,0xff,0xff,0xff,0x00,0x00,
    0x00,0xff,0xff,0xff,0x06,0x02,0x01,0xff,0xff,0xff,0x1f,0x0f,0x07,0xff,0xff,0xff,
    0xf8,0xf0,0xe0,0xe0,0xff,0xff,0x70,0x60,0xc0,0xc0,0xff,0xff,0x40,0x00,0x00,0x80,
    0xff,0xff,0x00,0x00,0x00,0x00,0xff,0xff,0x00,0x00,0x00,0x00,0xff,0xff,0x00,0x00,
    0x00,0x01,0xff,0xff,0x06,0x02,0x01,0x03,0xff,0xff,0x1f,0x0f,0x07,0x07,0xff,0xff,
    0xf8,0xf0,0xe0,0xe0,0xf0,0xff,0x70,0x60,0xc0,0xc0,0xe0,0xff,0x40,0x00,0x00,0x80,
    0xc0,0xff,0x00,0x00,0x00,0x00,0x80,0xff,0x00,0x00,0x00,0x00,0x01,0xff,0x00,0x00,
    0x00,0x01,0x03,0xff,0x06,0x02,0x01,0x03,0x07,0xff,0x1f,0x0f,0x07,0x07,0x0f,0xff,
    0xf8,0xf0,0xe0,0xe0,0xf0,0xf8,0x70,0x60,0xc0,0xc0,0xe0,0xf0,0x40,0x00,0x00,0x80,
    0xc0,0xe0,0x00,0x00,0x00,0x00,0x80,0xc1,0x00,0x00,0x00,0x00,0x01,0x83,0x00,0x00,
    0x00,0x01,0x03,0x07,0x06,0x02,0x01,0x03,0x07,0x0f,0x1f,0x0f,0x07,0x07,0x0f,0x1f,
    0xf8,0xf0,0xe0,0xe0,0xf0,0xf8,0x70,0x60,0xc0,0xc0,0xe0,0xf0,0x40,0x00,0x00,0x80,
    0xc0,0xe0,0x00,0x00,0x00,0x00,0x80,0xc1,0x00,0x00,0x00,0x00,0x01,0x83,0x00,0x00,
    0x00,0x01,0x03,0x07,0x06,0x02,0x01,0x03,0x07,0x0f,0x1f,0x0f,0x07,0x07,0x0f,0x1f,
    0xf8,0xf0,0xe0,0xe0,0xf0,0xf8,0x70,0x60,0xc0,0xc0,0xe0,0xf0,0x40,0x00,0x00,0x80,
    0xc0,0xe0,0x00,0x00,0x00,0x00,0x80,0xc1,0x00,0x00,0x00,0x00,0x01,0x83,0x00,0x00,
    0x00,0x01,0x03,0x07,0x06,0x02,0x01,0x03,0x07,0x0f,0x1f,0x0f,0x07,0x07,0x0f,0x1f,
    0xfc,0xff,0xff,0xff,0xff,0xff,0xf8,0xff,0xff,0xff,0xff,0xff,0xf1,0xff,0xff,0xff,
    0xff,0xff,0xf3,0xff,0xff,0xff,0xff,0xff,0x00,0x00,0x00,0x00,0x00,0x00,0x00,0x00,
    0x00,0x00,0x00,0x00,0x00,0x00,0x00,0x00,0x00,0x00,0x7f,0xff,0xff,0xff,0xff,0xff,
    0xfc,0xf8,0xff,0xff,0xff,0xff,0x78,0x70,0xff,0xff,0xff,0xff,0x70,0x60,0xff,0xff,
    0xff,0xff,0x20,0x40,0xff,0xff,0xff,0xff,0x00,0x00,0x00,0x00,0x00,0x00,0x00,0x00,
    0x00,0x00,0x00,0x00,0x00,0x00,0x00,0x00,0x00,0x00,0x2f,0x17,0xff,0xff,0xff,0xff,
    0xf8,0xf0,0xe0,0xff,0xff,0xff,0x70,0x60,0xc0,0xff,0xff,0xff,0x60,0x40,0x00,0xff,
    0xff,0xff,0x00,0x00,0x00,0xff,0xff,0xff,0x00,0x00,0x00,0xff,0xff,0xff,0x00,0x00,
    0x00,0xff,0xff,0xff,0x00,0x00,0x01,0xff,0xff,0xff,0x0f,0x07,0x03,0xff,0xff,0xff,
    0xf8,0xf0,0xe0,0xe0,0xff,0xff,0x70,0x60,0xc0,0xc0,0xff,0xff,0x60,0x40,0x00,0x80,
    0xff,0xff,0x00,0x00,0x00,0x00,0xff,0xff,0x00,0x00,0x00,0x00,0xff,0xff,0x00,0x00,
    0x00,0x01,0xff,0xff,0x00,0x00,0x01,0x03,0xff,0xff,0x0f,0x07,0x03,0x07,0xff,0xff,
    0xf8,0xf0,0xe0,0xe0,0xf0,0xff,0x70,0x60,0xc0,0xc0,0xe0,0xff,0x60,0x40,0x00,0x80,
    0xc0,0xff,0x00,0x00,0x00,0x00,0x80,0xff,0x00,0x00,0x00,0x00,0x01,0xff,0x00,0x00,
    0x00,0x01,0x03,0xff,0x00,0x00,0x01,0x03,0x07,0xff,0x0f,0x07,0x03,0x07,0x0f,0xff,
    0xf8,0xf0,0xe0,0xe0,0xf0,0xf8,0x70,0x60,0xc0,0xc0,0xe0,0xf0,0x60,0x40,0x00,0x80,
    0xc0,0xe0,0x00,0x00,0x00,0x00,0x80,0xc1,0x00,0x00,0x00,0x00,0x01,0x83,0x00,0x00,
    0x00,0x01,0x03,0x07,0x00,0x00,0x01,0x03,0x07,0x0f,0x0f,0x07,0x03,0x07,0x0f,0x1f,
    0xf8,0xf0,0xe0,0xe0,0xf0,0xf8,0x70,0x60,0xc0,0xc0,0xe0,0xf0,0x60,0x40,0x00,0x80,
    0xc0,0xe0,0x00,0x00,0x00,0x00,0x80,0xc1,0x00,0x00,0x00,0x00,0x01,0x83,0x00,0x00,
    0x00,0x01,0x03,0x07,0x00,0x00,0x01,0x03,0x07,0x0f,0x0f,0x07,0x03,0x07,0x0f,0x1f,
    0xf8,0xf0,0xe0,0xe0,0xf0,0xf8,0x70,0x60,0xc0,0xc0,0xe0,0xf0,0x60,0x40,0x00,0x80,
    0xc0,0xe0,0x00,0x00,0x00,0x00,0x80,0xc1,0x00,0x00,0x00,0x00,0x01,0x83,0x00,0x00,
    0x00,0x01,0x03,0x07,0x00,0x00,0x01,0x03,0x07,0x0f,0x0f,0x07,0x03,0x07,0x0f,0x1f,
    0xfc,0xff,0xff,0xff,0xff,0xff,0xf8,0xff,0xff,0xff,0xff,0xff,0xf1,0xff,0xff,0xff,
    0xff,0xff,0xe3,0xff,0xff,0xff,0xff,0xff,0xe7,0xff,0xff,0xff,0xff,0xff,0x00,0x00,
    0x00,0x00,0x00,0x00,0x00,0x00,0x00,0x00,0x00,0x00,0x00,0x00,0x00,0x00,0x00,0x00,
    0xf8,0xf8,0xff,0xff,0xff,0xff,0x78,0x70,0xff,0xff,0xff,0xff,0x70,0x60,0xff,0xff,
    0xff,0xff,0x60,0x40,0xff,0xff,0xff,0xff,0x40,0x00,0xff,0xff,0xff,0xff,0x00,0x00,
    0x00,0x00,0x00,0x00,0x00,0x00,0x00,0x00,0x00,0x00,0x00,0x00,0x00,0x00,0x00,0x00,
    0xf8,0xf0,0xe0,0xff,0xff,0xff,0x70,0x60,0xc0,0xff,0xff,0xff,0x60,0x40,0x00,0xff,
    0xff,0xff,0x40,0x00,0x00,0xff,0xff,0xff,0x00,0x00,0x00,0xff,0xff,0xff,0x00,0x00,
    0x00,0xff,0xff,0xff,0x00,0x00,0x01,0xff,0xff,0xff,0x01,0x01,0x03,0xff,0xff,0xff,
    0xf8,0xf0,0xe0,0xe0,0xff,0xff,0x70,0x60,0xc0,0xc0,0xff,0xff,0x60,0x40,0x00,0x80,
    0xff,0xff,0x40,0x00,0x00,0x00,0xff,0xff,0x00,0x00,0x00,0x00,0xff,0xff,0x00,0x00,
    0x00,0x01,0xff,0xff,0x00,0x00,0x01,0x03,0xff,0xff,0x01,0x01,0x03,0x07,0xff,0xff,
    0xf8,0xf0,0xe0,0xe0,0xf0,0xff,0x70,0x60,0xc0,0xc0,0xe0,0xff,0x60,0x40,0x00,0x80,
    0xc0,0xff,0x40,0x00,0x00,0x00,0x80,0xff,0x00,0x00,0x00,0x00,0x01,0xff,0x00,0x00,
    0x00,0x01,0x03,0xff,0x00,0x00,0x01,0x03,0x07,0xff,0x01,0x01,0x03,0x07,0x0f,0xff,
    0xf8,0xf0,0xe0,0xe0,0xf0,0xf8,0x70,0x60,0xc0,0xc0,0xe0,0xf0,0x60,0x40,0x00,0x80,
    0xc0,0xe0,0x40,0x00,0x00,0x00,0x80,0xc1,0x00,0x00,0x00,0x00,0x01,0x83,0x00,0x00,
    0x00,0x01,0x03,0x07,0x00,0x00,0x01,0x03,0x07,0x0f,0x01,0x01,0x03,0x07,0x0f,0x1f,
    0xf8,0xf0,0xe0,0xe0,0xf0,0xf8,0x70,0x60,0xc0,0xc0,0xe0,0xf0,0x60,0x40,0x00,0x80,
    0xc0,0xe0,0x40,0x00,0x00,0x00,0x80,0xc1,0x00,0x00,0x00,0x00,0x01,0x83,0x00,0x00,
    0x00,0x01,0x03,0x07,0x00,0x00,0x01,0x03,0x07,0x0f,0x01,0x01,0x03,0x07,0x0f,0x1f,
    0xf8,0xf0,0xe0,0xe0,0xf0,0xf8,0x70,0x60,0xc0,0xc0,0xe0,0xf0,0x60,0x40,0x00,0x80,
    0xc0,0xe0,0x40,0x00,0x00,0x00,0x80,0xc1,0x00,0x00,0x00,0x00,0x01,0x83,0x00,0x00,
    0x00,0x01,0x03,0x07,0x00,0x00,0x01,0x03,0x07,0x0f,0x01,0x01,0x03,0x07,0x0f,0x1f,
    0xfc,0xff,0xff,0xff,0xff,0xff,0xf8,0xff,0xff,0xff,0xff,0xff,0xf1,0xff,0xff,0xff,
    0xff,0xff,0xe3,0xff,0xff,0xff,0xff,0xff,0xc7,0xff,0xff,0xff,0xff,0xff,0xcf,0xff,
    0xff,0xff,0xff,0xff,0x00,0x00,0x00,0x00,0x00,0x00,0x00,0x00,0x00,0x00,0x00,0x00,
    0xf0,0xf0,0xff,0xff,0xff,0xff,0x70,0x70,0xff,0xff,0xff,0xff,0x70,0x60,0xff,0xff,
    0xff,0xff,0x60,0x40,0xff,0xff,0xff,0xff,0x40,0x00,0xff,0xff,0xff,0xff,0x00,0x00,
    0xff,0xff,0xff,0xff,0x00,0x00,0x00,0x00,0x00,0x00,0x00,0x00,0x00,0x00,0x00,0x00,
    0xf0,0xf0,0xe0,0xff,0xff,0xff,0x70,0x60,0xc0,0xff,0xff,0xff,0x60,0x40,0x00,0xff,
    0xff,0xff,0x40,0x00,0x00,0xff,0xff,0xff,0x00,0x00,0x00,0xff,0xff,0xff,0x00,0x00,
    0x00,0xff,0xff,0xff,0x00,0x00,0x01,0xff,0xff,0xff,0x01,0x01,0x03,0xff,0xff,0xff,
    0xf0,0xf0,0xe0,0xe0,0xff,0xff,0x70,0x60,0xc0,0xc0,0xff,0xff,0x60,0x40,0x00,0x80,
    0xff,0xff,0x40,0x00,0x00,0x00,0xff,0xff,0x00,0x00,0x00,0x00,0xff,0xff,0x00,0x00,
    0x00,0x01,0xff,0xff,0x00,0x00,0x01,0x03,0xff,0xff,0x01,0x01,0x03,0x07,0xff,0xff,
    0xf0,0xf0,0xe0,0xe0,0xf0,0xff,0x70,0x60,0xc0,0xc0,0xe0,0xff,0x60,0x40,0x00,0x80,
    0xc0,0xff,0x40,0x00,0x00,0x00,0x80,0xff,0x00,0x00,0x00,0x00,0x01,0xff,0x00,0x00,
    0x00,0x01,0x03,0xff,0x00,0x00,0x01,0x03,0x07,0xff,0x01,0x01,0x03,0x07,0x0f,0xff,
    0xf0,0xf0,0xe0,0xe0,0xf0,0xf8,0x70,0x60,0xc0,0xc0,0xe0,0xf0,0x60,0x40,0x00,0x80,
    0xc0,0xe0,0x40,0x00,0x00,0x00,0x80,0xc1,0x00,0x00,0x00,0x00,0x01,0x83,0x00,0x00,
    0x00,0x01,0x03,0x07,0x00,0x00,0x01,0x03,0x07,0x0f,0x01,0x01,0x03,0x07,0x0f,0x1f,
    0xf0,0xf0,0xe0,0xe0,0xf0,0xf8,0x70,0x60,0xc0,0xc0,0xe0,0xf0,0x60,0x40,0x00,0x80,
    0xc0,0xe0,0x40,0x00,0x00,0x00,0x80,0xc1,0x00,0x00,0x00,0x00,0x01,0x83,0x00,0x00,
    0x00,0x01,0x03,0x07,0x00,0x00,0x01,0x03,0x07,0x0f,0x01,0x01,0x03,0x07,0x0f,0x1f,
    0xf0,0xf0,0xe0,0xe0,0xf0,0xf8,0x70,0x60,0xc0,0xc0,0xe0,0xf0,0x60,0x40,0x00,0x80,
    0xc0,0xe0,0x40,0x00,0x00,0x00,0x80,0xc1,0x00,0x00,0x00,0x00,0x01,0x83,0x00,0x00,
    0x00,0x01,0x03,0x07,0x00,0x00,0x01,0x03,0x07,0x0f,0x01,0x01,0x03,0x07,0x0f,0x1f,
    0x00,0x00,0x00,0x00,0x00,0x00,0x00,0x00,0x00,0x00,0x00,0x00,0xf2,0xff,0xff,0xff,
    0xff,0xff,0xe2,0xff,0xff,0xff,0xff,0xff,0xc6,0xff,0xff,0xff,0xff,0xff,0x8e,0xff,
    0xff,0xff,0xff,0xff,0x1e,0xff,0xff,0xff,0xff,0xff,0x3e,0xff,0xff,0xff,0xff,0xff,
    0x00,0x00,0x00,0x00,0x00,0x00,0x00,0x00,0x00,0x00,0x00,0x00,0x02,0x02,0xff,0xff,
    0xff,0xff,0x02,0x02,0xff,0xff,0xff,0xff,0x06,0x07,0xff,0xff,0xff,0xff,0x0e,0x07,
    0xff,0xff,0xff,0xff,0x0e,0x0f,0xff,0xff,0xff,0xff,0x0e,0x0f,0xff,0xff,0xff,0xff,
    0x00,0x00,0x00,0x00,0x00,0x00,0x00,0x00,0x00,0x00,0x00,0x00,0x00,0x00,0x00,0xff,
    0xff,0xff,0x02,0x02,0x00,0xff,0xff,0xff,0x06,0x06,0x02,0xff,0xff,0xff,0x06,0x06,
    0x06,0xff,0xff,0xff,0x0e,0x0e,0x0f,0xff,0xff,0xff,0x0e,0x0f,0x0f,0xff,0xff,0xff,
    0x80,0x80,0xc0,0xe0,0xff,0xff,0x00,0x00,0x80,0xc0,0xff,0xff,0x00,0x00,0x00,0x80,
    0xff,0xff,0x02,0x00,0x00,0x00,0xff,0xff,0x06,0x02,0x00,0x00,0xff,0xff,0x06,0x06,
    0x02,0x01,0xff,0xff,0x0e,0x0e,0x07,0x03,0xff,0xff,0x0e,0x0f,0x0f,0x07,0xff,0xff,
    0x80,0x80,0xc0,0xe0,0xf0,0xff,0x00,0x00,0x80,0xc0,0xe0,0xff,0x00,0x00,0x00,0x80,
    0xc0,0xff,0x02,0x00,0x00,0x00,0x80,0xff,0x06,0x02,0x00,0x00,0x01,0xff,0x06,0x06,
    0x02,0x01,0x03,0xff,0x0e,0x0e,0x07,0x03,0x07,0xff,0x0e,0x0f,0x0f,0x07,0x0f,0xff,
    0x80,0x80,0xc0,0xe0,0xf0,0xf8,0x00,0x00,0x80,0xc0,0xe0,0xf0,0x00,0x00,0x00,0x80,
    0xc0,0xe0,0x02,0x00,0x00,0x00,0x80,0xc1,0x06,0x02,0x00,0x00,0x01,0x83,0x06,0x06,
    0x02,0x01,0x03,0x07,0x0e,0x0e,0x07,0x03,0x07,0x0f,0x0e,0x0f,0x0f,0x07,0x0f,0x1f,
    0x80,0x80,0xc0,0xe0,0xf0,0xf8,0x00,0x00,0x80,0xc0,0xe0,0xf0,0x00,0x00,0x00,0x80,
    0xc0,0xe0,0x02,0x00,0x00,0x00,0x80,0xc1,0x06,0x02,0x00,0x00,0x01,0x83,0x06,0x06,
    0x02,0x01,0x03,0x07,0x0e,0x0e,0x07,0x03,0x07,0x0f,0x0e,0x0f,0x0f,0x07,0x0f,0x1f,
    0xfe,0x80,0xc0,0xe0,0xf0,0xf8,0x0e,0x00,0x80,0xc0,0xe0,0xf0,0x0e,0x00,0x00,0x80,
    0xc0,0xe0,0x0e,0x00,0x00,0x00,0x80,0xc1,0x0e,0x02,0x00,0x00,0x01,0x83,0x0e,0x06,
    0x02,0x01,0x03,0x07,0x0e,0x0e,0x07,0x03,0x07,0x0f,0x0e,0x0f,0x0f,0x07,0x0f,0x1f,
    0x00,0x00,0x00,0x00,0x00,0x00,0x00,0x00,0x00,0x00,0x00,0x00,0x00,0x00,0x00,0x00,
    0x00,0x00,0xe5,0xff,0xff,0xff,0xff,0xff,0xc5,0xff,0xff,0xff,0xff,0xff,0x8d,0xff,
    0xff,0xff,0xff,0xff,0x1d,0xff,0xff,0xff,0xff,0xff,0x3d,0xff,0xff,0xff,0xff,0xff,
    0x00,0x00,0x00,0x00,0x00,0x00,0x00,0x00,0x00,0x00,0x00,0x00,0x00,0x00,0x00,0x00,
    0x00,0x00,0x05,0x07,0xff,0xff,0xff,0xff,0x05,0x07,0xff,0xff,0xff,0xff,0x0d,0x0f,
    0xff,0xff,0xff,0xff,0x1d,0x0f,0xff,0xff,0xff,0xff,0x1d,0x1f,0xff,0xff,0xff,0xff,
    0x00,0x00,0x00,0x00,0x00,0x00,0x00,0x00,0x00,0x00,0x00,0x00,0x00,0x00,0x00,0x00,
    0x00,0x00,0x00,0x02,0x00,0xff,0xff,0xff,0x04,0x06,0x02,0xff,0xff,0xff,0x0c,0x0e,
    0x06,0xff,0xff,0xff,0x0c,0x0e,0x0f,0xff,0xff,0xff,0x1d,0x1f,0x1f,0xff,0xff,0xff,
    0x80,0x80,0xc0,0xe0,0xff,0xff,0x00,0x00,0x80,0xc0,0xff,0xff,0x00,0x00,0x00,0x80,
    0xff,0xff,0x00,0x00,0x00,0x00,0xff,0xff,0x04,0x02,0x00,0x00,0xff,0xff,0x0c,0x06,
    0x02,0x01,0xff,0xff,0x0c,0x0e,0x07,0x03,0xff,0xff,0x1d,0x1f,0x0f,0x07,0xff,0xff,
    0x80,0x80,0xc0,0xe0,0xf0,0xff,0x00,0x00,0x80,0xc0,0xe0,0xff,0x00,0x00,0x00,0x80,
    0xc0,0xff,0x00,0x00,0x00,0x00,0x80,0xff,0x04,0x02,0x00,0x00,0x01,0xff,0x0c,0x06,
    0x02,0x01,0x03,0xff,0x0c,0x0e,0x07,0x03,0x07,0xff,0x1d,0x1f,0x0f,0x07,0x0f,0xff,
    0x80,0x80,0xc0,0xe0,0xf0,0xf8,0x00,0x00,0x80,0xc0,0xe0,0xf0,0x00,0x00,0x00,0x80,
    0xc0,0xe0,0x00,0x00,0x00,0x00,0x80,0xc1,0x04,0x02,0x00,0x00,0x01,0x83,0x0c,0x06,
    0x02,0x01,0x03,0x07,0x0c,0x0e,0x07,0x03,0x07,0x0f,0x1d,0x1f,0x0f,0x07,0x0f,0x1f,
    0x80,0x80,0xc0,0xe0,0xf0,0xf8,0x00,0x00,0x80,0xc0,0xe0,0xf0,0x00,0x00,0x00,0x80,
    0xc0,0xe0,0x00,0x00,0x00,0x00,0x80,0xc1,0x04,0x02,0x00,0x00,0x01,0x83,0x0c,0x06,
    0x02,0x01,0x03,0x07,0x0c,0x0e,0x07,0x03,0x07,0x0f,0x1d,0x1f,0x0f,0x07,0x0f,0x1f,
    0xfc,0x80,0xc0,0xe0,0xf0,0xf8,0x7c,0x00,0x80,0xc0,0xe0,0xf0,0x1c,0x00,0x00,0x80,
    0xc0,0xe0,0x1c,0x00,0x00,0x00,0x80,0xc1,0x1c,0x02,0x00,0x00,0x01,0x83,0x1c,0x06,
    0x02,0x01,0x03,0x07,0x1c,0x0e,0x07,0x03,0x07,0x0f,0x1d,0x1f,0x0f,0x07,0x0f,0x1f,
    0xfa,0xff,0xff,0xff,0xff,0xff,0x00,0x00,0x00,0x00,0x00,0x00,0x00,0x00,0x00,0x00,
    0x00,0x00,0x00,0x00,0x00,0x00,0x00,0x00,0xcb,0xff,0xff,0xff,0xff,0xff,0x8b,0xff,
    0xff,0xff,0xff,0xff,0x1b,0xff,0xff,0xff,0xff,0xff,0x3b,0xff,0xff,0xff,0xff,0xff,
    0xfa,0xfe,0xff,0xff,0xff,0xff,0x00,0x00,0x00,0x00,0x00,0x00,0x00,0x00,0x00,0x00,
    0x00,0x00,0x00,0x00,0x00,0x00,0x00,0x00,0x0b,0x0f,0xff,0xff,0xff,0xff,0x0b,0x0f,
    0xff,0xff,0xff,0xff,0x1b,0x1f,0xff,0xff,0xff,0xff,0x3b,0x1f,0xff,0xff,0xff,0xff,
    0xf8,0xf4,0xe8,0xff,0xff,0xff,0x00,0x00,0x00,0x00,0x00,0x00,0x00,0x00,0x00,0x00,
    0x00,0x00,0x00,0x00,0x00,0x00,0x00,0x00,0x02,0x04,0x02,0xff,0xff,0xff,0x0a,0x0e,
    0x06,0xff,0xff,0xff,0x1a,0x1e,0x0f,0xff,0xff,0xff,0x1b,0x1f,0x1f,0xff,0xff,0xff,
    0xf8,0xf0,0xe0,0xe0,0xff,0xff,0x00,0x00,0x80,0xc0,0xff,0xff,0x00,0x00,0x00,0x80,
    0xff,0xff,0x00,0x00,0x00,0x00,0xff,0xff,0x02,0x00,0x00,0x00,0xff,0xff,0x0a,0x06,
    0x02,0x01,0xff,0xff,0x1a,0x0e,0x07,0x03,0xff,0xff,0x1b,0x1f,0x0f,0x07,0xff,0xff,
    0xf8,0xf0,0xe0,0xe0,0xf0,0xff,0x00,0x00,0x80,0xc0,0xe0,0xff,0x00,0x00,0x00,0x80,
    0xc0,0xff,0x00,0x00,0x00,0x00,0x80,0xff,0x02,0x00,0x00,0x00,0x01,0xff,0x0a,0x06,
    0x02,0x01,0x03,0xff,0x1a,0x0e,0x07,0x03,0x07,0xff,0x1b,0x1f,0x0f,0x07,0x0f,0xff,
    0xf8,0xf0,0xe0,0xe0,0xf0,0xf8,0x00,0x00,0x80,0xc0,0xe0,0xf0,0x00,0x00,0x00,0x80,
    0xc0,0xe0,0x00,0x00,0x00,0x00,0x80,0xc1,0x02,0x00,0x00,0x00,0x01,0x83,0x0a,0x06,
    0x02,0x01,0x03,0x07,0x1a,0x0e,0x07,0x03,0x07,0x0f,0x1b,0x1f,0x0f,0x07,0x0f,0x1f,
    0xf8,0xf0,0xe0,0xe0,0xf0,0xf8,0x00,0x00,0x80,0xc0,0xe0,0xf0,0x00,0x00,0x00,0x80,
    0xc0,0xe0,0x00,0x00,0x00,0x00,0x80,0xc1,0x02,0x00,0x00,0x00,0x01,0x83,0x0a,0x06,
    0x02,0x01,0x03,0x07,0x1a,0x0e,0x07,0x03,0x07,0x0f,0x1b,0x1f,0x0f,0x07,0x0f,0x1f,
    0xfa,0xf0,0xe0,0xe0,0xf0,0xf8,0x7a,0x00,0x80,0xc0,0xe0,0xf0,0x7a,0x00,0x00,0x80,
    0xc0,0xe0,0x3a,0x00,0x00,0x00,0x80,0xc1,0x3a,0x00,0x00,0x00,0x01,0x83,0x3a,0x06,
    0x02,0x01,0x03,0x07,0x3a,0x0e,0x07,0x03,0x07,0x0f,0x3b,0x1f,0x0f,0x07,0x0f,0x1f,
    0xf4,0xff,0xff,0xff,0xff,0xff,0xf4,0xff,0xff,0xff,0xff,0xff,0x00,0x00,0x00,0x00,
    0x00,0x00,0x00,0x00,0x00,0x00,0x00,0x00,0x00,0x00,0x00,0x00,0x00,0x00,0x97,0xff,
    0xff,0xff,0xff,0xff,0x17,0xff,0xff,0xff,0xff,0xff,0x37,0xff,0xff,0xff,0xff,0xff,
    0xf4,0xfc,0xff,0xff,0xff,0xff,0xf4,0xfc,0xff,0xff,0xff,0xff,0x00,0x00,0x00,0x00,
    0x00,0x00,0x00,0x00,0x00,0x00,0x00,0x00,0x00,0x00,0x00,0x00,0x00,0x00,0x17,0x1f,
    0xff,0xff,0xff,0xff,0x17,0x1f,0xff,0xff,0xff,0xff,0x37,0x3f,0xff,0xff,0xff,0xff,
    0xf4,0xfc,0xf8,0xff,0xff,0xff,0x70,0x68,0xd0,0xff,0xff,0xff,0x00,0x00,0x00,0x00,
    0x00,0x00,0x00,0x00,0x00,0x00,0x00,0x00,0x00,0x00,0x00,0x00,0x00,0x00,0x06,0x0a,
    0x04,0xff,0xff,0xff,0x16,0x1e,0x0f,0xff,0xff,0xff,0x37,0x3f,0x1f,0xff,0xff,0xff,
    0xf4,0xf8,0xf0,0xe0,0xff,0xff,0x70,0x60,0xc0,0xc0,0xff,0xff,0x00,0x00,0x00,0x80,
    0xff,0xff,0x00,0x00,0x00,0x00,0xff,0xff,0x00,0x00,0x00,0x00,0xff,0xff,0x06,0x02,
    0x00,0x01,0xff,0xff,0x16,0x0e,0x07,0x03,0xff,0xff,0x37,0x1f,0x0f,0x07,0xff,0xff,
    0xf4,0xf8,0xf0,0xe0,0xf0,0xff,0x70,0x60,0xc0,0xc0,0xe0,0xff,0x00,0x00,0x00,0x80,
    0xc0,0xff,0x00,0x00,0x00,0x00,0x80,0xff,0x00,0x00,0x00,0x00,0x01,0xff,0x06,0x02,
    0x00,0x01,0x03,0xff,0x16,0x0e,0x07,0x03,0x07,0xff,0x37,0x1f,0x0f,0x07,0x0f,0xff,
    0xf4,0xf8,0xf0,0xe0,0xf0,0xf8,0x70,0x60,0xc0,0xc0,0xe0,0xf0,0x00,0x00,0x00,0x80,
    0xc0,0xe0,0x00,0x00,0x00,0x00,0x80,0xc1,0x00,0x00,0x00,0x00,0x01,0x83,0x06,0x02,
    0x00,0x01,0x03,0x07,0x16,0x0e,0x07,0x03,0x07,0x0f,0x37,0x1f,0x0f,0x07,0x0f,0x1f,
    0xf4,0xf8,0xf0,0xe0,0xf0,0xf8,0x70,0x60,0xc0,0xc0,0xe0,0xf0,0x00,0x00,0x00,0x80,
    0xc0,0xe0,0x00,0x00,0x00,0x00,0x80,0xc1,0x00,0x00,0x00,0x00,0x01,0x83,0x06,0x02,
    0x00,0x01,0x03,0x07,0x16,0x0e,0x07,0x03,0x07,0x0f,0x37,0x1f,0x0f,0x07,0x0f,0x1f,
    0xf6,0xf8,0xf0,0xe0,0xf0,0xf8,0x76,0x60,0xc0,0xc0,0xe0,0xf0,0x76,0x00,0x00,0x80,
    0xc0,0xe0,0x76,0x00,0x00,0x00,0x80,0xc1,0x76,0x00,0x00,0x00,0x01,0x83,0x76,0x02,
    0x00,0x01,0x03,0x07,0x76,0x0e,0x07,0x03,0x07,0x0f,0x77,0x1f,0x0f,0x07,0x0f,0x1f,
    0xec,0xff,0xff,0xff,0xff,0xff,0xe8,0xff,0xff,0xff,0xff,0xff,0xe9,0xff,0xff,0xff,
    0xff,0xff,0x00,0x00,0x00,0x00,0x00,0x00,0x00,0x00,0x00,0x00,0x00,0x00,0x00,0x00,
    0x00,0x00,0x00,0x00,0x2f,0xff,0xff,0xff,0xff,0xff,0x2f,0xff,0xff,0xff,0xff,0xff,
    0xec,0xfc,0xff,0xff,0xff,0xff,0xe8,0xf8,0xff,0xff,0xff,0xff,0xe8,0xf8,0xff,0xff,
    0xff,0xff,0x00,0x00,0x00,0x00,0x00,0x00,0x00,0x00,0x00,0x00,0x00,0x00,0x00,0x00,
    0x00,0x00,0x00,0x00,0x2f,0x3f,0xff,0xff,0xff,0xff,0x2f,0x3f,0xff,0xff,0xff,0xff,
    0xec,0xfc,0xf8,0xff,0xff,0xff,0x68,0x78,0xf0,0xff,0xff,0xff,0x60,0x50,0x20,0xff,
    0xff,0xff,0x00,0x00,0x00,0x00,0x00,0x00,0x00,0x00,0x00,0x00,0x00,0x00,0x00,0x00,
    0x00,0x00,0x00,0x00,0x0e,0x16,0x0b,0xff,0xff,0xff,0x2f,0x3f,0x1f,0xff,0xff,0xff,
    0xec,0xf8,0xf0,0xe0,0xff,0xff,0x68,0x70,0xe0,0xc0,0xff,0xff,0x60,0x40,0x00,0x80,
    0xff,0xff,0x00,0x00,0x00,0x00,0xff,0xff,0x00,0x00,0x00,0x00,0xff,0xff,0x00,0x00,
    0x00,0x01,0xff,0xff,0x0e,0x06,0x03,0x03,0xff,0xff,0x2f,0x1f,0x0f,0x07,0xff,0xff,
    0xec,0xf8,0xf0,0xe0,0xf0,0xff,0x68,0x70,0xe0,0xc0,0xe0,0xff,0x60,0x40,0x00,0x80,
    0xc0,0xff,0x00,0x00,0x00,0x00,0x80,0xff,0x00,0x00,0x00,0x00,0x01,0xff,0x00,0x00,
    0x00,0x01,0x03,0xff,0x0e,0x06,0x03,0x03,0x07,0xff,0x2f,0x1f,0x0f,0x07,0x0f,0xff,
    0xec,0xf8,0xf0,0xe0,0xf0,0xf8,0x68,0x70,0xe0,0xc0,0xe0,0xf0,0x60,0x40,0x00,0x80,
    0xc0,0xe0,0x00,0x00,0x00,0x00,0x80,0xc1,0x00,0x00,0x00,0x00,0x01,0x83,0x00,0x00,
    0x00,0x01,0x03,0x07,0x0e,0x06,0x03,0x03,0x07,0x0f,0x2f,0x1f,0x0f,0x07,0x0f,0x1f,
    0xec,0xf8,0xf0,0xe0,0xf0,0xf8,0x68,0x70,0xe0,0xc0,0xe0,0xf0,0x60,0x40,0x00,0x80,
    0xc0,0xe0,0x00,0x00,0x00,0x00,0x80,0xc1,0x00,0x00,0x00,0x00,0x01,0x83,0x00,0x00,
    0x00,0x01,0x03,0x07,0x0e,0x06,0x03,0x03,0x07,0x0f,0x2f,0x1f,0x0f,0x07,0x0f,0x1f,
    0xee,0xf8,0xf0,0xe0,0xf0,0xf8,0x6e,0x70,0xe0,0xc0,0xe0,0xf0,0x6e,0x40,0x00,0x80,
    0xc0,0xe0,0x6e,0x00,0x00,0x00,0x80,0xc1,0x6e,0x00,0x00,0x00,0x01,0x83,0x6e,0x00,
    0x00,0x01,0x03,0x07,0x6e,0x06,0x03,0x03,0x07,0x0f,0x6f,0x1f,0x0f,0x07,0x0f,0x1f,
    0xdc,0xff,0xff,0xff,0xff,0xff,0xd8,0xff,0xff,0xff,0xff,0xff,0xd1,0xff,0xff,0xff,
    0xff,0xff,0xd3,0xff,0xff,0xff,0xff,0xff,0x00,0x00,0x00,0x00,0x00,0x00,0x00,0x00,
    0x00,0x00,0x00,0x00,0x00,0x00,0x00,0x00,0x00,0x00,0x5f,0xff,0xff,0xff,0xff,0xff,
    0xdc,0xf8,0xff,0xff,0xff,0xff,0xd8,0xf8,0xff,0xff,0xff,0xff,0xd0,0xf0,0xff,0xff,
    0xff,0xff,0xd0,0xf0,0xff,0xff,0xff,0xff,0x00,0x00,0x00,0x00,0x00,0x00,0x00,0x00,
    0x00,0x00,0x00,0x00,0x00,0x00,0x00,0x00,0x00,0x00,0x5f,0x7f,0xff,0xff,0xff,0xff,
    0xd8,0xf8,0xf8,0xff,0xff,0xff,0x58,0x78,0xf0,0xff,0xff,0xff,0x50,0x70,0x60,0xff,
    0xff,0xff,0x40,0x20,0x40,0xff,0xff,0xff,0x00,0x00,0x00,0x00,0x00,0x00,0x00,0x00,
    0x00,0x00,0x00,0x00,0x00,0x00,0x00,0x00,0x00,0x00,0x1f,0x2f,0x17,0xff,0xff,0xff,
    0xd8,0xf8,0xf0,0xe0,0xff,0xff,0x58,0x70,0xe0,0xc0,0xff,0xff,0x50,0x60,0x40,0x80,
    0xff,0xff,0x40,0x00,0x00,0x00,0xff,0xff,0x00,0x00,0x00,0x00,0xff,0xff,0x00,0x00,
    0x00,0x01,0xff,0xff,0x00,0x00,0x01,0x03,0xff,0xff,0x1f,0x0f,0x07,0x07,0xff,0xff,
    0xd8,0xf8,0xf0,0xe0,0xf0,0xff,0x58,0x70,0xe0,0xc0,0xe0,0xff,0x50,0x60,0x40,0x80,
    0xc0,0xff,0x40,0x00,0x00,0x00,0x80,0xff,0x00,0x00,0x00,0x00,0x01,0xff,0x00,0x00,
    0x00,0x01,0x03,0xff,0x00,0x00,0x01,0x03,0x07,0xff,0x1f,0x0f,0x07,0x07,0x0f,0xff,
    0xd8,0xf8,0xf0,0xe0,0xf0,0xf8,0x58,0x70,0xe0,0xc0,0xe0,0xf0,0x50,0x60,0x40,0x80,
    0xc0,0xe0,0x40,0x00,0x00,0x00,0x80,0xc1,0x00,0x00,0x00,0x00,0x01,0x83,0x00,0x00,
    0x00,0x01,0x03,0x07,0x00,0x00,0x01,0x03,0x07,0x0f,0x1f,0x0f,0x07,0x07,0x0f,0x1f,
    0xd8,0xf8,0xf0,0xe0,0xf0,0xf8,0x58,0x70,0xe0,0xc0,0xe0,0xf0,0x50,0x60,0x40,0x80,
    0xc0,0xe0,0x40,0x00,0x00,0x00,0x80,0xc1,0x00,0x00,0x00,0x00,0x01,0x83,0x00,0x00,
    0x00,0x01,0x03,0x07,0x00,0x00,0x01,0x03,0x07,0x0f,0x1f,0x0f,0x07,0x07,0x0f,0x1f,
    0xdc,0xf8,0xf0,0xe0,0xf0,0xf8,0x5c,0x70,0xe0,0xc0,0xe0,0xf0,0x5c,0x60,0x40,0x80,
    0xc0,0xe0,0x5c,0x00,0x00,0x00,0x80,0xc1,0x5c,0x00,0x00,0x00,0x01,0x83,0x5e,0x00,
    0x00,0x01,0x03,0x07,0x5e,0x00,0x01,0x03,0x07,0x0f,0x5f,0x0f,0x07,0x07,0x0f,0x1f,
    0xbc,0xff,0xff,0xff,0xff,0xff,0xb8,0xff,0xff,0xff,0xff,0xff,0xb1,0xff,0xff,0xff,
    0xff,0xff,0xa3,0xff,0xff,0xff,0xff,0xff,0xa7,0xff,0xff,0xff,0xff,0xff,0x00,0x00,
    0x00,0x00,0x00,0x00,0x00,0x00,0x00,0x00,0x00,0x00,0x00,0x00,0x00,0x00,0x00,0x00,
    0xb8,0xf8,0xff,0xff,0xff,0xff,0xb8,0xf0,0xff,0xff,0xff,0xff,0xb0,0xf0,0xff,0xff,
    0xff,0xff,0xa0,0xe0,0xff,0xff,0xff,0xff,0xa0,0xe0,0xff,0xff,0xff,0xff,0x00,0x00,
    0x00,0x00,0x00,0x00,0x00,0x00,0x00,0x00,0x00,0x00,0x00,0x00,0x00,0x00,0x00,0x00,
    0xb8,0xf8,0xf8,0xff,0xff,0xff,0x30,0x70,0xf0,0xff,0xff,0xff,0x30,0x70,0x60,0xff,
    0xff,0xff,0x20,0x60,0x40,0xff,0xff,0xff,0x00,0x40,0x00,0xff,0xff,0xff,0x00,0x00,
    0x00,0x00,0x00,0x00,0x00,0x00,0x00,0x00,0x00,0x00,0x00,0x00,0x00,0x00,0x00,0x00,
    0xb8,0xf8,0xf0,0xe0,0xff,0xff,0x30,0x70,0xe0,0xc0,0xff,0xff,0x30,0x60,0x40,0x80,
    0xff,0xff,0x20,0x40,0x00,0x00,0xff,0xff,0x00,0x00,0x00,0x00,0xff,0xff,0x00,0x00,
    0x00,0x01,0xff,0xff,0x00,0x00,0x01,0x03,0xff,0xff,0x01,0x01,0x03,0x07,0xff,0xff,
    0xb8,0xf8,0xf0,0xe0,0xf0,0xff,0x30,0x70,0xe0,0xc0,0xe0,0xff,0x30,0x60,0x40,0x80,
    0xc0,0xff,0x20,0x40,0x00,0x00,0x80,0xff,0x00,0x00,0x00,0x00,0x01,0xff,0x00,0x00,
    0x00,0x01,0x03,0xff,0x00,0x00,0x01,0x03,0x07,0xff,0x01,0x01,0x03,0x07,0x0f,0xff,
    0xb8,0xf8,0xf0,0xe0,0xf0,0xf8,0x30,0x70,0xe0,0xc0,0xe0,0xf0,0x30,0x60,0x40,0x80,
    0xc0,0xe0,0x20,0x40,0x00,0x00,0x80,0xc1,0x00,0x00,0x00,0x00,0x01,0x83,0x00,0x00,
    0x00,0x01,0x03,0x07,0x00,0x00,0x01,0x03,0x07,0x0f,0x01,0x01,0x03,0x07,0x0f,0x1f,
    0xb8,0xf8,0xf0,0xe0,0xf0,0xf8,0x30,0x70,0xe0,0xc0,0xe0,0xf0,0x30,0x60,0x40,0x80,
    0xc0,0xe0,0x20,0x40,0x00,0x00,0x80,0xc1,0x00,0x00,0x00,0x00,0x01,0x83,0x00,0x00,
    0x00,0x01,0x03,0x07,0x00,0x00,0x01,0x03,0x07,0x0f,0x01,0x01,0x03,0x07,0x0f,0x1f,
    0xb8,0xf8,0xf0,0xe0,0xf0,0xf8,0x38,0x70,0xe0,0xc0,0xe0,0xf0,0x38,0x60,0x40,0x80,
    0xc0,0xe0,0x38,0x40,0x00,0x00,0x80,0xc1,0x38,0x00,0x00,0x00,0x01,0x83,0x38,0x00,
    0x00,0x01,0x03,0x07,0x3e,0x00,0x01,0x03,0x07,0x0f,0x3f,0x01,0x03,0x07,0x0f,0x1f,
    0x7c,0xff,0xff,0xff,0xff,0xff,0x78,0xff,0xff,0xff,0xff,0xff,0x71,0xff,0xff,0xff,
    0xff,0xff,0x63,0xff,0xff,0xff,0xff,0xff,0x47,0xff,0xff,0xff,0xff,0xff,0x4f,0xff,
    0xff,0xff,0xff,0xff,0x00,0x00,0x00,0x00,0x00,0x00,0x00,0x00,0x00,0x00,0x00,0x00,
    0x70,0xf0,0xff,0xff,0xff,0xff,0x70,0xf0,0xff,0xff,0xff,0xff,0x70,0xe0,0xff,0xff,
    0xff,0xff,0x60,0xe0,0xff,0xff,0xff,0xff,0x40,0x40,0xff,0xff,0xff,0xff,0x40,0x40,
    0xff,0xff,0xff,0xff,0x00,0x00,0x00,0x00,0x00,0x00,0x00,0x00,0x00,0x00,0x00,0x00,
    0x70,0xf0,0xf0,0xff,0xff,0xff,0x70,0x70,0xf0,0xff,0xff,0xff,0x60,0x60,0x60,0xff,
    0xff,0xff,0x60,0x60,0x40,0xff,0xff,0xff,0x40,0x40,0x00,0xff,0xff,0xff,0x00,0x00,
    0x00,0xff,0xff,0xff,0x00,0x00,0x00,0x00,0x00,0x00,0x00,0x00,0x00,0x00,0x00,0x00,
    0x70,0xf0,0xf0,0xe0,0xff,0xff,0x70,0x70,0xe0,0xc0,0xff,0xff,0x60,0x60,0x40,0x80,
    0xff,0xff,0x60,0x40,0x00,0x00,0xff,0xff,0x40,0x00,0x00,0x00,0xff,0xff,0x00,0x00,
    0x00,0x01,0xff,0xff,0x00,0x00,0x01,0x03,0xff,0xff,0x01,0x01,0x03,0x07,0xff,0xff,
    0x70,0xf0,0xf0,0xe0,0xf0,0xff,0x70,0x70,0xe0,0xc0,0xe0,0xff,0x60,0x60,0x40,0x80,
    0xc0,0xff,0x60,0x40,0x00,0x00,0x80,0xff,0x40,0x00,0x00,0x00,0x01,0xff,0x00,0x00,
    0x00,0x01,0x03,0xff,0x00,0x00,0x01,0x03,0x07,0xff,0x01,0x01,0x03,0x07,0x0f,0xff,
    0x70,0xf0,0xf0,0xe0,0xf0,0xf8,0x70,0x70,0xe0,0xc0,0xe0,0xf0,0x60,0x60,0x40,0x80,
    0xc0,0xe0,0x60,0x40,0x00,0x00,0x80,0xc1,0x40,0x00,0x00,0x00,0x01,0x83,0x00,0x00,
    0x00,0x01,0x03,0x07,0x00,0x00,0x01,0x03,0x07,0x0f,0x01,0x01,0x03,0x07,0x0f,0x1f,
    0x70,0xf0,0xf0,0xe0,0xf0,0xf8,0x70,0x70,0xe0,0xc0,0xe0,0xf0,0x60,0x60,0x40,0x80,
    0xc0,0xe0,0x60,0x40,0x00,0x00,0x80,0xc1,0x40,0x00,0x00,0x00,0x01,0x83,0x00,0x00,
    0x00,0x01,0x03,0x07,0x00,0x00,0x01,0x03,0x07,0x0f,0x01,0x01,0x03,0x07,0x0f,0x1f,
    0x70,0xf0,0xf0,0xe0,0xf0,0xf8,0x70,0x70,0xe0,0xc0,0xe0,0xf0,0x70,0x60,0x40,0x80,
    0xc0,0xe0,0x70,0x40,0x00,0x00,0x80,0xc1,0x70,0x00,0x00,0x00,0x01,0x83,0x70,0x00,
    0x00,0x01,0x03,0x07,0x70,0x00,0x01,0x03,0x07,0x0f,0x7f,0x01,0x03,0x07,0x0f,0x1f,
    0xff,0xfe,0xff,0xff,0xff,0xff,0xfb,0xfe,0xff,0xff,0xff,0xff,0xf3,0xfe,0xff,0xff,
    0xff,0xff,0xe3,0xfe,0xff,0xff,0xff,0xff,0xc7,0xfe,0xff,0xff,0xff,0xff,0x8f,0xfe,
    0xff,0xff,0xff,0xff,0x1f,0xfe,0xff,0xff,0xff,0xff,0x3f,0xfe,0xff,0xff,0xff,0xff,
    0x00,0x00,0x00,0x00,0x00,0x00,0x00,0x00,0x00,0x00,0x00,0x00,0x02,0x02,0xff,0xff,
    0xff,0xff,0x02,0x02,0xff,0xff,0xff,0xff,0x07,0x06,0xff,0xff,0xff,0xff,0x0f,0x06,
    0xff,0xff,0xff,0xff,0x0f,0x0e,0xff,0xff,0xff,0xff,0x0f,0x0e,0xff,0xff,0xff,0xff,
    0x00,0x00,0x00,0x00,0x00,0x00,0x00,0x00,0x00,0x00,0x00,0x00,0x02,0x02,0x02,0xff,
    0xff,0xff,0x02,0x02,0x02,0xff,0xff,0xff,0x07,0x06,0x07,0xff,0xff,0xff,0x07,0x06,
    0x07,0xff,0xff,0xff,0x0f,0x0e,0x0f,0xff,0xff,0xff,0x0f,0x0e,0x0f,0xff,0xff,0xff,
    0x00,0x00,0x00,0x00,0x00,0x00,0x00,0x00,0x00,0x00,0x00,0x00,0x02,0x00,0x00,0x80,
    0xff,0xff,0x02,0x02,0x02,0x00,0xff,0xff,0x06,0x06,0x06,0x02,0xff,0xff,0x06,0x06,
    0x06,0x07,0xff,0xff,0x0e,0x0e,0x0f,0x0f,0xff,0xff,0x0f,0x0e,0x0f,0x0f,0xff,0xff,
    0xfe,0x80,0xc0,0xe0,0xf0,0xff,0x00,0x00,0x80,0xc0,0xe0,0xff,0x02,0x00,0x00,0x80,
    0xc0,0xff,0x02,0x02,0x00,0x00,0x80,0xff,0x06,0x06,0x02,0x00,0x01,0xff,0x06,0x06,
    0x06,0x03,0x03,0xff,0x0e,0x0e,0x0f,0x07,0x07,0xff,0x0f,0x0e,0x0f,0x0f,0x0f,0xff,
    0xc0,0x80,0xc0,0xe0,0xf0,0xf8,0x00,0x00,0x80,0xc0,0xe0,0xf0,0x02,0x00,0x00,0x80,
    0xc0,0xe0,0x02,0x02,0x00,0x00,0x80,0xc1,0x06,0x06,0x02,0x00,0x01,0x83,0x06,0x06,
    0x06,0x03,0x03,0x07,0x0e,0x0e,0x0f,0x07,0x07,0x0f,0x0f,0x0e,0x0f,0x0f,0x0f,0x1f,
    0xfe,0x80,0xc0,0xe0,0xf0,0xf8,0x06,0x00,0x80,0xc0,0xe0,0xf0,0x06,0x00,0x00,0x80,
    0xc0,0xe0,0x06,0x02,0x00,0x00,0x80,0xc1,0x06,0x06,0x02,0x00,0x01,0x83,0x06,0x06,
    0x06,0x03,0x03,0x07,0x0e,0x0e,0x0f,0x07,0x07,0x0f,0x0f,0x0e,0x0f,0x0f,0x0f,0x1f,
    0xfe,0x80,0xc0,0xe0,0xf0,0xf8,0x0e,0x00,0x80,0xc0,0xe0,0xf0,0x0e,0x00,0x00,0x80,
    0xc0,0xe0,0x0e,0x02,0x00,0x00,0x80,0xc1,0x0e,0x06,0x02,0x00,0x01,0x83,0x0e,0x06,
    0x06,0x03,0x03,0x07,0x0e,0x0e,0x0f,0x07,0x07,0x0f,0x0f,0x0e,0x0f,0x0f,0x0f,0x1f,
    0xff,0xfd,0xff,0xff,0xff,0xff,0xff,0xfd,0xff,0xff,0xff,0xff,0xf7,0xfd,0xff,0xff,
    0xff,0xff,0xe7,0xfd,0xff,0xff,0xff,0xff,0xc7,0xfd,0xff,0xff,0xff,0xff,0x8f,0xfd,
    0xff,0xff,0xff,0xff,0x1f,0xfd,0xff,0xff,0xff,0xff,0x3f,0xfd,0xff,0xff,0xff,0xff,
    0x00,0x00,0x00,0x00,0x00,0x00,0x00,0x00,0x00,0x00,0x00,0x00,0x00,0x00,0x00,0x00,
    0x00,0x00,0x07,0x05,0xff,0xff,0xff,0xff,0x07,0x05,0xff,0xff,0xff,0xff,0x0f,0x0d,
    0xff,0xff,0xff,0xff,0x1f,0x0d,0xff,0xff,0xff,0xff,0x1f,0x1d,0xff,0xff,0xff,0xff,
    0x00,0x00,0x00,0x00,0x00,0x00,0x00,0x00,0x00,0x00,0x00,0x00,0x00,0x00,0x00,0x00,
    0x00,0x00,0x07,0x05,0x07,0xff,0xff,0xff,0x07,0x05,0x07,0xff,0xff,0xff,0x0f,0x0d,
    0x0f,0xff,0xff,0xff,0x0f,0x0d,0x0f,0xff,0xff,0xff,0x1f,0x1d,0x1f,0xff,0xff,0xff,
    0x00,0x00,0x00,0x00,0x00,0x00,0x00,0x00,0x00,0x00,0x00,0x00,0x00,0x00,0x00,0x00,
    0x00,0x00,0x06,0x00,0x02,0x00,0xff,0xff,0x06,0x04,0x06,0x02,0xff,0xff,0x0e,0x0c,
    0x0e,0x07,0xff,0xff,0x0e,0x0c,0x0f,0x0f,0xff,0xff,0x1f,0x1d,0x1f,0x1f,0xff,0xff,
    0x80,0x80,0xc0,0xe0,0xf0,0xff,0x7e,0x00,0x80,0xc0,0xe0,0xff,0x00,0x00,0x00,0x80,
    0xc0,0xff,0x06,0x00,0x00,0x00,0x80,0xff,0x06,0x04,0x02,0x00,0x01,0xff,0x0e,0x0c,
    0x06,0x03,0x03,0xff,0x0e,0x0c,0x0f,0x07,0x07,0xff,0x1f,0x1d,0x1f,0x0f,0x0f,0xff,
    0x80,0x80,0xc0,0xe0,0xf0,0xf8,0x00,0x00,0x80,0xc0,0xe0,0xf0,0x00,0x00,0x00,0x80,
    0xc0,0xe0,0x06,0x00,0x00,0x00,0x80,0xc1,0x06,0x04,0x02,0x00,0x01,0x83,0x0e,0x0c,
    0x06,0x03,0x03,0x07,0x0e,0x0c,0x0f,0x07,0x07,0x0f,0x1f,0x1d,0x1f,0x0f,0x0f,0x1f,
    0xfe,0x80,0xc0,0xe0,0xf0,0xf8,0x7e,0x00,0x80,0xc0,0xe0,0xf0,0x0e,0x00,0x00,0x80,
    0xc0,0xe0,0x0e,0x00,0x00,0x00,0x80,0xc1,0x0e,0x04,0x02,0x00,0x01,0x83,0x0e,0x0c,
    0x06,0x03,0x03,0x07,0x0e,0x0c,0x0f,0x07,0x07,0x0f,0x1f,0x1d,0x1f,0x0f,0x0f,0x1f,
    0xfe,0x80,0xc0,0xe0,0xf0,0xf8,0x7e,0x00,0x80,0xc0,0xe0,0xf0,0x1e,0x00,0x00,0x80,
    0xc0,0xe0,0x1e,0x00,0x00,0x00,0x80,0xc1,0x1e,0x04,0x02,0x00,0x01,0x83,0x1e,0x0c,
    0x06,0x03,0x03,0x07,0x1e,0x0c,0x0f,0x07,0x07,0x0f,0x1f,0x1d,0x1f,0x0f,0x0f,0x1f,
    0xfe,0xfb,0xff,0xff,0xff,0xff,0xfe,0xfb,0xff,0xff,0xff,0xff,0xff,0xfb,0xff,0xff,
    0xff,0xff,0xef,0xfb,0xff,0xff,0xff,0xff,0xcf,0xfb,0xff,0xff,0xff,0xff,0x8f,0xfb,
    0xff,0xff,0xff,0xff,0x1f,0xfb,0xff,0xff,0xff,0xff,0x3f,0xfb,0xff,0xff,0xff,0xff,
    0xfe,0xfa,0xff,0xff,0xff,0xff,0x00,0x00,0x00,0x00,0x00,0x00,0x00,0x00,0x00,0x00,
    0x00,0x00,0x00,0x00,0x00,0x00,0x00,0x00,0x0f,0x0b,0xff,0xff,0xff,0xff,0x0f,0x0b,
    0xff,0xff,0xff,0xff,0x1f,0x1b,0xff,0xff,0xff,0xff,0x3f,0x1b,0xff,0xff,0xff,0xff,
    0xfe,0xfa,0xfe,0xff,0xff,0xff,0x00,0x00,0x00,0x00,0x00,0x00,0x00,0x00,0x00,0x00,
    0x00,0x00,0x00,0x00,0x00,0x00,0x00,0x00,0x0f,0x0b,0x0f,0xff,0xff,0xff,0x0f,0x0b,
    0x0f,0xff,0xff,0xff,0x1f,0x1b,0x1f,0xff,0xff,0xff,0x1f,0x1b,0x1f,0xff,0xff,0xff,
    0xfe,0xf8,0xf4,0xe8,0xff,0xff,0x00,0x00,0x00,0x00,0x00,0x00,0x00,0x00,0x00,0x00,
    0x00,0x00,0x00,0x00,0x00,0x00,0x00,0x00,0x0e,0x02,0x04,0x02,0xff,0xff,0x0e,0x0a,
    0x0e,0x07,0xff,0xff,0x1e,0x1a,0x1f,0x0f,0xff,0xff,0x1f,0x1b,0x1f,0x1f,0xff,0xff,
    0xfe,0xf8,0xf0,0xe0,0xf0,0xff,0x00,0x00,0x80,0xc0,0xe0,0xff,0x7e,0x00,0x00,0x80,
    0xc0,0xff,0x00,0x00,0x00,0x00,0x80,0xff,0x0e,0x02,0x00,0x00,0x01,0xff,0x0e,0x0a,
    0x06,0x03,0x03,0xff,0x1e,0x1a,0x0f,0x07,0x07,0xff,0x1f,0x1b,0x1f,0x0f,0x0f,0xff,
    0xfe,0xf8,0xf0,0xe0,0xf0,0xf8,0x00,0x00,0x80,0xc0,0xe0,0xf0,0x00,0x00,0x00,0x80,
    0xc0,0xe0,0x00,0x00,0x00,0x00,0x80,0xc1,0x0e,0x02,0x00,0x00,0x01,0x83,0x0e,0x0a,
    0x06,0x03,0x03,0x07,0x1e,0x1a,0x0f,0x07,0x07,0x0f,0x1f,0x1b,0x1f,0x0f,0x0f,0x1f,
    0xfe,0xf8,0xf0,0xe0,0xf0,0xf8,0x7e,0x00,0x80,0xc0,0xe0,0xf0,0x7e,0x00,0x00,0x80,
    0xc0,0xe0,0x1e,0x00,0x00,0x00,0x80,0xc1,0x1e,0x02,0x00,0x00,0x01,0x83,0x1e,0x0a,
    0x06,0x03,0x03,0x07,0x1e,0x1a,0x0f,0x07,0x07,0x0f,0x1f,0x1b,0x1f,0x0f,0x0f,0x1f,
    0xfe,0xf8,0xf0,0xe0,0xf0,0xf8,0x7e,0x00,0x80,0xc0,0xe0,0xf0,0x7e,0x00,0x00,0x80,
    0xc0,0xe0,0x3e,0x00,0x00,0x00,0x80,0xc1,0x3e,0x02,0x00,0x00,0x01,0x83,0x3e,0x0a,
    0x06,0x03,0x03,0x07,0x3e,0x1a,0x0f,0x07,0x07,0x0f,0x3f,0x1b,0x1f,0x0f,0x0f,0x1f,
    0xfc,0xf7,0xff,0xff,0xff,0xff,0xfc,0xf7,0xff,0xff,0xff,0xff,0xfd,0xf7,0xff,0xff,
    0xff,0xff,0xff,0xf7,0xff,0xff,0xff,0xff,0xdf,0xf7,0xff,0xff,0xff,0xff,0x9f,0xf7,
    0xff,0xff,0xff,0xff,0x1f,0xf7,0xff,0xff,0xff,0xff,0x3f,0xf7,0xff,0xff,0xff,0xff,
    0xfc,0xf4,0xff,0xff,0xff,0xff,0xfc,0xf4,0xff,0xff,0xff,0xff,0x00,0x00,0x00,0x00,
    0x00,0x00,0x00,0x00,0x00,0x00,0x00,0x00,0x00,0x00,0x00,0x00,0x00,0x00,0x1f,0x17,
    0xff,0xff,0xff,0xff,0x1f,0x17,0xff,0xff,0xff,0xff,0x3f,0x37,0xff,0xff,0xff,0xff,
    0xfc,0xf4,0xfc,0xff,0xff,0xff,0xfc,0xf4,0xfc,0xff,0xff,0xff,0x00,0x00,0x00,0x00,
    0x00,0x00,0x00,0x00,0x00,0x00,0x00,0x00,0x00,0x00,0x00,0x00,0x00,0x00,0x1f,0x17,
    0x1f,0xff,0xff,0xff,0x1f,0x17,0x1f,0xff,0xff,0xff,0x3f,0x37,0x3f,0xff,0xff,0xff,
    0xfc,0xf4,0xfc,0xf8,0xff,0xff,0x7c,0x70,0xe8,0xd0,0xff,0xff,0x00,0x00,0x00,0x00,
    0x00,0x00,0x00,0x00,0x00,0x00,0x00,0x00,0x00,0x00,0x00,0x00,0x00,0x00,0x1e,0x06,
    0x0a,0x05,0xff,0xff,0x1e,0x16,0x1f,0x0f,0xff,0xff,0x3f,0x37,0x3f,0x1f,0xff,0xff,
    0xfc,0xf4,0xf8,0xf0,0xf0,0xff,0x7c,0x70,0xe0,0xc0,0xe0,0xff,0x00,0x00,0x00,0x80,
    0xc0,0xff,0x7e,0x00,0x00,0x00,0x80,0xff,0x00,0x00,0x00,0x00,0x01,0xff,0x1e,0x06,
    0x02,0x01,0x03,0xff,0x1e,0x16,0x0f,0x07,0x07,0xff,0x3f,0x37,0x1f,0x0f,0x0f,0xff,
    0xfc,0xf4,0xf8,0xf0,0xf0,0xf8,0x7c,0x70,0xe0,0xc0,0xe0,0xf0,0x00,0x00,0x00,0x80,
    0xc0,0xe0,0x00,0x00,0x00,0x00,0x80,0xc1,0x00,0x00,0x00,0x00,0x01,0x83,0x1e,0x06,
    0x02,0x01,0x03,0x07,0x1e,0x16,0x0f,0x07,0x07,0x0f,0x3f,0x37,0x1f,0x0f,0x0f,0x1f,
    0xfe,0xf4,0xf8,0xf0,0xf0,0xf8,0x7e,0x70,0xe0,0xc0,0xe0,0xf0,0x7e,0x00,0x00,0x80,
    0xc0,0xe0,0x7e,0x00,0x00,0x00,0x80,0xc1,0x3e,0x00,0x00,0x00,0x01,0x83,0x3e,0x06,
    0x02,0x01,0x03,0x07,0x3e,0x16,0x0f,0x07,0x07,0x0f,0x3f,0x37,0x1f,0x0f,0x0f,0x1f,
    0xfe,0xf4,0xf8,0xf0,0xf0,0xf8,0x7e,0x70,0xe0,0xc0,0xe0,0xf0,0x7e,0x00,0x00,0x80,
    0xc0,0xe0,0x7e,0x00,0x00,0x00,0x80,0xc1,0x7e,0x00,0x00,0x00,0x01,0x83,0x7e,0x06,
    0x02,0x01,0x03,0x07,0x7e,0x16,0x0f,0x07,0x07,0x0f,0x7f,0x37,0x1f,0x0f,0x0f,0x1f,
    0xfc,0xef,0xff,0xff,0xff,0xff,0xf8,0xef,0xff,0xff,0xff,0xff,0xf9,0xef,0xff,0xff,
    0xff,0xff,0xfb,0xef,0xff,0xff,0xff,0xff,0xff,0xef,0xff,0xff,0xff,0xff,0xbf,0xef,
    0xff,0xff,0xff,0xff,0x3f,0xef,0xff,0xff,0xff,0xff,0x3f,0xef,0xff,0xff,0xff,0xff,
    0xfc,0xec,0xff,0xff,0xff,0xff,0xf8,0xe8,0xff,0xff,0xff,0xff,0xf8,0xe8,0xff,0xff,
    0xff,0xff,0x00,0x00,0x00,0x00,0x00,0x00,0x00,0x00,0x00,0x00,0x00,0x00,0x00,0x00,
    0x00,0x00,0x00,0x00,0x3f,0x2f,0xff,0xff,0xff,0xff,0x3f,0x2f,0xff,0xff,0xff,0xff,
    0xfc,0xec,0xfc,0xff,0xff,0xff,0xf8,0xe8,0xf8,0xff,0xff,0xff,0xf8,0xe8,0xf8,0xff,
    0xff,0xff,0x00,0x00,0x00,0x00,0x00,0x00,0x00,0x00,0x00,0x00,0x00,0x00,0x00,0x00,
    0x00,0x00,0x00,0x00,0x3f,0x2f,0x3f,0xff,0xff,0xff,0x3f,0x2f,0x3f,0xff,0xff,0xff,
    0xfc,0xec,0xfc,0xf8,0xff,0xff,0x78,0x68,0xf8,0xf0,0xff,0xff,0x78,0x60,0x50,0xa0,
    0xff,0xff,0x00,0x00,0x00,0x00,0x00,0x00,0x00,0x00,0x00,0x00,0x00,0x00,0x00,0x00,
    0x00,0x00,0x00,0x00,0x3e,0x0e,0x17,0x0b,0xff,0xff,0x3f,0x2f,0x3f,0x1f,0xff,0xff,
    0xfc,0xec,0xf8,0xf0,0xf0,0xff,0x78,0x68,0xf0,0xe0,0xe0,0xff,0x78,0x60,0x40,0x80,
    0xc0,0xff,0x00,0x00,0x00,0x00,0x80,0xff,0x7e,0x00,0x00,0x00,0x01,0xff,0x00,0x00,
    0x00,0x01,0x03,0xff,0x3e,0x0e,0x07,0x03,0x07,0xff,0x3f,0x2f,0x1f,0x0f,0x0f,0xff,
    0xfc,0xec,0xf8,0xf0,0xf0,0xf8,0x78,0x68,0xf0,0xe0,0xe0,0xf0,0x78,0x60,0x40,0x80,
    0xc0,0xe0,0x00,0x00,0x00,0x00,0x80,0xc1,0x00,0x00,0x00,0x00,0x01,0x83,0x00,0x00,
    0x00,0x01,0x03,0x07,0x3e,0x0e,0x07,0x03,0x07,0x0f,0x3f,0x2f,0x1f,0x0f,0x0f,0x1f,
    0xfc,0xec,0xf8,0xf0,0xf0,0xf8,0x7c,0x68,0xf0,0xe0,0xe0,0xf0,0x7c,0x60,0x40,0x80,
    0xc0,0xe0,0x7c,0x00,0x00,0x00,0x80,0xc1,0x7e,0x00,0x00,0x00,0x01,0x83,0x7e,0x00,
    0x00,0x01,0x03,0x07,0x7e,0x0e,0x07,0x03,0x07,0x0f,0x7f,0x2f,0x1f,0x0f,0x0f,0x1f,
    0xfe,0xec,0xf8,0xf0,0xf0,0xf8,0x7e,0x68,0xf0,0xe0,0xe0,0xf0,0x7e,0x60,0x40,0x80,
    0xc0,0xe0,0x7e,0x00,0x00,0x00,0x80,0xc1,0x7e,0x00,0x00,0x00,0x01,0x83,0x7e,0x00,
    0x00,0x01,0x03,0x07,0x7e,0x0e,0x07,0x03,0x07,0x0f,0x7f,0x2f,0x1f,0x0f,0x0f,0x1f,
    0xfc,0xdf,0xff,0xff,0xff,0xff,0xf8,0xdf,0xff,0xff,0xff,0xff,0xf1,0xdf,0xff,0xff,
    0xff,0xff,0xf3,0xdf,0xff,0xff,0xff,0xff,0xf7,0xdf,0xff,0xff,0xff,0xff,0xff,0xdf,
    0xff,0xff,0xff,0xff,0x7f,0xdf,0xff,0xff,0xff,0xff,0x7f,0xdf,0xff,0xff,0xff,0xff,
    0xfc,0xd8,0xff,0xff,0xff,0xff,0xf8,0xd8,0xff,0xff,0xff,0xff,0xf0,0xd0,0xff,0xff,
    0xff,0xff,0xf0,0xd0,0xff,0xff,0xff,0xff,0x00,0x00,0x00,0x00,0x00,0x00,0x00,0x00,
    0x00,0x00,0x00,0x00,0x00,0x00,0x00,0x00,0x00,0x00,0x7f,0x5f,0xff,0xff,0xff,0xff,
    0xf8,0xd8,0xf8,0xff,0xff,0xff,0xf8,0xd8,0xf8,0xff,0xff,0xff,0xf0,0xd0,0xf0,0xff,
    0xff,0xff,0xf0,0xd0,0xf0,0xff,0xff,0xff,0x00,0x00,0x00,0x00,0x00,0x00,0x00,0x00,
    0x00,0x00,0x00,0x00,0x00,0x00,0x00,0x00,0x00,0x00,0x7f,0x5f,0x7f,0xff,0xff,0xff,
    0xf8,0xd8,0xf8,0xf8,0xff,0xff,0x78,0x58,0xf8,0xf0,0xff,0xff,0x70,0x50,0x70,0xe0,
    0xff,0xff,0x70,0x40,0x20,0x40,0xff,0xff,0x00,0x00,0x00,0x00,0x00,0x00,0x00,0x00,
    0x00,0x00,0x00,0x00,0x00,0x00,0x00,0x00,0x00,0x00,0x7f,0x1f,0x2f,0x17,0xff,0xff,
    0xf8,0xd8,0xf8,0xf0,0xf0,0xff,0x78,0x58,0xf0,0xe0,0xe0,0xff,0x70,0x50,0x60,0xc0,
    0xc0,0xff,0x70,0x40,0x00,0x00,0x80,0xff,0x00,0x00,0x00,0x00,0x01,0xff,0x7e,0x00,
    0x00,0x01,0x03,0xff,0x00,0x00,0x01,0x03,0x07,0xff,0x7f,0x1f,0x0f,0x07,0x0f,0xff,
    0xf8,0xd8,0xf8,0xf0,0xf0,0xf8,0x78,0x58,0xf0,0xe0,0xe0,0xf0,0x70,0x50,0x60,0xc0,
    0xc0,0xe0,0x70,0x40,0x00,0x00,0x80,0xc1,0x00,0x00,0x00,0x00,0x01,0x83,0x00,0x00,
    0x00,0x01,0x03,0x07,0x00,0x00,0x01,0x03,0x07,0x0f,0x7f,0x1f,0x0f,0x07,0x0f,0x1f,
    0xf8,0xd8,0xf8,0xf0,0xf0,0xf8,0x78,0x58,0xf0,0xe0,0xe0,0xf0,0x78,0x50,0x60,0xc0,
    0xc0,0xe0,0x78,0x40,0x00,0x00,0x80,0xc1,0x78,0x00,0x00,0x00,0x01,0x83,0x7e,0x00,
    0x00,0x01,0x03,0x07,0x7e,0x00,0x01,0x03,0x07,0x0f,0x7f,0x1f,0x0f,0x07,0x0f,0x1f,
    0xfc,0xd8,0xf8,0xf0,0xf0,0xf8,0x7c,0x58,0xf0,0xe0,0xe0,0xf0,0x7c,0x50,0x60,0xc0,
    0xc0,0xe0,0x7c,0x40,0x00,0x00,0x80,0xc1,0x7c,0x00,0x00,0x00,0x01,0x83,0x7e,0x00,
    0x00,0x01,0x03,0x07,0x7e,0x00,0x01,0x03,0x07,0x0f,0x7f,0x1f,0x0f,0x07,0x0f,0x1f,
    0xfc,0xbf,0xff,0xff,0xff,0xff,0xf8,0xbf,0xff,0xff,0xff,0xff,0xf1,0xbf,0xff,0xff,
    0xff,0xff,0xe3,0xbf,0xff,0xff,0xff,0xff,0xe7,0xbf,0xff,0xff,0xff,0xff,0xef,0xbf,
    0xff,0xff,0xff,0xff,0xff,0xbf,0xff,0xff,0xff,0xff,0xff,0xbf,0xff,0xff,0xff,0xff,
    0xf8,0xb8,0xff,0xff,0xff,0xff,0xf8,0xb0,0xff,0xff,0xff,0xff,0xf0,0xb0,0xff,0xff,
    0xff,0xff,0xe0,0xa0,0xff,0xff,0xff,0xff,0xe0,0xa0,0xff,0xff,0xff,0xff,0x00,0x00,
    0x00,0x00,0x00,0x00,0x00,0x00,0x00,0x00,0x00,0x00,0x00,0x00,0x00,0x00,0x00,0x00,
    0xf8,0xb8,0xf8,0xff,0xff,0xff,0xf0,0xb0,0xf0,0xff,0xff,0xff,0xf0,0xb0,0xf0,0xff,
    0xff,0xff,0xe0,0xa0,0xe0,0xff,0xff,0xff,0xe0,0xa0,0xe0,0xff,0xff,0xff,0x00,0x00,
    0x00,0x00,0x00,0x00,0x00,0x00,0x00,0x00,0x00,0x00,0x00,0x00,0x00,0x00,0x00,0x00,
    0xf8,0xb8,0xf8,0xf8,0xff,0xff,0x70,0x30,0xf0,0xf0,0xff,0xff,0x70,0x30,0x70,0xe0,
    0xff,0xff,0x60,0x20,0x60,0x40,0xff,0xff,0x60,0x00,0x40,0x00,0xff,0xff,0x00,0x00,
    0x00,0x00,0x00,0x00,0x00,0x00,0x00,0x00,0x00,0x00,0x00,0x00,0x00,0x00,0x00,0x00,
    0xf8,0xb8,0xf8,0xf0,0xf0,0xff,0x70,0x30,0xf0,0xe0,0xe0,0xff,0x70,0x30,0x60,0xc0,
    0xc0,0xff,0x60,0x20,0x40,0x00,0x80,0xff,0x60,0x00,0x00,0x00,0x01,0xff,0x00,0x00,
    0x00,0x01,0x03,0xff,0x7e,0x00,0x01,0x03,0x07,0xff,0x01,0x01,0x03,0x07,0x0f,0xff,
    0xf8,0xb8,0xf8,0xf0,0xf0,0xf8,0x70,0x30,0xf0,0xe0,0xe0,0xf0,0x70,0x30,0x60,0xc0,
    0xc0,0xe0,0x60,0x20,0x40,0x00,0x80,0xc1,0x60,0x00,0x00,0x00,0x01,0x83,0x00,0x00,
    0x00,0x01,0x03,0x07,0x00,0x00,0x01,0x03,0x07,0x0f,0x01,0x01,0x03,0x07,0x0f,0x1f,
    0xf8,0xb8,0xf8,0xf0,0xf0,0xf8,0x70,0x30,0xf0,0xe0,0xe0,0xf0,0x70,0x30,0x60,0xc0,
    0xc0,0xe0,0x70,0x20,0x40,0x00,0x80,0xc1,0x70,0x00,0x00,0x00,0x01,0x83,0x70,0x00,
    0x00,0x01,0x03,0x07,0x7e,0x00,0x01,0x03,0x07,0x0f,0x7f,0x01,0x03,0x07,0x0f,0x1f,
    0xf8,0xb8,0xf8,0xf0,0xf0,0xf8,0x78,0x30,0xf0,0xe0,0xe0,0xf0,0x78,0x30,0x60,0xc0,
    0xc0,0xe0,0x78,0x20,0x40,0x00,0x80,0xc1,0x78,0x00,0x00,0x00,0x01,0x83,0x78,0x00,
    0x00,0x01,0x03,0x07,0x7e,0x00,0x01,0x03,0x07,0x0f,0x7f,0x01,0x03,0x07,0x0f,0x1f,
    0xfc,0x7f,0xff,0xff,0xff,0xff,0xf8,0x7f,0xff,0xff,0xff,0xff,0xf1,0x7f,0xff,0xff,
    0xff,0xff,0xe3,0x7f,0xff,0xff,0xff,0xff,0xc7,0x7f,0xff,0xff,0xff,0xff,0xcf,0x7f,
    0xff,0xff,0xff,0xff,0xdf,0x7f,0xff,0xff,0xff,0xff,0xff,0x7f,0xff,0xff,0xff,0xff,
    0xf0,0x70,0xff,0xff,0xff,0xff,0xf0,0x70,0xff,0xff,0xff,0xff,0xf0,0x60,0xff,0xff,
    0xff,0xff,0xe0,0x60,0xff,0xff,0xff,0xff,0x40,0x40,0xff,0xff,0xff,0xff,0x40,0x40,
    0xff,0xff,0xff,0xff,0x00,0x00,0x00,0x00,0x00,0x00,0x00,0x00,0x00,0x00,0x00,0x00,
    0xf0,0x70,0xf0,0xff,0xff,0xff,0xf0,0x70,0xf0,0xff,0xff,0xff,0xe0,0x60,0xe0,0xff,
    0xff,0xff,0xe0,0x60,0xe0,0xff,0xff,0xff,0x40,0x40,0x40,0xff,0xff,0xff,0x40,0x40,
    0x40,0xff,0xff,0xff,0x00,0x00,0x00,0x00,0x00,0x00,0x00,0x00,0x00,0x00,0x00,0x00,
    0xf0,0x70,0xf0,0xf0,0xff,0xff,0x70,0x70,0xf0,0xf0,0xff,0xff,0x60,0x60,0x60,0xe0,
    0xff,0xff,0x60,0x60,0x60,0x40,0xff,0xff,0x40,0x40,0x40,0x00,0xff,0xff,0x40,0x00,
    0x00,0x01,0xff,0xff,0x00,0x00,0x00,0x00,0x00,0x00,0x00,0x00,0x00,0x00,0x00,0x00,
    0xf0,0x70,0xf0,0xf0,0xf0,0xff,0x70,0x70,0xf0,0xe0,0xe0,0xff,0x60,0x60,0x60,0xc0,
    0xc0,0xff,0x60,0x60,0x40,0x00,0x80,0xff,0x40,0x40,0x00,0x00,0x01,0xff,0x40,0x00,
    0x00,0x01,0x03,0xff,0x00,0x00,0x01,0x03,0x07,0xff,0x7f,0x01,0x03,0x07,0x0f,0xff,
    0xf0,0x70,0xf0,0xf0,0xf0,0xf8,0x70,0x70,0xf0,0xe0,0xe0,0xf0,0x60,0x60,0x60,0xc0,
    0xc0,0xe0,0x60,0x60,0x40,0x00,0x80,0xc1,0x40,0x40,0x00,0x00,0x01,0x83,0x40,0x00,
    0x00,0x01,0x03,0x07,0x00,0x00,0x01,0x03,0x07,0x0f,0x03,0x01,0x03,0x07,0x0f,0x1f,
    0xf0,0x70,0xf0,0xf0,0xf0,0xf8,0x70,0x70,0xf0,0xe0,0xe0,0xf0,0x60,0x60,0x60,0xc0,
    0xc0,0xe0,0x60,0x60,0x40,0x00,0x80,0xc1,0x60,0x40,0x00,0x00,0x01,0x83,0x60,0x00,
    0x00,0x01,0x03,0x07,0x60,0x00,0x01,0x03,0x07,0x0f,0x7f,0x01,0x03,0x07,0x0f,0x1f,
    0xf0,0x70,0xf0,0xf0,0xf0,0xf8,0x70,0x70,0xf0,0xe0,0xe0,0xf0,0x70,0x60,0x60,0xc0,
    0xc0,0xe0,0x70,0x60,0x40,0x00,0x80,0xc1,0x70,0x40,0x00,0x00,0x01,0x83,0x70,0x00,
    0x00,0x01,0x03,0x07,0x70,0x00,0x01,0x03,0x07,0x0f,0x7f,0x01,0x03,0x07,0x0f,0x1f,
    0xfc,0xff,0xfe,0xff,0xff,0xff,0xf8,0xff,0xfe,0xff,0xff,0xff,0xf1,0xff,0xfe,0xff,
    0xff,0xff,0xe3,0xff,0xfe,0xff,0xff,0xff,0xc7,0xff,0xfe,0xff,0xff,0xff,0x8f,0xff,
    0xfe,0xff,0xff,0xff,0x1f,0xff,0xfe,0xff,0xff,0xff,0x3f,0xff,0xfe,0xff,0xff,0xff,
    0xfc,0xff,0xfe,0xff,0xff,0xff,0x08,0x03,0xfe,0xff,0xff,0xff,0x01,0x03,0xfe,0xff,
    0xff,0xff,0x03,0x03,0xfe,0xff,0xff,0xff,0x07,0x07,0xfe,0xff,0xff,0xff,0x0f,0x07,
    0xfe,0xff,0xff,0xff,0x0f,0x0f,0xfe,0xff,0xff,0xff,0x0f,0x0f,0xfe,0xff,0xff,0xff,
    0x00,0x00,0x00,0x00,0x00,0x00,0x00,0x00,0x00,0x00,0x00,0x00,0x00,0x02,0x02,0xff,
    0xff,0xff,0x02,0x02,0x02,0xff,0xff,0xff,0x07,0x07,0x06,0xff,0xff,0xff,0x07,0x07,
    0x06,0xff,0xff,0xff,0x0f,0x0f,0x0e,0xff,0xff,0xff,0x0f,0x0f,0x0e,0xff,0xff,0xff,
    0x00,0x00,0x00,0x00,0x00,0x00,0x00,0x00,0x00,0x00,0x00,0x00,0x02,0x02,0x02,0x82,
    0xff,0xff,0x02,0x02,0x02,0x02,0xff,0xff,0x07,0x07,0x06,0x07,0xff,0xff,0x07,0x07,
    0x06,0x07,0xff,0xff,0x0f,0x0f,0x0e,0x0f,0xff,0xff,0x0f,0x0f,0x0e,0x0f,0xff,0xff,
    0x00,0x00,0x00,0x00,0x00,0x00,0x00,0x00,0x00,0x00,0x00,0x00,0x02,0x02,0x00,0x80,
    0xc0,0xff,0x02,0x02,0x02,0x02,0x80,0xff,0x06,0x06,0x06,0x06,0x03,0xff,0x06,0x06,
    0x06,0x07,0x07,0xff,0x0f,0x0f,0x0e,0x0f,0x0f,0xff,0x0f,0x0f,0x0e,0x0f,0x0f,0xff,
    0xfe,0xfe,0xc0,0xe0,0xf0,0xf8,0x02,0x00,0x80,0xc0,0xe0,0xf0,0x02,0x02,0x00,0x80,
    0xc0,0xe0,0x02,0x02,0x02,0x00,0x80,0xc1,0x06,0x06,0x06,0x02,0x03,0x83,0x06,0x06,
    0x06,0x07,0x07,0x07,0x0f,0x0f,0x0e,0x0f,0x0f,0x0f,0x0f,0x0f,0x0e,0x0f,0x0f,0x1f,
    0xfe,0xc0,0xc0,0xe0,0xf0,0xf8,0x06,0x00,0x80,0xc0,0xe0,0xf0,0x06,0x02,0x00,0x80,
    0xc0,0xe0,0x06,0x02,0x02,0x00,0x80,0xc1,0x06,0x06,0x06,0x02,0x03,0x83,0x06,0x06,
    0x06,0x07,0x07,0x07,0x0f,0x0f,0x0e,0x0f,0x0f,0x0f,0x0f,0x0f,0x0e,0x0f,0x0f,0x1f,
    0xfe,0xfe,0xc0,0xe0,0xf8,0xf8,0x0e,0x06,0x80,0xc0,0xe0,0xf0,0x0e,0x06,0x00,0x80,
    0xc0,0xe0,0x0e,0x06,0x02,0x00,0x80,0xc1,0x0e,0x06,0x06,0x02,0x03,0x83,0x0e,0x06,
    0x06,0x07,0x07,0x07,0x0f,0x0f,0x0e,0x0f,0x0f,0x0f,0x0f,0x0f,0x0e,0x0f,0x0f,0x1f,
    0xfc,0xff,0xfd,0xff,0xff,0xff,0xf8,0xff,0xfd,0xff,0xff,0xff,0xf1,0xff,0xfd,0xff,
    0xff,0xff,0xe3,0xff,0xfd,0xff,0xff,0xff,0xc7,0xff,0xfd,0xff,0xff,0xff,0x8f,0xff,
    0xfd,0xff,0xff,0xff,0x1f,0xff,0xfd,0xff,0xff,0xff,0x3f,0xff,0xfd,0xff,0xff,0xff,
    0xfc,0xff,0xfd,0xff,0xff,0xff,0xf8,0xff,0xfd,0xff,0xff,0xff,0x11,0x07,0xfd,0xff,
    0xff,0xff,0x03,0x07,0xfd,0xff,0xff,0xff,0x07,0x07,0xfd,0xff,0xff,0xff,0x0f,0x0f,
    0xfd,0xff,0xff,0xff,0x1f,0x0f,0xfd,0xff,0xff,0xff,0x1f,0x1f,0xfd,0xff,0xff,0xff,
    0x00,0x00,0x00,0x00,0x00,0x00,0x00,0x00,0x00,0x00,0x00,0x00,0x00,0x00,0x00,0x00,
    0x00,0x00,0x03,0x07,0x05,0xff,0xff,0xff,0x07,0x07,0x05,0xff,0xff,0xff,0x0f,0x0f,
    0x0d,0xff,0xff,0xff,0x0f,0x0f,0x0d,0xff,0xff,0xff,0x1f,0x1f,0x1d,0xff,0xff,0xff,
    0x00,0x00,0x00,0x00,0x00,0x00,0x00,0x00,0x00,0x00,0x00,0x00,0x00,0x00,0x00,0x00,
    0x00,0x00,0x07,0x07,0x05,0x07,0xff,0xff,0x07,0x07,0x05,0x07,0xff,0xff,0x0f,0x0f,
    0x0d,0x0f,0xff,0xff,0x0f,0x0f,0x0d,0x0f,0xff,0xff,0x1f,0x1f,0x1d,0x1f,0xff,0xff,
    0x00,0x00,0x00,0x00,0x00,0x00,0x00,0x00,0x00,0x00,0x00,0x00,0x00,0x00,0x00,0x00,
    0x00,0x00,0x06,0x06,0x00,0x02,0x80,0xff,0x06,0x06,0x04,0x06,0x03,0xff,0x0e,0x0e,
    0x0c,0x0f,0x07,0xff,0x0f,0x0f,0x0d,0x0f,0x0f,0xff,0x1f,0x1f,0x1d,0x1f,0x1f,0xff,
    0xfe,0x80,0xc0,0xe0,0xf0,0xf8,0x7e,0x7e,0x80,0xc0,0xe0,0xf0,0x06,0x00,0x00,0x80,
    0xc0,0xe0,0x06,0x06,0x00,0x00,0x80,0xc1,0x06,0x06,0x04,0x02,0x03,0x83,0x0e,0x0e,
    0x0c,0x07,0x07,0x07,0x0f,0x0f,0x0d,0x0f,0x0f,0x0f,0x1f,0x1f,0x1d,0x1f,0x1f,0x1f,
    0xfe,0x80,0xc0,0xe0,0xf0,0xf8,0x7e,0x00,0x80,0xc0,0xe0,0xf0,0x0e,0x00,0x00,0x80,
    0xc0,0xe0,0x0e,0x06,0x00,0x00,0x80,0xc1,0x0e,0x06,0x04,0x02,0x03,0x83,0x0e,0x0e,
    0x0c,0x07,0x07,0x07,0x0f,0x0f,0x0d,0x0f,0x0f,0x0f,0x1f,0x1f,0x1d,0x1f,0x1f,0x1f,
    0xfe,0xfe,0xc0,0xf0,0xf8,0xf8,0x7e,0x7e,0x80,0xc0,0xf0,0xf0,0x1e,0x0e,0x00,0x80,
    0xc0,0xe0,0x1e,0x0e,0x00,0x00,0x80,0xc1,0x1e,0x0e,0x04,0x02,0x03,0x83,0x1e,0x0e,
    0x0c,0x07,0x07,0x07,0x1f,0x0f,0x0d,0x0f,0x0f,0x0f,0x1f,0x1f,0x1d,0x1f,0x1f,0x1f,
    0xfc,0xff,0xfb,0xff,0xff,0xff,0xf8,0xff,0xfb,0xff,0xff,0xff,0xf1,0xff,0xfb,0xff,
    0xff,0xff,0xe3,0xff,0xfb,0xff,0xff,0xff,0xc7,0xff,0xfb,0xff,0xff,0xff,0x8f,0xff,
    0xfb,0xff,0xff,0xff,0x1f,0xff,0xfb,0xff,0xff,0xff,0x3f,0xff,0xfb,0xff,0xff,0xff,
    0xfc,0xfe,0xfb,0xff,0xff,0xff,0xf8,0xfe,0xfb,0xff,0xff,0xff,0xf1,0xff,0xfb,0xff,
    0xff,0xff,0x23,0x0f,0xfb,0xff,0xff,0xff,0x07,0x0f,0xfb,0xff,0xff,0xff,0x0f,0x0f,
    0xfb,0xff,0xff,0xff,0x1f,0x1f,0xfb,0xff,0xff,0xff,0x3f,0x1f,0xfb,0xff,0xff,0xff,
    0xfc,0xfe,0xfa,0xff,0xff,0xff,0x00,0x00,0x00,0x00,0x00,0x00,0x00,0x00,0x00,0x00,
    0x00,0x00,0x00,0x00,0x00,0x00,0x00,0x00,0x07,0x0f,0x0b,0xff,0xff,0xff,0x0f,0x0f,
    0x0b,0xff,0xff,0xff,0x1f,0x1f,0x1b,0xff,0xff,0xff,0x1f,0x1f,0x1b,0xff,0xff,0xff,
    0xfe,0xfe,0xfa,0xfe,0xff,0xff,0x00,0x00,0x00,0x00,0x00,0x00,0x00,0x00,0x00,0x00,
    0x00,0x00,0x00,0x00,0x00,0x00,0x00,0x00,0x0f,0x0f,0x0b,0x0f,0xff,0xff,0x0f,0x0f,
    0x0b,0x0f,0xff,0xff,0x1f,0x1f,0x1b,0x1f,0xff,0xff,0x1f,0x1f,0x1b,0x1f,0xff,0xff,
    0xfe,0xfe,0xf8,0xf4,0xf8,0xff,0x00,0x00,0x00,0x00,0x00,0x00,0x00,0x00,0x00,0x00,
    0x00,0x00,0x00,0x00,0x00,0x00,0x00,0x00,0x0e,0x0e,0x02,0x04,0x03,0xff,0x0e,0x0e,
    0x0a,0x0f,0x07,0xff,0x1f,0x1f,0x1b,0x1f,0x0f,0xff,0x1f,0x1f,0x1b,0x1f,0x1f,0xff,
    0xfe,0xfe,0xf8,0xf0,0xf8,0xf8,0x7e,0x00,0x80,0xc0,0xe0,0xf0,0x7e,0x7e,0x00,0x80,
    0xc0,0xe0,0x0e,0x00,0x00,0x00,0x80,0xc1,0x0e,0x0e,0x02,0x00,0x03,0x83,0x0e,0x0e,
    0x0a,0x07,0x07,0x07,0x1f,0x1f,0x1b,0x0f,0x0f,0x0f,0x1f,0x1f,0x1b,0x1f,0x1f,0x1f,
    0xfe,0xfe,0xf8,0xf0,0xf8,0xf8,0x7e,0x00,0x80,0xc0,0xe0,0xf0,0x7e,0x00,0x00,0x80,
    0xc0,0xe0,0x1e,0x00,0x00,0x00,0x80,0xc1,0x1e,0x0e,0x02,0x00,0x03,0x83,0x1e,0x0e,
    0x0a,0x07,0x07,0x07,0x1f,0x1f,0x1b,0x0f,0x0f,0x0f,0x1f,0x1f,0x1b,0x1f,0x1f,0x1f,
    0xfe,0xfe,0xf8,0xf0,0xf8,0xf8,0x7e,0x7e,0x80,0xe0,0xf0,0xf0,0x7e,0x7e,0x00,0x80,
    0xe0,0xe0,0x3e,0x1e,0x00,0x00,0x80,0xc1,0x3e,0x1e,0x02,0x00,0x03,0x83,0x3e,0x1e,
    0x0a,0x07,0x07,0x07,0x3f,0x1f,0x1b,0x0f,0x0f,0x0f,0x3f,0x1f,0x1b,0x1f,0x1f,0x1f,
    0xfc,0xff,0xf7,0xff,0xff,0xff,0xf8,0xff,0xf7,0xff,0xff,0xff,0xf1,0xff,0xf7,0xff,
    0xff,0xff,0xe3,0xff,0xf7,0xff,0xff,0xff,0xc7,0xff,0xf7,0xff,0xff,0xff,0x8f,0xff,
    0xf7,0xff,0xff,0xff,0x1f,0xff,0xf7,0xff,0xff,0xff,0x3f,0xff,0xf7,0xff,0xff,0xff,
    0xfc,0xfc,0xf7,0xff,0xff,0xff,0xf8,0xfc,0xf7,0xff,0xff,0xff,0xf1,0xfc,0xf7,0xff,
    0xff,0xff,0xe3,0xff,0xf7,0xff,0xff,0xff,0x47,0x1f,0xf7,0xff,0xff,0xff,0x0f,0x1f,
    0xf7,0xff,0xff,0xff,0x1f,0x1f,0xf7,0xff,0xff,0xff,0x3f,0x3f,0xf7,0xff,0xff,0xff,
    0xfc,0xfc,0xf4,0xff,0xff,0xff,0xf8,0xfc,0xf4,0xff,0xff,0xff,0x00,0x00,0x00,0x00,
    0x00,0x00,0x00,0x00,0x00,0x00,0x00,0x00,0x00,0x00,0x00,0x00,0x00,0x00,0x0f,0x1f,
    0x17,0xff,0xff,0xff,0x1f,0x1f,0x17,0xff,0xff,0xff,0x3f,0x3f,0x37,0xff,0xff,0xff,
    0xfc,0xfc,0xf4,0xfc,0xff,0xff,0xfc,0xfc,0xf4,0xfc,0xff,0xff,0x00,0x00,0x00,0x00,
    0x00,0x00,0x00,0x00,0x00,0x00,0x00,0x00,0x00,0x00,0x00,0x00,0x00,0x00,0x1f,0x1f,
    0x17,0x1f,0xff,0xff,0x1f,0x1f,0x17,0x1f,0xff,0xff,0x3f,0x3f,0x37,0x3f,0xff,0xff,
    0xfc,0xfc,0xf4,0xfc,0xf8,0xff,0xfc,0xfc,0xf0,0xe8,0xf0,0xff,0x00,0x00,0x00,0x00,
    0x00,0x00,0x00,0x00,0x00,0x00,0x00,0x00,0x00,0x00,0x00,0x00,0x00,0x00,0x1e,0x1e,
    0x06,0x0b,0x07,0xff,0x1f,0x1f,0x17,0x1f,0x0f,0xff,0x3f,0x3f,0x37,0x3f,0x1f,0xff,
    0xfc,0xfc,0xf4,0xf8,0xf8,0xf8,0xfc,0xfc,0xf0,0xe0,0xf0,0xf0,0x7c,0x00,0x00,0x80,
    0xc0,0xe0,0x7e,0x7e,0x00,0x00,0x80,0xc1,0x1e,0x00,0x00,0x00,0x01,0x83,0x1e,0x1e,
    0x06,0x03,0x07,0x07,0x1f,0x1f,0x17,0x0f,0x0f,0x0f,0x3f,0x3f,0x37,0x1f,0x1f,0x1f,
    0xfe,0xfc,0xf4,0xf8,0xf8,0xf8,0xfe,0xfc,0xf0,0xe0,0xf0,0xf0,0x7e,0x00,0x00,0x80,
    0xc0,0xe0,0x7e,0x00,0x00,0x00,0x80,0xc1,0x3e,0x00,0x00,0x00,0x01,0x83,0x3e,0x1e,
    0x06,0x03,0x07,0x07,0x3f,0x1f,0x17,0x0f,0x0f,0x0f,0x3f,0x3f,0x37,0x1f,0x1f,0x1f,
    0xfe,0xfe,0xf4,0xf8,0xf8,0xf8,0xfe,0xfe,0xf0,0xe0,0xf0,0xf0,0x7e,0x7e,0x00,0xc0,
    0xe0,0xe0,0x7e,0x7e,0x00,0x00,0xc0,0xc1,0x7e,0x3e,0x00,0x00,0x03,0x83,0x7e,0x3e,
    0x06,0x03,0x07,0x07,0x7f,0x3f,0x17,0x0f,0x0f,0x0f,0x7f,0x3f,0x37,0x1f,0x1f,0x1f,
    0xfc,0xff,0xef,0xff,0xff,0xff,0xf8,0xff,0xef,0xff,0xff,0xff,0xf1,0xff,0xef,0xff,
    0xff,0xff,0xe3,0xff,0xef,0xff,0xff,0xff,0xc7,0xff,0xef,0xff,0xff,0xff,0x8f,0xff,
    0xef,0xff,0xff,0xff,0x1f,0xff,0xef,0xff,0xff,0xff,0x3f,0xff,0xef,0xff,0xff,0xff,
    0xfc,0xfc,0xef,0xff,0xff,0xff,0xf8,0xf8,0xef,0xff,0xff,0xff,0xf0,0xf8,0xef,0xff,
    0xff,0xff,0xe2,0xf8,0xef,0xff,0xff,0xff,0xc7,0xff,0xef,0xff,0xff,0xff,0x8f,0x3f,
    0xef,0xff,0xff,0xff,0x1f,0x3f,0xef,0xff,0xff,0xff,0x3f,0x3f,0xef,0xff,0xff,0xff,
    0xfc,0xfc,0xec,0xff,0xff,0xff,0xf8,0xf8,0xe8,0xff,0xff,0xff,0xf0,0xf8,0xe8,0xff,
    0xff,0xff,0x00,0x00,0x00,0x00,0x00,0x00,0x00,0x00,0x00,0x00,0x00,0x00,0x00,0x00,
    0x00,0x00,0x00,0x00,0x1f,0x3f,0x2f,0xff,0xff,0xff,0x3f,0x3f,0x2f,0xff,0xff,0xff,
    0xfc,0xfc,0xec,0xfc,0xff,0xff,0xf8,0xf8,0xe8,0xf8,0xff,0xff,0xf8,0xf8,0xe8,0xf8,
    0xff,0xff,0x00,0x00,0x00,0x00,0x00,0x00,0x00,0x00,0x00,0x00,0x00,0x00,0x00,0x00,
    0x00,0x00,0x00,0x00,0x3f,0x3f,0x2f,0x3f,0xff,0xff,0x3f,0x3f,0x2f,0x3f,0xff,0xff,
    0xfc,0xfc,0xec,0xfc,0xf8,0xff,0xf8,0xf8,0xe8,0xf8,0xf0,0xff,0x78,0x78,0x60,0xd0,
    0xe0,0xff,0x00,0x00,0x00,0x00,0x00,0x00,0x00,0x00,0x00,0x00,0x00,0x00,0x00,0x00,
    0x00,0x00,0x00,0x00,0x3f,0x3f,0x0f,0x17,0x0f,0xff,0x3f,0x3f,0x2f,0x3f,0x1f,0xff,
    0xfc,0xfc,0xec,0xf8,0xf8,0xf8,0xf8,0xf8,0xe8,0xf0,0xf0,0xf0,0x78,0x78,0x60,0xc0,
    0xe0,0xe0,0x78,0x00,0x00,0x00,0x80,0xc1,0x7e,0x7e,0x00,0x00,0x01,0x83,0x3e,0x00,
    0x00,0x01,0x03,0x07,0x3f,0x3f,0x0f,0x07,0x0f,0x0f,0x3f,0x3f,0x2f,0x1f,0x1f,0x1f,
    0xfc,0xfc,0xec,0xf8,0xf8,0xf8,0xfc,0xf8,0xe8,0xf0,0xf0,0xf0,0x7c,0x78,0x60,0xc0,
    0xe0,0xe0,0x7c,0x00,0x00,0x00,0x80,0xc1,0x7e,0x00,0x00,0x00,0x01,0x83,0x7e,0x00,
    0x00,0x01,0x03,0x07,0x7f,0x3f,0x0f,0x07,0x0f,0x0f,0x7f,0x3f,0x2f,0x1f,0x1f,0x1f,
    0xfe,0xfc,0xec,0xf8,0xf8,0xf8,0xfe,0xfc,0xe8,0xf0,0xf0,0xf0,0x7e,0x7c,0x60,0xc0,
    0xe0,0xe0,0x7e,0x7c,0x00,0x00,0xc0,0xc1,0x7e,0x7e,0x00,0x00,0x03,0x83,0x7e,0x7e,
    0x00,0x03,0x07,0x07,0x7f,0x7f,0x0f,0x07,0x0f,0x0f,0x7f,0x7f,0x2f,0x1f,0x1f,0x1f,
    0xfc,0xff,0xdf,0xff,0xff,0xff,0xf8,0xff,0xdf,0xff,0xff,0xff,0xf1,0xff,0xdf,0xff,
    0xff,0xff,0xe3,0xff,0xdf,0xff,0xff,0xff,0xc7,0xff,0xdf,0xff,0xff,0xff,0x8f,0xff,
    0xdf,0xff,0xff,0xff,0x1f,0xff,0xdf,0xff,0xff,0xff,0x3f,0xff,0xdf,0xff,0xff,0xff,
    0xfc,0xf8,0xdf,0xff,0xff,0xff,0xf8,0xf8,0xdf,0xff,0xff,0xff,0xf0,0xf0,0xdf,0xff,
    0xff,0xff,0xe0,0xf0,0xdf,0xff,0xff,0xff,0xc4,0xf0,0xdf,0xff,0xff,0xff,0x8f,0xff,
    0xdf,0xff,0xff,0xff,0x1f,0x7f,0xdf,0xff,0xff,0xff,0x3f,0x7f,0xdf,0xff,0xff,0xff,
    0xf8,0xf8,0xd8,0xff,0xff,0xff,0xf8,0xf8,0xd8,0xff,0xff,0xff,0xf0,0xf0,0xd0,0xff,
    0xff,0xff,0xe0,0xf0,0xd0,0xff,0xff,0xff,0x00,0x00,0x00,0x00,0x00,0x00,0x00,0x00,
    0x00,0x00,0x00,0x00,0x00,0x00,0x00,0x00,0x00,0x00,0x3f,0x7f,0x5f,0xff,0xff,0xff,
    0xf8,0xf8,0xd8,0xf8,0xff,0xff,0xf8,0xf8,0xd8,0xf8,0xff,0xff,0xf0,0xf0,0xd0,0xf0,
    0xff,0xff,0xf0,0xf0,0xd0,0xf0,0xff,0xff,0x00,0x00,0x00,0x00,0x00,0x00,0x00,0x00,
    0x00,0x00,0x00,0x00,0x00,0x00,0x00,0x00,0x00,0x00,0x7f,0x7f,0x5f,0x7f,0xff,0xff,
    0xf8,0xf8,0xd8,0xf8,0xf8,0xff,0xf8,0xf8,0xd8,0xf8,0xf0,0xff,0x70,0x70,0x50,0xf0,
    0xe0,0xff,0x70,0x70,0x40,0x20,0xc0,0xff,0x00,0x00,0x00,0x00,0x00,0x00,0x00,0x00,
    0x00,0x00,0x00,0x00,0x00,0x00,0x00,0x00,0x00,0x00,0x7f,0x7f,0x1f,0x2f,0x1f,0xff,
    0xf8,0xf8,0xd8,0xf8,0xf8,0xf8,0xf8,0xf8,0xd8,0xf0,0xf0,0xf0,0x70,0x70,0x50,0xe0,
    0xe0,0xe0,0x70,0x70,0x40,0x00,0xc0,0xc1,0x70,0x00,0x00,0x00,0x01,0x83,0x7e,0x7e,
    0x00,0x01,0x03,0x07,0x7e,0x00,0x01,0x03,0x07,0x0f,0x7f,0x7f,0x1f,0x0f,0x1f,0x1f,
    0xf8,0xf8,0xd8,0xf8,0xf8,0xf8,0xf8,0xf8,0xd8,0xf0,0xf0,0xf0,0x78,0x70,0x50,0xe0,
    0xe0,0xe0,0x78,0x70,0x40,0x00,0xc0,0xc1,0x78,0x00,0x00,0x00,0x01,0x83,0x7e,0x00,
    0x00,0x01,0x03,0x07,0x7e,0x00,0x01,0x03,0x07,0x0f,0x7f,0x7f,0x1f,0x0f,0x1f,0x1f,
    0xfc,0xf8,0xd8,0xf8,0xf8,0xf8,0xfc,0xf8,0xd8,0xf0,0xf0,0xf0,0x7c,0x78,0x50,0xe0,
    0xe0,0xe0,0x7c,0x78,0x40,0x00,0xc0,0xc1,0x7c,0x78,0x00,0x00,0x01,0x83,0x7e,0x7e,
    0x00,0x01,0x07,0x07,0x7e,0x7e,0x01,0x07,0x0f,0x0f,0x7f,0x7f,0x1f,0x0f,0x1f,0x1f,
    0xfc,0xff,0xbf,0xff,0xff,0xff,0xf8,0xff,0xbf,0xff,0xff,0xff,0xf1,0xff,0xbf,0xff,
    0xff,0xff,0xe3,0xff,0xbf,0xff,0xff,0xff,0xc7,0xff,0xbf,0xff,0xff,0xff,0x8f,0xff,
    0xbf,0xff,0xff,0xff,0x1f,0xff,0xbf,0xff,0xff,0xff,0x3f,0xff,0xbf,0xff,0xff,0xff,
    0xf8,0xf8,0xbf,0xff,0xff,0xff,0xf8,0xf0,0xbf,0xff,0xff,0xff,0xf0,0xf0,0xbf,0xff,
    0xff,0xff,0xe0,0xe0,0xbf,0xff,0xff,0xff,0xc0,0xe0,0xbf,0xff,0xff,0xff,0x88,0xe0,
    0xbf,0xff,0xff,0xff,0x1f,0xff,0xbf,0xff,0xff,0xff,0x3f,0xff,0xbf,0xff,0xff,0xff,
    0xf8,0xf8,0xb8,0xff,0xff,0xff,0xf0,0xf0,0xb0,0xff,0xff,0xff,0xf0,0xf0,0xb0,0xff,
    0xff,0xff,0xe0,0xe0,0xa0,0xff,0xff,0xff,0xc0,0xe0,0xa0,0xff,0xff,0xff,0x00,0x00,
    0x00,0x00,0x00,0x00,0x00,0x00,0x00,0x00,0x00,0x00,0x00,0x00,0x00,0x00,0x00,0x00,
    0xf8,0xf8,0xb8,0xf8,0xff,0xff,0xf0,0xf0,0xb0,0xf0,0xff,0xff,0xf0,0xf0,0xb0,0xf0,
    0xff,0xff,0xe0,0xe0,0xa0,0xe0,0xff,0xff,0xe0,0xe0,0xa0,0xe0,0xff,0xff,0x00,0x00,
    0x00,0x00,0x00,0x00,0x00,0x00,0x00,0x00,0x00,0x00,0x00,0x00,0x00,0x00,0x00,0x00,
    0xf8,0xf8,0xb8,0xf8,0xf8,0xff,0xf0,0xf0,0xb0,0xf0,0xf0,0xff,0x70,0x70,0x30,0xf0,
    0xe0,0xff,0x60,0x60,0x20,0x60,0xc0,0xff,0x60,0x60,0x00,0x40,0x01,0xff,0x00,0x00,
    0x00,0x00,0x00,0x00,0x00,0x00,0x00,0x00,0x00,0x00,0x00,0x00,0x00,0x00,0x00,0x00,
    0xf8,0xf8,0xb8,0xf8,0xf8,0xf8,0xf0,0xf0,0xb0,0xf0,0xf0,0xf0,0x70,0x70,0x30,0xe0,
    0xe0,0xe0,0x60,0x60,0x20,0x40,0xc0,0xc1,0x60,0x60,0x00,0x00,0x01,0x83,0x60,0x00,
    0x00,0x01,0x03,0x07,0x7e,0x7e,0x01,0x03,0x07,0x0f,0x7f,0x01,0x03,0x07,0x0f,0x1f,
    0xf8,0xf8,0xb8,0xf8,0xf8,0xf8,0xf0,0xf0,0xb0,0xf0,0xf0,0xf0,0x70,0x70,0x30,0xe0,
    0xe0,0xe0,0x70,0x60,0x20,0x40,0xc0,0xc1,0x70,0x60,0x00,0x00,0x01,0x83,0x70,0x00,
    0x00,0x01,0x03,0x07,0x7e,0x00,0x01,0x03,0x07,0x0f,0x7f,0x01,0x03,0x07,0x0f,0x1f,
    0xf8,0xf8,0xb8,0xf8,0xf8,0xf8,0xf8,0xf0,0xb0,0xf0,0xf0,0xf0,0x78,0x70,0x30,0xe0,
    0xe0,0xe0,0x78,0x70,0x20,0x40,0xc0,0xc1,0x78,0x70,0x00,0x00,0x01,0x83,0x78,0x70,
    0x00,0x01,0x03,0x07,0x7e,0x7e,0x01,0x03,0x0f,0x0f,0x7f,0x7f,0x03,0x0f,0x1f,0x1f,
    0xfc,0xff,0x7f,0xff,0xff,0xff,0xf8,0xff,0x7f,0xff,0xff,0xff,0xf1,0xff,0x7f,0xff,
    0xff,0xff,0xe3,0xff,0x7f,0xff,0xff,0xff,0xc7,0xff,0x7f,0xff,0xff,0xff,0x8f,0xff,
    0x7f,0xff,0xff,0xff,0x1f,0xff,0x7f,0xff,0xff,0xff,0x3f,0xff,0x7f,0xff,0xff,0xff,
    0xf0,0xf0,0x7f,0xff,0xff,0xff,0xf0,0xf0,0x7f,0xff,0xff,0xff,0xf0,0xe0,0x7f,0xff,
    0xff,0xff,0xe0,0xe0,0x7f,0xff,0xff,0xff,0xc0,0xc0,0x7f,0xff,0xff,0xff,0x80,0xc0,
    0x7f,0xff,0xff,0xff,0x10,0xc0,0x7f,0xff,0xff,0xff,0x3f,0xff,0x7f,0xff,0xff,0xff,
    0xf0,0xf0,0x70,0xff,0xff,0xff,0xf0,0xf0,0x70,0xff,0xff,0xff,0xe0,0xe0,0x60,0xff,
    0xff,0xff,0xe0,0xe0,0x60,0xff,0xff,0xff,0x40,0x40,0x40,0xff,0xff,0xff,0x00,0x40,
    0x40,0xff,0xff,0xff,0x00,0x00,0x00,0x00,0x00,0x00,0x00,0x00,0x00,0x00,0x00,0x00,
    0xf0,0xf0,0x70,0xf0,0xff,0xff,0xf0,0xf0,0x70,0xf0,0xff,0xff,0xe0,0xe0,0x60,0xe0,
    0xff,0xff,0xe0,0xe0,0x60,0xe0,0xff,0xff,0x40,0x40,0x40,0x40,0xff,0xff,0x40,0x40,
    0x40,0x41,0xff,0xff,0x00,0x00,0x00,0x00,0x00,0x00,0x00,0x00,0x00,0x00,0x00,0x00,
    0xf0,0xf0,0x70,0xf0,0xf0,0xff,0xf0,0xf0,0x70,0xf0,0xf0,0xff,0x60,0x60,0x60,0xe0,
    0xe0,0xff,0x60,0x60,0x60,0x60,0xc0,0xff,0x40,0x40,0x40,0x40,0x01,0xff,0x40,0x40,
    0x00,0x01,0x03,0xff,0x00,0x00,0x00,0x00,0x00,0x00,0x00,0x00,0x00,0x00,0x00,0x00,
    0xf0,0xf0,0x70,0xf0,0xf0,0xf8,0xf0,0xf0,0x70,0xf0,0xf0,0xf0,0x60,0x60,0x60,0xe0,
    0xe0,0xe0,0x60,0x60,0x60,0x40,0xc0,0xc1,0x40,0x40,0x40,0x00,0x01,0x83,0x40,0x40,
    0x00,0x01,0x03,0x07,0x40,0x00,0x01,0x03,0x07,0x0f,0x7f,0x7f,0x03,0x07,0x0f,0x1f,
    0xf0,0xf0,0x70,0xf0,0xf0,0xf8,0xf0,0xf0,0x70,0xf0,0xf0,0xf0,0x60,0x60,0x60,0xe0,
    0xe0,0xe0,0x60,0x60,0x60,0x40,0xc0,0xc1,0x60,0x40,0x40,0x00,0x01,0x83,0x60,0x40,
    0x00,0x01,0x03,0x07,0x60,0x00,0x01,0x03,0x07,0x0f,0x7f,0x03,0x03,0x07,0x0f,0x1f,
    0xf0,0xf0,0x70,0xf0,0xf0,0xf8,0xf0,0xf0,0x70,0xf0,0xf0,0xf0,0x70,0x60,0x60,0xe0,
    0xe0,0xe0,0x70,0x60,0x60,0x40,0xc0,0xc1,0x70,0x60,0x40,0x00,0x01,0x83,0x70,0x60,
    0x00,0x01,0x03,0x07,0x70,0x60,0x01,0x03,0x07,0x0f,0x7f,0x7f,0x03,0x07,0x1f,0x1f,
    0xfc,0xff,0xff,0xfe,0xff,0xff,0xf8,0xff,0xff,0xfe,0xff,0xff,0xf1,0xff,0xff,0xfe,
    0xff,0xff,0xe3,0xff,0xff,0xfe,0xff,0xff,0xc7,0xff,0xff,0xfe,0xff,0xff,0x8f,0xff,
    0xff,0xfe,0xff,0xff,0x1f,0xff,0xff,0xfe,0xff,0xff,0x3f,0xff,0xff,0xfe,0xff,0xff,
    0xfc,0x80,0xff,0xfe,0xff,0xff,0x08,0x00,0xff,0xfe,0xff,0xff,0x01,0x01,0xff,0xfe,
    0xff,0xff,0x03,0x03,0xff,0xfe,0xff,0xff,0x07,0x07,0xff,0xfe,0xff,0xff,0x0f,0x07,
    0xff,0xfe,0xff,0xff,0x0f,0x0f,0xff,0xfe,0xff,0xff,0x0f,0x0f,0xff,0xfe,0xff,0xff,
    0xfc,0x80,0xff,0xfe,0xff,0xff,0x00,0x00,0x83,0xfe,0xff,0xff,0x00,0x00,0x03,0xfe,
    0xff,0xff,0x02,0x02,0x03,0xfe,0xff,0xff,0x07,0x07,0x07,0xfe,0xff,0xff,0x07,0x07,
    0x07,0xfe,0xff,0xff,0x0f,0x0f,0x0f,0xfe,0xff,0xff,0x0f,0x0f,0x0f,0xfe,0xff,0xff,
    0x00,0x00,0x00,0x00,0x00,0x00,0x00,0x00,0x00,0x00,0x00,0x00,0x00,0x00,0x02,0x82,
    0xff,0xff,0x02,0x02,0x02,0x02,0xff,0xff,0x07,0x07,0x07,0x06,0xff,0xff,0x07,0x07,
    0x07,0x06,0xff,0xff,0x0f,0x0f,0x0f,0x0e,0xff,0xff,0x0f,0x0f,0x0f,0x0e,0xff,0xff,
    0x00,0x00,0x00,0x00,0x00,0x00,0x00,0x00,0x00,0x00,0x00,0x00,0x02,0x02,0x02,0x82,
    0xc2,0xff,0x02,0x02,0x02,0x02,0x82,0xff,0x07,0x07,0x07,0x06,0x07,0xff,0x07,0x07,
    0x07,0x06,0x07,0xff,0x0f,0x0f,0x0f,0x0e,0x0f,0xff,0x0f,0x0f,0x0f,0x0e,0x0f,0xff,
    0x00,0x00,0x00,0x00,0x00,0x00,0x00,0x00,0x00,0x00,0x00,0x00,0x02,0x02,0x02,0x80,
    0xc0,0xe0,0x02,0x02,0x02,0x02,0x82,0xc1,0x06,0x06,0x06,0x06,0x07,0x83,0x07,0x07,
    0x07,0x06,0x07,0x07,0x0f,0x0f,0x0f,0x0e,0x0f,0x0f,0x0f,0x0f,0x0f,0x0e,0x0f,0x1f,
    0xfe,0xfe,0xfe,0xe0,0xfc,0xf8,0x06,0x02,0x80,0xc0,0xe0,0xf0,0x06,0x02,0x02,0x80,
    0xc0,0xe0,0x06,0x02,0x02,0x02,0x82,0xc1,0x06,0x06,0x06,0x06,0x07,0x83,0x07,0x07,
    0x07,0x06,0x07,0x07,0x0f,0x0f,0x0f,0x0e,0x0f,0x0f,0x0f,0x0f,0x0f,0x0e,0x0f,0x1f,
    0xfe,0xfe,0xe0,0xe0,0xfc,0xf8,0x0e,0x06,0x80,0xc0,0xe0,0xf0,0x0e,0x06,0x02,0x80,
    0xc0,0xe0,0x0e,0x06,0x02,0x02,0x82,0xc1,0x0e,0x06,0x06,0x06,0x07,0x83,0x0f,0x07,
    0x07,0x06,0x07,0x07,0x0f,0x0f,0x0f,0x0e,0x0f,0x0f,0x0f,0x0f,0x0f,0x0e,0x0f,0x1f,
    0xfc,0xff,0xff,0xfd,0xff,0xff,0xf8,0xff,0xff,0xfd,0xff,0xff,0xf1,0xff,0xff,0xfd,
    0xff,0xff,0xe3,0xff,0xff,0xfd,0xff,0xff,0xc7,0xff,0xff,0xfd,0xff,0xff,0x8f,0xff,
    0xff,0xfd,0xff,0xff,0x1f,0xff,0xff,0xfd,0xff,0xff,0x3f,0xff,0xff,0xfd,0xff,0xff,
    0xfc,0xfc,0xff,0xfd,0xff,0xff,0xf8,0x00,0xff,0xfd,0xff,0xff,0x11,0x01,0xff,0xfd,
    0xff,0xff,0x03,0x03,0xff,0xfd,0xff,0xff,0x07,0x07,0xff,0xfd,0xff,0xff,0x0f,0x0f,
    0xff,0xfd,0xff,0xff,0x1f,0x0f,0xff,0xfd,0xff,0xff,0x1f,0x1f,0xff,0xfd,0xff,0xff,
    0xfc,0xfc,0xff,0xfd,0xff,0xff,0xf8,0x00,0xff,0xfd,0xff,0xff,0x01,0x01,0x07,0xfd,
    0xff,0xff,0x03,0x03,0x07,0xfd,0xff,0xff,0x07,0x07,0x07,0xfd,0xff,0xff,0x0f,0x0f,
    0x0f,0xfd,0xff,0xff,0x0f,0x0f,0x0f,0xfd,0xff,0xff,0x1f,0x1f,0x1f,0xfd,0xff,0xff,
    0x00,0x00,0x00,0x00,0x00,0x00,0x00,0x00,0x00,0x00,0x00,0x00,0x00,0x00,0x00,0x00,
    0x00,0x00,0x03,0x03,0x07,0x05,0xff,0xff,0x07,0x07,0x07,0x05,0xff,0xff,0x0f,0x0f,
    0x0f,0x0d,0xff,0xff,0x0f,0x0f,0x0f,0x0d,0xff,0xff,0x1f,0x1f,0x1f,0x1d,0xff,0xff,
    0x00,0x00,0x00,0x00,0x00,0x00,0x00,0x00,0x00,0x00,0x00,0x00,0x00,0x00,0x00,0x00,
    0x00,0x00,0x07,0x07,0x07,0x05,0x87,0xff,0x07,0x07,0x07,0x05,0x07,0xff,0x0f,0x0f,
    0x0f,0x0d,0x0f,0xff,0x0f,0x0f,0x0f,0x0d,0x0f,0xff,0x1f,0x1f,0x1f,0x1d,0x1f,0xff,
    0x00,0x00,0x00,0x00,0x00,0x00,0x00,0x00,0x00,0x00,0x00,0x00,0x00,0x00,0x00,0x00,
    0x00,0x00,0x06,0x06,0x06,0x00,0x82,0xc1,0x06,0x06,0x06,0x04,0x07,0x83,0x0f,0x0f,
    0x0f,0x0d,0x0f,0x07,0x0f,0x0f,0x0f,0x0d,0x0f,0x0f,0x1f,0x1f,0x1f,0x1d,0x1f,0x1f,
    0xfe,0xfe,0xc0,0xf8,0xfc,0xf8,0x7e,0x7e,0xfe,0xc0,0xf8,0xf0,0x0e,0x06,0x00,0x80,
    0xc0,0xe0,0x0e,0x06,0x06,0x00,0x82,0xc1,0x0e,0x06,0x06,0x04,0x07,0x83,0x0f,0x0f,
    0x0f,0x0d,0x0f,0x07,0x0f,0x0f,0x0f,0x0d,0x0f,0x0f,0x1f,0x1f,0x1f,0x1d,0x1f,0x1f,
    0xfe,0xfe,0xc0,0xf8,0xfc,0xf8,0x7e,0x7e,0xc0,0xc0,0xf8,0xf0,0x1e,0x0e,0x00,0x80,
    0xc0,0xe0,0x1e,0x0e,0x06,0x00,0x82,0xc1,0x1e,0x0e,0x06,0x04,0x07,0x83,0x1f,0x0f,
    0x0f,0x0d,0x0f,0x07,0x1f,0x0f,0x0f,0x0d,0x0f,0x0f,0x1f,0x1f,0x1f,0x1d,0x1f,0x1f,
    0xfc,0xff,0xff,0xfb,0xff,0xff,0xf8,0xff,0xff,0xfb,0xff,0xff,0xf1,0xff,0xff,0xfb,
    0xff,0xff,0xe3,0xff,0xff,0xfb,0xff,0xff,0xc7,0xff,0xff,0xfb,0xff,0xff,0x8f,0xff,
    0xff,0xfb,0xff,0xff,0x1f,0xff,0xff,0xfb,0xff,0xff,0x3f,0xff,0xff,0xfb,0xff,0xff,
    0xfc,0xfc,0xff,0xfb,0xff,0xff,0xf8,0xf8,0xff,0xfb,0xff,0xff,0xf1,0x00,0xff,0xfb,
    0xff,0xff,0x23,0x03,0xff,0xfb,0xff,0xff,0x07,0x07,0xff,0xfb,0xff,0xff,0x0f,0x0f,
    0xff,0xfb,0xff,0xff,0x1f,0x1f,0xff,0xfb,0xff,0xff,0x3f,0x1f,0xff,0xfb,0xff,0xff,
    0xfc,0xfc,0xfe,0xfb,0xff,0xff,0xf8,0xf8,0xfe,0xfb,0xff,0xff,0xf1,0x00,0xff,0xfb,
    0xff,0xff,0x03,0x03,0x0f,0xfb,0xff,0xff,0x07,0x07,0x0f,0xfb,0xff,0xff,0x0f,0x0f,
    0x0f,0xfb,0xff,0xff,0x1f,0x1f,0x1f,0xfb,0xff,0xff,0x1f,0x1f,0x1f,0xfb,0xff,0xff,
    0xfc,0xfc,0xfe,0xfa,0xff,0xff,0x00,0x00,0x00,0x00,0x00,0x00,0x00,0x00,0x00,0x00,
    0x00,0x00,0x00,0x00,0x00,0x00,0x00,0x00,0x07,0x07,0x0f,0x0b,0xff,0xff,0x0f,0x0f,
    0x0f,0x0b,0xff,0xff,0x1f,0x1f,0x1f,0x1b,0xff,0xff,0x1f,0x1f,0x1f,0x1b,0xff,0xff,
    0xfe,0xfe,0xfe,0xfa,0xfe,0xff,0x00,0x00,0x00,0x00,0x00,0x00,0x00,0x00,0x00,0x00,
    0x00,0x00,0x00,0x00,0x00,0x00,0x00,0x00,0x0f,0x0f,0x0f,0x0b,0x0f,0xff,0x0f,0x0f,
    0x0f,0x0b,0x0f,0xff,0x1f,0x1f,0x1f,0x1b,0x1f,0xff,0x1f,0x1f,0x1f,0x1b,0x1f,0xff,
    0xfe,0xfe,0xfe,0xf8,0xfc,0xf8,0x00,0x00,0x00,0x00,0x00,0x00,0x00,0x00,0x00,0x00,
    0x00,0x00,0x00,0x00,0x00,0x00,0x00,0x00,0x0e,0x0e,0x0e,0x02,0x07,0x83,0x0f,0x0f,
    0x0f,0x0b,0x0f,0x07,0x1f,0x1f,0x1f,0x1b,0x1f,0x0f,0x1f,0x1f,0x1f,0x1b,0x1f,0x1f,
    0xfe,0xfe,0xfe,0xf8,0xfc,0xf8,0x7e,0x7e,0x80,0xf0,0xf8,0xf0,0x7e,0x7e,0x7e,0x80,
    0xf0,0xe0,0x1e,0x0e,0x00,0x00,0x82,0xc1,0x1e,0x0e,0x0e,0x02,0x07,0x83,0x1f,0x0f,
    0x0f,0x0b,0x0f,0x07,0x1f,0x1f,0x1f,0x1b,0x1f,0x0f,0x1f,0x1f,0x1f,0x1b,0x1f,0x1f,
    0xfe,0xfe,0xfe,0xf8,0xfc,0xf8,0x7e,0x7e,0x80,0xf0,0xf8,0xf0,0x7e,0x7e,0x00,0x80,
    0xf0,0xe0,0x3e,0x1e,0x00,0x00,0x82,0xc1,0x3e,0x1e,0x0e,0x02,0x07,0x83,0x3f,0x1f,
    0x0f,0x0b,0x0f,0x07,0x3f,0x1f,0x1f,0x1b,0x1f,0x0f,0x3f,0x1f,0x1f,0x1b,0x1f,0x1f,
    0xfc,0xff,0xff,0xf7,0xff,0xff,0xf8,0xff,0xff,0xf7,0xff,0xff,0xf1,0xff,0xff,0xf7,
    0xff,0xff,0xe3,0xff,0xff,0xf7,0xff,0xff,0xc7,0xff,0xff,0xf7,0xff,0xff,0x8f,0xff,
    0xff,0xf7,0xff,0xff,0x1f,0xff,0xff,0xf7,0xff,0xff,0x3f,0xff,0xff,0xf7,0xff,0xff,
    0xfc,0xfc,0xff,0xf7,0xff,0xff,0xf8,0xf8,0xff,0xf7,0xff,0xff,0xf1,0xf0,0xff,0xf7,
    0xff,0xff,0xe3,0x00,0xff,0xf7,0xff,0xff,0x47,0x07,0xff,0xf7,0xff,0xff,0x0f,0x0f,
    0xff,0xf7,0xff,0xff,0x1f,0x1f,0xff,0xf7,0xff,0xff,0x3f,0x3f,0xff,0xf7,0xff,0xff,
    0xfc,0xfc,0xfc,0xf7,0xff,0xff,0xf8,0xf8,0xfc,0xf7,0xff,0xff,0xf0,0xf0,0xfc,0xf7,
    0xff,0xff,0xe3,0x00,0xff,0xf7,0xff,0xff,0x07,0x07,0x1f,0xf7,0xff,0xff,0x0f,0x0f,
    0x1f,0xf7,0xff,0xff,0x1f,0x1f,0x1f,0xf7,0xff,0xff,0x3f,0x3f,0x3f,0xf7,0xff,0xff,
    0xfc,0xfc,0xfc,0xf4,0xff,0xff,0xf8,0xf8,0xfc,0xf4,0xff,0xff,0x00,0x00,0x00,0x00,
    0x00,0x00,0x00,0x00,0x00,0x00,0x00,0x00,0x00,0x00,0x00,0x00,0x00,0x00,0x0f,0x0f,
    0x1f,0x17,0xff,0xff,0x1f,0x1f,0x1f,0x17,0xff,0xff,0x3f,0x3f,0x3f,0x37,0xff,0xff,
    0xfc,0xfc,0xfc,0xf4,0xfc,0xff,0xfc,0xfc,0xfc,0xf4,0xfc,0xff,0x00,0x00,0x00,0x00,
    0x00,0x00,0x00,0x00,0x00,0x00,0x00,0x00,0x00,0x00,0x00,0x00,0x00,0x00,0x1f,0x1f,
    0x1f,0x17,0x1f,0xff,0x1f,0x1f,0x1f,0x17,0x1f,0xff,0x3f,0x3f,0x3f,0x37,0x3f,0xff,
    0xfc,0xfc,0xfc,0xf4,0xfc,0xf8,0xfc,0xfc,0xfc,0xf0,0xf8,0xf0,0x00,0x00,0x00,0x00,
    0x00,0x00,0x00,0x00,0x00,0x00,0x00,0x00,0x00,0x00,0x00,0x00,0x00,0x00,0x1f,0x1f,
    0x1f,0x07,0x0f,0x07,0x1f,0x1f,0x1f,0x17,0x1f,0x0f,0x3f,0x3f,0x3f,0x37,0x3f,0x1f,
    0xfe,0xfc,0xfc,0xf4,0xfc,0xf8,0xfe,0xfc,0xfc,0xf0,0xf8,0xf0,0x7e,0x7c,0x00,0xe0,
    0xf0,0xe0,0x7e,0x7e,0x7e,0x00,0xe2,0xc1,0x3e,0x1e,0x00,0x02,0x07,0x83,0x3f,0x1f,
    0x1f,0x07,0x0f,0x07,0x3f,0x1f,0x1f,0x17,0x1f,0x0f,0x3f,0x3f,0x3f,0x37,0x3f,0x1f,
    0xfe,0xfe,0xfc,0xf4,0xfc,0xf8,0xfe,0xfe,0xfc,0xf0,0xf8,0xf0,0x7e,0x7e,0x00,0xe0,
    0xf0,0xe0,0x7e,0x7e,0x00,0x00,0xe2,0xc1,0x7e,0x3e,0x00,0x02,0x07,0x83,0x7f,0x3f,
    0x1f,0x07,0x0f,0x07,0x7f,0x3f,0x1f,0x17,0x1f,0x0f,0x7f,0x3f,0x3f,0x37,0x3f,0x1f,
    0xfc,0xff,0xff,0xef,0xff,0xff,0xf8,0xff,0xff,0xef,0xff,0xff,0xf1,0xff,0xff,0xef,
    0xff,0xff,0xe3,0xff,0xff,0xef,0xff,0xff,0xc7,0xff,0xff,0xef,0xff,0xff,0x8f,0xff,
    0xff,0xef,0xff,0xff,0x1f,0xff,0xff,0xef,0xff,0xff,0x3f,0xff,0xff,0xef,0xff,0xff,
    0xfc,0xfc,0xff,0xef,0xff,0xff,0xf8,0xf8,0xff,0xef,0xff,0xff,0xf0,0xf0,0xff,0xef,
    0xff,0xff,0xe2,0xe0,0xff,0xef,0xff,0xff,0xc7,0x00,0xff,0xef,0xff,0xff,0x8f,0x0f,
    0xff,0xef,0xff,0xff,0x1f,0x1f,0xff,0xef,0xff,0xff,0x3f,0x3f,0xff,0xef,0xff,0xff,
    0xfc,0xfc,0xfc,0xef,0xff,0xff,0xf8,0xf8,0xf8,0xef,0xff,0xff,0xf0,0xf0,0xf8,0xef,
    0xff,0xff,0xe0,0xe0,0xf8,0xef,0xff,0xff,0xc7,0x00,0xff,0xef,0xff,0xff,0x0f,0x0f,
    0x3f,0xef,0xff,0xff,0x1f,0x1f,0x3f,0xef,0xff,0xff,0x3f,0x3f,0x3f,0xef,0xff,0xff,
    0xfc,0xfc,0xfc,0xec,0xff,0xff,0xf8,0xf8,0xf8,0xe8,0xff,0xff,0xf0,0xf0,0xf8,0xe8,
    0xff,0xff,0x00,0x00,0x00,0x00,0x00,0x00,0x00,0x00,0x00,0x00,0x00,0x00,0x00,0x00,
    0x00,0x00,0x00,0x00,0x1f,0x1f,0x3f,0x2f,0xff,0xff,0x3f,0x3f,0x3f,0x2f,0xff,0xff,
    0xfc,0xfc,0xfc,0xec,0xfc,0xff,0xf8,0xf8,0xf8,0xe8,0xf8,0xff,0xf8,0xf8,0xf8,0xe8,
    0xf8,0xff,0x00,0x00,0x00,0x00,0x00,0x00,0x00,0x00,0x00,0x00,0x00,0x00,0x00,0x00,
    0x00,0x00,0x00,0x00,0x3f,0x3f,0x3f,0x2f,0x3f,0xff,0x3f,0x3f,0x3f,0x2f,0x3f,0xff,
    0xfc,0xfc,0xfc,0xec,0xfc,0xf8,0xf8,0xf8,0xf8,0xe8,0xf8,0xf0,0xf8,0xf8,0xf8,0xe0,
    0xf0,0xe0,0x00,0x00,0x00,0x00,0x00,0x00,0x00,0x00,0x00,0x00,0x00,0x00,0x00,0x00,
    0x00,0x00,0x00,0x00,0x3f,0x3f,0x3f,0x0f,0x1f,0x0f,0x3f,0x3f,0x3f,0x2f,0x3f,0x1f,
    0xfc,0xfc,0xfc,0xec,0xfc,0xf8,0xfc,0xf8,0xf8,0xe8,0xf8,0xf0,0xfc,0xf8,0xf8,0xe0,
    0xf0,0xe0,0x7c,0x78,0x00,0x40,0xe0,0xc1,0x7e,0x7e,0x7e,0x00,0x47,0x83,0x7e,0x3e,
    0x00,0x07,0x0f,0x07,0x7f,0x3f,0x3f,0x0f,0x1f,0x0f,0x7f,0x3f,0x3f,0x2f,0x3f,0x1f,
    0xfe,0xfc,0xfc,0xec,0xfc,0xf8,0xfe,0xfc,0xf8,0xe8,0xf8,0xf0,0xfe,0xfc,0xf8,0xe0,
    0xf0,0xe0,0x7e,0x7c,0x00,0x40,0xe0,0xc1,0x7e,0x7e,0x00,0x00,0x47,0x83,0x7e,0x7e,
    0x00,0x07,0x0f,0x07,0x7f,0x7f,0x3f,0x0f,0x1f,0x0f,0x7f,0x7f,0x3f,0x2f,0x3f,0x1f,
    0xfc,0xff,0xff,0xdf,0xff,0xff,0xf8,0xff,0xff,0xdf,0xff,0xff,0xf1,0xff,0xff,0xdf,
    0xff,0xff,0xe3,0xff,0xff,0xdf,0xff,0xff,0xc7,0xff,0xff,0xdf,0xff,0xff,0x8f,0xff,
    0xff,0xdf,0xff,0xff,0x1f,0xff,0xff,0xdf,0xff,0xff,0x3f,0xff,0xff,0xdf,0xff,0xff,
    0xfc,0xf8,0xff,0xdf,0xff,0xff,0xf8,0xf8,0xff,0xdf,0xff,0xff,0xf0,0xf0,0xff,0xdf,
    0xff,0xff,0xe0,0xe0,0xff,0xdf,0xff,0xff,0xc4,0xc0,0xff,0xdf,0xff,0xff,0x8f,0x00,
    0xff,0xdf,0xff,0xff,0x1f,0x1f,0xff,0xdf,0xff,0xff,0x3f,0x3f,0xff,0xdf,0xff,0xff,
    0xf8,0xf8,0xf8,0xdf,0xff,0xff,0xf8,0xf8,0xf8,0xdf,0xff,0xff,0xf0,0xf0,0xf0,0xdf,
    0xff,0xff,0xe0,0xe0,0xf0,0xdf,0xff,0xff,0xc0,0xc0,0xf0,0xdf,0xff,0xff,0x8f,0x00,
    0xff,0xdf,0xff,0xff,0x1f,0x1f,0x7f,0xdf,0xff,0xff,0x3f,0x3f,0x7f,0xdf,0xff,0xff,
    0xf8,0xf8,0xf8,0xd8,0xff,0xff,0xf8,0xf8,0xf8,0xd8,0xff,0xff,0xf0,0xf0,0xf0,0xd0,
    0xff,0xff,0xe0,0xe0,0xf0,0xd0,0xff,0xff,0x00,0x00,0x00,0x00,0x00,0x00,0x00,0x00,
    0x00,0x00,0x00,0x00,0x00,0x00,0x00,0x00,0x00,0x00,0x3f,0x3f,0x7f,0x5f,0xff,0xff,
    0xf8,0xf8,0xf8,0xd8,0xf8,0xff,0xf8,0xf8,0xf8,0xd8,0xf8,0xff,0xf0,0xf0,0xf0,0xd0,
    0xf0,0xff,0xf0,0xf0,0xf0,0xd0,0xf0,0xff,0x00,0x00,0x00,0x00,0x00,0x00,0x00,0x00,
    0x00,0x00,0x00,0x00,0x00,0x00,0x00,0x00,0x00,0x00,0x7f,0x7f,0x7f,0x5f,0x7f,0xff,
    0xf8,0xf8,0xf8,0xd8,0xf8,0xf8,0xf8,0xf8,0xf8,0xd8,0xf8,0xf0,0xf0,0xf0,0xf0,0xd0,
    0xf0,0xe0,0x70,0x70,0x70,0x40,0xe0,0xc1,0x00,0x00,0x00,0x00,0x00,0x00,0x00,0x00,
    0x00,0x00,0x00,0x00,0x00,0x00,0x00,0x00,0x00,0x00,0x7f,0x7f,0x7f,0x1f,0x3f,0x1f,
    0xf8,0xf8,0xf8,0xd8,0xf8,0xf8,0xf8,0xf8,0xf8,0xd8,0xf8,0xf0,0xf8,0xf0,0xf0,0xd0,
    0xf0,0xe0,0x78,0x70,0x70,0x40,0xe0,0xc1,0x78,0x70,0x00,0x00,0x41,0x83,0x7e,0x7e,
    0x7e,0x01,0x0f,0x07,0x7e,0x7e,0x01,0x0f,0x1f,0x0f,0x7f,0x7f,0x7f,0x1f,0x3f,0x1f,
    0xfc,0xf8,0xf8,0xd8,0xf8,0xf8,0xfc,0xf8,0xf8,0xd8,0xf8,0xf0,0xfc,0xf8,0xf0,0xd0,
    0xf0,0xe0,0x7c,0x78,0x70,0x40,0xe0,0xc1,0x7c,0x78,0x00,0x00,0x41,0x83,0x7e,0x7e,
    0x00,0x01,0x0f,0x07,0x7e,0x7e,0x01,0x0f,0x1f,0x0f,0x7f,0x7f,0x7f,0x1f,0x3f,0x1f,
    0xfc,0xff,0xff,0xbf,0xff,0xff,0xf8,0xff,0xff,0xbf,0xff,0xff,0xf1,0xff,0xff,0xbf,
    0xff,0xff,0xe3,0xff,0xff,0xbf,0xff,0xff,0xc7,0xff,0xff,0xbf,0xff,0xff,0x8f,0xff,
    0xff,0xbf,0xff,0xff,0x1f,0xff,0xff,0xbf,0xff,0xff,0x3f,0xff,0xff,0xbf,0xff,0xff,
    0xf8,0xf8,0xff,0xbf,0xff,0xff,0xf8,0xf0,0xff,0xbf,0xff,0xff,0xf0,0xf0,0xff,0xbf,
    0xff,0xff,0xe0,0xe0,0xff,0xbf,0xff,0xff,0xc0,0xc0,0xff,0xbf,0xff,0xff,0x88,0x80,
    0xff,0xbf,0xff,0xff,0x1f,0x00,0xff,0xbf,0xff,0xff,0x3f,0x3f,0xff,0xbf,0xff,0xff,
    0xf8,0xf8,0xf8,0xbf,0xff,0xff,0xf0,0xf0,0xf0,0xbf,0xff,0xff,0xf0,0xf0,0xf0,0xbf,
    0xff,0xff,0xe0,0xe0,0xe0,0xbf,0xff,0xff,0xc0,0xc0,0xe0,0xbf,0xff,0xff,0x80,0x80,
    0xe0,0xbf,0xff,0xff,0x1f,0x00,0xff,0xbf,0xff,0xff,0x3f,0x3f,0xff,0xbf,0xff,0xff,
    0xf8,0xf8,0xf8,0xb8,0xff,0xff,0xf0,0xf0,0xf0,0xb0,0xff,0xff,0xf0,0xf0,0xf0,0xb0,
    0xff,0xff,0xe0,0xe0,0xe0,0xa0,0xff,0xff,0xc0,0xc0,0xe0,0xa0,0xff,0xff,0x00,0x00,
    0x00,0x00,0x00,0x00,0x00,0x00,0x00,0x00,0x00,0x00,0x00,0x00,0x00,0x00,0x00,0x00,
    0xf8,0xf8,0xf8,0xb8,0xf8,0xff,0xf0,0xf0,0xf0,0xb0,0xf0,0xff,0xf0,0xf0,0xf0,0xb0,
    0xf0,0xff,0xe0,0xe0,0xe0,0xa0,0xe0,0xff,0xe0,0xe0,0xe0,0xa0,0xe1,0xff,0x00,0x00,
    0x00,0x00,0x00,0x00,0x00,0x00,0x00,0x00,0x00,0x00,0x00,0x00,0x00,0x00,0x00,0x00,
    0xf8,0xf8,0xf8,0xb8,0xf8,0xf8,0xf0,0xf0,0xf0,0xb0,0xf0,0xf0,0xf0,0xf0,0xf0,0xb0,
    0xf0,0xe0,0x60,0x60,0x60,0x20,0xe0,0xc1,0x60,0x60,0x60,0x00,0x41,0x83,0x00,0x00,
    0x00,0x00,0x00,0x00,0x00,0x00,0x00,0x00,0x00,0x00,0x00,0x00,0x00,0x00,0x00,0x00,
    0xf8,0xf8,0xf8,0xb8,0xf8,0xf8,0xf0,0xf0,0xf0,0xb0,0xf0,0xf0,0xf0,0xf0,0xf0,0xb0,
    0xf0,0xe0,0x70,0x60,0x60,0x20,0xe0,0xc1,0x70,0x60,0x60,0x00,0x41,0x83,0x70,0x60,
    0x00,0x01,0x03,0x07,0x7e,0x7e,0x7f,0x03,0x1f,0x0f,0x7f,0x7f,0x03,0x1f,0x3f,0x1f,
    0xf8,0xf8,0xf8,0xb8,0xf8,0xf8,0xf8,0xf0,0xf0,0xb0,0xf0,0xf0,0xf8,0xf0,0xf0,0xb0,
    0xf0,0xe0,0x78,0x70,0x60,0x20,0xe0,0xc1,0x78,0x70,0x60,0x00,0x41,0x83,0x78,0x70,
    0x00,0x01,0x03,0x07,0x7e,0x7e,0x03,0x03,0x1f,0x0f,0x7f,0x7f,0x03,0x1f,0x3f,0x1f,
    0xfc,0xff,0xff,0x7f,0xff,0xff,0xf8,0xff,0xff,0x7f,0xff,0xff,0xf1,0xff,0xff,0x7f,
    0xff,0xff,0xe3,0xff,0xff,0x7f,0xff,0xff,0xc7,0xff,0xff,0x7f,0xff,0xff,0x8f,0xff,
    0xff,0x7f,0xff,0xff,0x1f,0xff,0xff,0x7f,0xff,0xff,0x3f,0xff,0xff,0x7f,0xff,0xff,
    0xf0,0xf0,0xff,0x7f,0xff,0xff,0xf0,0xf0,0xff,0x7f,0xff,0xff,0xf0,0xe0,0xff,0x7f,
    0xff,0xff,0xe0,0xe0,0xff,0x7f,0xff,0xff,0xc0,0xc0,0xff,0x7f,0xff,0xff,0x80,0x80,
    0xff,0x7f,0xff,0xff,0x10,0x00,0xff,0x7f,0xff,0xff,0x3f,0x01,0xff,0x7f,0xff,0xff,
    0xf0,0xf0,0xf0,0x7f,0xff,0xff,0xf0,0xf0,0xf0,0x7f,0xff,0xff,0xe0,0xe0,0xe0,0x7f,
    0xff,0xff,0xe0,0xe0,0xe0,0x7f,0xff,0xff,0x40,0x40,0xc0,0x7f,0xff,0xff,0x00,0x00,
    0xc0,0x7f,0xff,0xff,0x00,0x00,0xc1,0x7f,0xff,0xff,0x3f,0x01,0xff,0x7f,0xff,0xff,
    0xf0,0xf0,0xf0,0x70,0xff,0xff,0xf0,0xf0,0xf0,0x70,0xff,0xff,0xe0,0xe0,0xe0,0x60,
    0xff,0xff,0xe0,0xe0,0xe0,0x60,0xff,0xff,0x40,0x40,0x40,0x40,0xff,0xff,0x00,0x00,
    0x40,0x41,0xff,0xff,0x00,0x00,0x00,0x00,0x00,0x00,0x00,0x00,0x00,0x00,0x00,0x00,
    0xf0,0xf0,0xf0,0x70,0xf0,0xff,0xf0,0xf0,0xf0,0x70,0xf0,0xff,0xe0,0xe0,0xe0,0x60,
    0xe0,0xff,0xe0,0xe0,0xe0,0x60,0xe0,0xff,0x40,0x40,0x40,0x40,0x41,0xff,0x40,0x40,
    0x40,0x41,0x43,0xff,0x00,0x00,0x00,0x00,0x00,0x00,0x00,0x00,0x00,0x00,0x00,0x00,
    0xf0,0xf0,0xf0,0x70,0xf0,0xf8,0xf0,0xf0,0xf0,0x70,0xf0,0xf0,0xe0,0xe0,0xe0,0x60,
    0xe0,0xe0,0x60,0x60,0x60,0x60,0xe0,0xc1,0x40,0x40,0x40,0x40,0x41,0x83,0x40,0x40,
    0x40,0x01,0x03,0x07,0x00,0x00,0x00,0x00,0x00,0x00,0x00,0x00,0x00,0x00,0x00,0x00,
    0xf0,0xf0,0xf0,0x70,0xf0,0xf8,0xf0,0xf0,0xf0,0x70,0xf0,0xf0,0xe0,0xe0,0xe0,0x60,
    0xe0,0xe0,0x60,0x60,0x60,0x60,0xe0,0xc1,0x60,0x40,0x40,0x40,0x41,0x83,0x60,0x40,
    0x40,0x01,0x03,0x07,0x60,0x40,0x01,0x03,0x07,0x0f,0x7f,0x7f,0x7f,0x07,0x3f,0x1f,
    0xf0,0xf0,0xf0,0x70,0xf0,0xf8,0xf0,0xf0,0xf0,0x70,0xf0,0xf0,0xf0,0xe0,0xe0,0x60,
    0xe0,0xe0,0x70,0x60,0x60,0x60,0xe0,0xc1,0x70,0x60,0x40,0x40,0x41,0x83,0x70,0x60,
    0x40,0x01,0x03,0x07,0x70,0x60,0x01,0x03,0x07,0x0f,0x7f,0x7f,0x07,0x07,0x3f,0x1f,
    0xfc,0xff,0xff,0xff,0xfe,0xff,0xf8,0xff,0xff,0xff,0xfe,0xff,0xf1,0xff,0xff,0xff,
    0xfe,0xff,0xe3,0xff,0xff,0xff,0xfe,0xff,0xc7,0xff,0xff,0xff,0xfe,0xff,0x8f,0xff,
    0xff,0xff,0xfe,0xff,0x1f,0xff,0xff,0xff,0xfe,0xff,0x3f,0xff,0xff,0xff,0xfe,0xff,
    0xfc,0x80,0xff,0xff,0xfe,0xff,0x08,0x00,0xff,0xff,0xfe,0xff,0x01,0x00,0xff,0xff,
    0xfe,0xff,0x03,0x01,0xff,0xff,0xfe,0xff,0x07,0x03,0xff,0xff,0xfe,0xff,0x0f,0x07,
    0xff,0xff,0xfe,0xff,0x0f,0x0f,0xff,0xff,0xfe,0xff,0x0f,0x0f,0xff,0xff,0xfe,0xff,
    0x80,0x80,0xc0,0xff,0xfe,0xff,0x00,0x00,0x80,0xff,0xfe,0xff,0x00,0x00,0x01,0xff,
    0xfe,0xff,0x00,0x00,0x03,0xff,0xfe,0xff,0x03,0x03,0x07,0xff,0xfe,0xff,0x07,0x07,
    0x07,0xff,0xfe,0xff,0x0f,0x0f,0x0f,0xff,0xfe,0xff,0x0f,0x0f,0x0f,0xff,0xfe,0xff,
    0x80,0x80,0xc0,0xff,0xfe,0xff,0x00,0x00,0x80,0xc3,0xfe,0xff,0x00,0x00,0x00,0x83,
    0xfe,0xff,0x00,0x00,0x02,0x03,0xfe,0xff,0x03,0x03,0x07,0x07,0xfe,0xff,0x07,0x07,
    0x07,0x07,0xfe,0xff,0x0f,0x0f,0x0f,0x0f,0xfe,0xff,0x0f,0x0f,0x0f,0x0f,0xfe,0xff,
    0x00,0x00,0x00,0x00,0x00,0x00,0x00,0x00,0x00,0x00,0x00,0x00,0x00,0x00,0x00,0x82,
    0xc2,0xff,0x00,0x02,0x02,0x02,0x82,0xff,0x03,0x07,0x07,0x07,0x06,0xff,0x07,0x07,
    0x07,0x07,0x06,0xff,0x0f,0x0f,0x0f,0x0f,0x0e,0xff,0x0f,0x0f,0x0f,0x0f,0x0e,0xff,
    0x00,0x00,0x00,0x00,0x00,0x00,0x00,0x00,0x00,0x00,0x00,0x00,0x02,0x02,0x02,0x82,
    0xc2,0xe3,0x02,0x02,0x02,0x02,0x82,0xc3,0x07,0x07,0x07,0x07,0x06,0x87,0x07,0x07,
    0x07,0x07,0x06,0x07,0x0f,0x0f,0x0f,0x0f,0x0e,0x0f,0x0f,0x0f,0x0f,0x0f,0x0e,0x1f,
    0x00,0x00,0x00,0x00,0x00,0x00,0x00,0x00,0x00,0x00,0x00,0x00,0x02,0x02,0x02,0x82,
    0xc2,0xe1,0x02,0x02,0x02,0x02,0x82,0xc3,0x07,0x07,0x07,0x07,0x06,0x87,0x07,0x07,
    0x07,0x07,0x06,0x07,0x0f,0x0f,0x0f,0x0f,0x0e,0x0f,0x0f,0x0f,0x0f,0x0f,0x0e,0x1f,
    0xfe,0xfe,0xfe,0xfe,0xfe,0xf8,0x0e,0x06,0x82,0xc2,0xe0,0xf2,0x0e,0x06,0x02,0x82,
    0xc2,0xe1,0x0e,0x06,0x02,0x02,0x82,0xc3,0x0f,0x07,0x07,0x07,0x06,0x87,0x0f,0x07,
    0x07,0x07,0x06,0x07,0x0f,0x0f,0x0f,0x0f,0x0e,0x0f,0x0f,0x0f,0x0f,0x0f,0x0e,0x1f,
    0xfc,0xff,0xff,0xff,0xfd,0xff,0xf8,0xff,0xff,0xff,0xfd,0xff,0xf1,0xff,0xff,0xff,
    0xfd,0xff,0xe3,0xff,0xff,0xff,0xfd,0xff,0xc7,0xff,0xff,0xff,0xfd,0xff,0x8f,0xff,
    0xff,0xff,0xfd,0xff,0x1f,0xff,0xff,0xff,0xfd,0xff,0x3f,0xff,0xff,0xff,0xfd,0xff,
    0xfc,0xf8,0xff,0xff,0xfd,0xff,0xf8,0x00,0xff,0xff,0xfd,0xff,0x11,0x00,0xff,0xff,
    0xfd,0xff,0x03,0x01,0xff,0xff,0xfd,0xff,0x07,0x03,0xff,0xff,0xfd,0xff,0x0f,0x07,
    0xff,0xff,0xfd,0xff,0x1f,0x0f,0xff,0xff,0xfd,0xff,0x1f,0x1f,0xff,0xff,0xfd,0xff,
    0x80,0x80,0xfc,0xff,0xfd,0xff,0x00,0x00,0x80,0xff,0xfd,0xff,0x00,0x00,0x01,0xff,
    0xfd,0xff,0x01,0x01,0x03,0xff,0xfd,0xff,0x03,0x03,0x07,0xff,0xfd,0xff,0x07,0x07,
    0x0f,0xff,0xfd,0xff,0x0f,0x0f,0x0f,0xff,0xfd,0xff,0x1f,0x1f,0x1f,0xff,0xfd,0xff,
    0x80,0x80,0xfc,0xff,0xfd,0xff,0x00,0x00,0x80,0xff,0xfd,0xff,0x00,0x00,0x01,0x87,
    0xfd,0xff,0x01,0x01,0x03,0x07,0xfd,0xff,0x03,0x03,0x07,0x07,0xfd,0xff,0x07,0x07,
    0x0f,0x0f,0xfd,0xff,0x0f,0x0f,0x0f,0x0f,0xfd,0xff,0x1f,0x1f,0x1f,0x1f,0xfd,0xff,
    0x00,0x00,0x00,0x00,0x00,0x00,0x00,0x00,0x00,0x00,0x00,0x00,0x00,0x00,0x00,0x00,
    0x00,0x00,0x01,0x03,0x03,0x07,0x85,0xff,0x03,0x07,0x07,0x07,0x05,0xff,0x07,0x0f,
    0x0f,0x0f,0x0d,0xff,0x0f,0x0f,0x0f,0x0f,0x0d,0xff,0x1f,0x1f,0x1f,0x1f,0x1d,0xff,
    0x00,0x00,0x00,0x00,0x00,0x00,0x00,0x00,0x00,0x00,0x00,0x00,0x00,0x00,0x00,0x00,
    0x00,0x00,0x07,0x07,0x07,0x07,0x85,0xc7,0x07,0x07,0x07,0x07,0x05,0x87,0x0f,0x0f,
    0x0f,0x0f,0x0d,0x0f,0x0f,0x0f,0x0f,0x0f,0x0d,0x0f,0x1f,0x1f,0x1f,0x1f,0x1d,0x1f,
    0x00,0x00,0x00,0x00,0x00,0x00,0x00,0x00,0x00,0x00,0x00,0x00,0x00,0x00,0x00,0x00,
    0x00,0x00,0x06,0x06,0x06,0x06,0x85,0xc3,0x07,0x07,0x07,0x07,0x05,0x87,0x0f,0x0f,
    0x0f,0x0f,0x0d,0x0f,0x0f,0x0f,0x0f,0x0f,0x0d,0x0f,0x1f,0x1f,0x1f,0x1f,0x1d,0x1f,
    0xfe,0xfe,0xfe,0xfe,0xf8,0xfa,0x7e,0x7e,0xfe,0xfe,0xfc,0xf8,0x1e,0x0e,0x06,0x86,
    0xc0,0xe7,0x1e,0x0e,0x06,0x06,0x85,0xc3,0x1f,0x0f,0x07,0x07,0x05,0x87,0x1f,0x0f,
    0x0f,0x0f,0x0d,0x0f,0x1f,0x0f,0x0f,0x0f,0x0d,0x0f,0x1f,0x1f,0x1f,0x1f,0x1d,0x1f,
    0xfc,0xff,0xff,0xff,0xfb,0xff,0xf8,0xff,0xff,0xff,0xfb,0xff,0xf1,0xff,0xff,0xff,
    0xfb,0xff,0xe3,0xff,0xff,0xff,0xfb,0xff,0xc7,0xff,0xff,0xff,0xfb,0xff,0x8f,0xff,
    0xff,0xff,0xfb,0xff,0x1f,0xff,0xff,0xff,0xfb,0xff,0x3f,0xff,0xff,0xff,0xfb,0xff,
    0xfc,0xf8,0xff,0xff,0xfb,0xff,0xf8,0xf0,0xff,0xff,0xfb,0xff,0xf1,0x00,0xff,0xff,
    0xfb,0xff,0x23,0x01,0xff,0xff,0xfb,0xff,0x07,0x03,0xff,0xff,0xfb,0xff,0x0f,0x07,
    0xff,0xff,0xfb,0xff,0x1f,0x0f,0xff,0xff,0xfb,0xff,0x3f,0x1f,0xff,0xff,0xfb,0xff,
    0xf8,0xf8,0xfc,0xff,0xfb,0xff,0x00,0x00,0xf8,0xff,0xfb,0xff,0x00,0x00,0x00,0xff,
    0xfb,0xff,0x00,0x00,0x03,0xff,0xfb,0xff,0x03,0x03,0x07,0xff,0xfb,0xff,0x07,0x07,
    0x0f,0xff,0xfb,0xff,0x0f,0x0f,0x1f,0xff,0xfb,0xff,0x1f,0x1f,0x1f,0xff,0xfb,0xff,
    0xf8,0xf8,0xfc,0xfe,0xfb,0xff,0x00,0x00,0xf8,0xfe,0xfb,0xff,0x00,0x00,0x00,0xff,
    0xfb,0xff,0x00,0x00,0x03,0x0f,0xfb,0xff,0x03,0x03,0x07,0x0f,0xfb,0xff,0x07,0x07,
    0x0f,0x0f,0xfb,0xff,0x0f,0x0f,0x1f,0x1f,0xfb,0xff,0x1f,0x1f,0x1f,0x1f,0xfb,0xff,
    0xf8,0xfc,0xfc,0xfe,0xfa,0xff,0x00,0x00,0x00,0x00,0x00,0x00,0x00,0x00,0x00,0x00,
    0x00,0x00,0x00,0x00,0x00,0x00,0x00,0x00,0x03,0x07,0x07,0x0f,0x0b,0xff,0x07,0x0f,
    0x0f,0x0f,0x0b,0xff,0x0f,0x1f,0x1f,0x1f,0x1b,0xff,0x1f,0x1f,0x1f,0x1f,0x1b,0xff,
    0xfe,0xfe,0xfe,0xfe,0xfa,0xfe,0x00,0x00,0x00,0x00,0x00,0x00,0x00,0x00,0x00,0x00,
    0x00,0x00,0x00,0x00,0x00,0x00,0x00,0x00,0x0f,0x0f,0x0f,0x0f,0x0b,0x8f,0x0f,0x0f,
    0x0f,0x0f,0x0b,0x0f,0x1f,0x1f,0x1f,0x1f,0x1b,0x1f,0x1f,0x1f,0x1f,0x1f,0x1b,0x1f,
    0xfe,0xfe,0xfe,0xfe,0xf8,0xfc,0x00,0x00,0x00,0x00,0x00,0x00,0x00,0x00,0x00,0x00,
    0x00,0x00,0x00,0x00,0x00,0x00,0x00,0x00,0x0f,0x0f,0x0f,0x0f,0x0b,0x87,0x0f,0x0f,
    0x0f,0x0f,0x0b,0x0f,0x1f,0x1f,0x1f,0x1f,0x1b,0x1f,0x1f,0x1f,0x1f,0x1f,0x1b,0x1f,
    0xfe,0xfe,0xfe,0xfe,0xfa,0xfc,0x7e,0x7e,0xfe,0xfe,0xf0,0xfe,0x7e,0x7e,0x7e,0xfe,
    0xfa,0xf1,0x3e,0x1e,0x0e,0x0e,0x81,0xcf,0x3f,0x1f,0x0f,0x0f,0x0b,0x87,0x3f,0x1f,
    0x0f,0x0f,0x0b,0x0f,0x3f,0x1f,0x1f,0x1f,0x1b,0x1f,0x3f,0x1f,0x1f,0x1f,0x1b,0x1f,
    0xfc,0xff,0xff,0xff,0xf7,0xff,0xf8,0xff,0xff,0xff,0xf7,0xff,0xf1,0xff,0xff,0xff,
    0xf7,0xff,0xe3,0xff,0xff,0xff,0xf7,0xff,0xc7,0xff,0xff,0xff,0xf7,0xff,0x8f,0xff,
    0xff,0xff,0xf7,0xff,0x1f,0xff,0xff,0xff,0xf7,0xff,0x3f,0xff,0xff,0xff,0xf7,0xff,
    0xfc,0xf8,0xff,0xff,0xf7,0xff,0xf8,0xf0,0xff,0xff,0xf7,0xff,0xf1,0xe0,0xff,0xff,
    0xf7,0xff,0xe3,0x00,0xff,0xff,0xf7,0xff,0x47,0x03,0xff,0xff,0xf7,0xff,0x0f,0x07,
    0xff,0xff,0xf7,0xff,0x1f,0x0f,0xff,0xff,0xf7,0xff,0x3f,0x1f,0xff,0xff,0xf7,0xff,
    0xf8,0xf8,0xfc,0xff,0xf7,0xff,0xf0,0xf0,0xf8,0xff,0xf7,0xff,0x00,0x00,0xf0,0xff,
    0xf7,0xff,0x00,0x00,0x00,0xff,0xf7,0xff,0x00,0x00,0x07,0xff,0xf7,0xff,0x07,0x07,
    0x0f,0xff,0xf7,0xff,0x0f,0x0f,0x1f,0xff,0xf7,0xff,0x1f,0x1f,0x3f,0xff,0xf7,0xff,
    0xf8,0xf8,0xfc,0xfc,0xf7,0xff,0xf0,0xf0,0xf8,0xfc,0xf7,0xff,0x00,0x00,0xf0,0xfc,
    0xf7,0xff,0x00,0x00,0x00,0xff,0xf7,0xff,0x00,0x00,0x07,0x1f,0xf7,0xff,0x07,0x07,
    0x0f,0x1f,0xf7,0xff,0x0f,0x0f,0x1f,0x1f,0xf7,0xff,0x1f,0x1f,0x3f,0x3f,0xf7,0xff,
    0xf8,0xfc,0xfc,0xfc,0xf4,0xff,0xf0,0xf8,0xf8,0xfc,0xf4,0xff,0x00,0x00,0x00,0x00,
    0x00,0x00,0x00,0x00,0x00,0x00,0x00,0x00,0x00,0x00,0x00,0x00,0x00,0x00,0x07,0x0f,
    0x0f,0x1f,0x17,0xff,0x0f,0x1f,0x1f,0x1f,0x17,0xff,0x1f,0x3f,0x3f,0x3f,0x37,0xff,
    0xfc,0xfc,0xfc,0xfc,0xf4,0xfc,0xfc,0xfc,0xfc,0xfc,0xf4,0xfc,0x00,0x00,0x00,0x00,
    0x00,0x00,0x00,0x00,0x00,0x00,0x00,0x00,0x00,0x00,0x00,0x00,0x00,0x00,0x1f,0x1f,
    0x1f,0x1f,0x17,0x1f,0x1f,0x1f,0x1f,0x1f,0x17,0x1f,0x3f,0x3f,0x3f,0x3f,0x37,0x3f,
    0xfc,0xfc,0xfc,0xfc,0xf4,0xfc,0xfc,0xfc,0xfc,0xfc,0xf4,0xf8,0x00,0x00,0x00,0x00,
    0x00,0x00,0x00,0x00,0x00,0x00,0x00,0x00,0x00,0x00,0x00,0x00,0x00,0x00,0x1f,0x1f,
    0x1f,0x1f,0x17,0x0f,0x1f,0x1f,0x1f,0x1f,0x17,0x1f,0x3f,0x3f,0x3f,0x3f,0x37,0x3f,
    0xfe,0xfe,0xfc,0xfc,0xf4,0xfc,0xfe,0xfe,0xfc,0xfc,0xf4,0xf8,0x7e,0x7e,0x7c,0xfc,
    0xe0,0xfc,0x7e,0x7e,0x7e,0x7e,0xf6,0xe3,0x7e,0x3e,0x1e,0x1e,0x03,0x9f,0x7f,0x3f,
    0x1f,0x1f,0x17,0x0f,0x7f,0x3f,0x1f,0x1f,0x17,0x1f,0x7f,0x3f,0x3f,0x3f,0x37,0x3f,
    0xfc,0xff,0xff,0xff,0xef,0xff,0xf8,0xff,0xff,0xff,0xef,0xff,0xf1,0xff,0xff,0xff,
    0xef,0xff,0xe3,0xff,0xff,0xff,0xef,0xff,0xc7,0xff,0xff,0xff,0xef,0xff,0x8f,0xff,
    0xff,0xff,0xef,0xff,0x1f,0xff,0xff,0xff,0xef,0xff,0x3f,0xff,0xff,0xff,0xef,0xff,
    0xfc,0xf8,0xff,0xff,0xef,0xff,0xf8,0xf0,0xff,0xff,0xef,0xff,0xf0,0xe0,0xff,0xff,
    0xef,0xff,0xe2,0xc0,0xff,0xff,0xef,0xff,0xc7,0x00,0xff,0xff,0xef,0xff,0x8f,0x07,
    0xff,0xff,0xef,0xff,0x1f,0x0f,0xff,0xff,0xef,0xff,0x3f,0x1f,0xff,0xff,0xef,0xff,
    0xf8,0xf8,0xfc,0xff,0xef,0xff,0xf0,0xf0,0xf8,0xff,0xef,0xff,0xe0,0xe0,0xf0,0xff,
    0xef,0xff,0x00,0x00,0xe0,0xff,0xef,0xff,0x00,0x00,0x00,0xff,0xef,0xff,0x00,0x00,
    0x0f,0xff,0xef,0xff,0x0f,0x0f,0x1f,0xff,0xef,0xff,0x1f,0x1f,0x3f,0xff,0xef,0xff,
    0xf8,0xf8,0xfc,0xfc,0xef,0xff,0xf0,0xf0,0xf8,0xf8,0xef,0xff,0xe0,0xe0,0xf0,0xf8,
    0xef,0xff,0x00,0x00,0xe0,0xf8,0xef,0xff,0x00,0x00,0x00,0xff,0xef,0xff,0x00,0x00,
    0x0f,0x3f,0xef,0xff,0x0f,0x0f,0x1f,0x3f,0xef,0xff,0x1f,0x1f,0x3f,0x3f,0xef,0xff,
    0xf8,0xfc,0xfc,0xfc,0xec,0xff,0xf0,0xf8,0xf8,0xf8,0xe8,0xff,0xe0,0xf0,0xf0,0xf8,
    0xe8,0xff,0x00,0x00,0x00,0x00,0x00,0x00,0x00,0x00,0x00,0x00,0x00,0x00,0x00,0x00,
    0x00,0x00,0x00,0x00,0x0f,0x1f,0x1f,0x3f,0x2f,0xff,0x1f,0x3f,0x3f,0x3f,0x2f,0xff,
    0xfc,0xfc,0xfc,0xfc,0xec,0xfc,0xf8,0xf8,0xf8,0xf8,0xe8,0xf8,0xf8,0xf8,0xf8,0xf8,
    0xe8,0xf8,0x00,0x00,0x00,0x00,0x00,0x00,0x00,0x00,0x00,0x00,0x00,0x00,0x00,0x00,
    0x00,0x00,0x00,0x00,0x3f,0x3f,0x3f,0x3f,0x2f,0x3f,0x3f,0x3f,0x3f,0x3f,0x2f,0x3f,
    0xfc,0xfc,0xfc,0xfc,0xec,0xfc,0xf8,0xf8,0xf8,0xf8,0xe8,0xf8,0xf8,0xf8,0xf8,0xf8,
    0xe8,0xf0,0x00,0x00,0x00,0x00,0x00,0x00,0x00,0x00,0x00,0x00,0x00,0x00,0x00,0x00,
    0x00,0x00,0x00,0x00,0x3f,0x3f,0x3f,0x3f,0x2f,0x1f,0x3f,0x3f,0x3f,0x3f,0x2f,0x3f,
    0xfe,0xfc,0xfc,0xfc,0xec,0xfc,0xfe,0xfc,0xf8,0xf8,0xe8,0xf8,0xfe,0xfc,0xf8,0xf8,
    0xe8,0xf0,0x7e,0x7c,0x78,0x78,0xc0,0xf9,0x7e,0x7e,0x7e,0x7e,0x6f,0xc7,0x7e,0x7e,
    0x3e,0x3f,0x07,0x3f,0x7f,0x7f,0x3f,0x3f,0x2f,0x1f,0x7f,0x7f,0x3f,0x3f,0x2f,0x3f,
    0xfc,0xff,0xff,0xff,0xdf,0xff,0xf8,0xff,0xff,0xff,0xdf,0xff,0xf1,0xff,0xff,0xff,
    0xdf,0xff,0xe3,0xff,0xff,0xff,0xdf,0xff,0xc7,0xff,0xff,0xff,0xdf,0xff,0x8f,0xff,
    0xff,0xff,0xdf,0xff,0x1f,0xff,0xff,0xff,0xdf,0xff,0x3f,0xff,0xff,0xff,0xdf,0xff,
    0xfc,0xf8,0xff,0xff,0xdf,0xff,0xf8,0xf0,0xff,0xff,0xdf,0xff,0xf0,0xe0,0xff,0xff,
    0xdf,0xff,0xe0,0xc0,0xff,0xff,0xdf,0xff,0xc4,0x80,0xff,0xff,0xdf,0xff,0x8f,0x00,
    0xff,0xff,0xdf,0xff,0x1f,0x0f,0xff,0xff,0xdf,0xff,0x3f,0x1f,0xff,0xff,0xdf,0xff,
    0xf8,0xf8,0xf8,0xff,0xdf,0xff,0xf0,0xf0,0xf8,0xff,0xdf,0xff,0xe0,0xe0,0xf0,0xff,
    0xdf,0xff,0xc0,0xc0,0xe0,0xff,0xdf,0xff,0x00,0x00,0xc0,0xff,0xdf,0xff,0x00,0x00,
    0x00,0xff,0xdf,0xff,0x00,0x00,0x1f,0xff,0xdf,0xff,0x1f,0x1f,0x3f,0xff,0xdf,0xff,
    0xf8,0xf8,0xf8,0xf8,0xdf,0xff,0xf0,0xf0,0xf8,0xf8,0xdf,0xff,0xe0,0xe0,0xf0,0xf0,
    0xdf,0xff,0xc0,0xc0,0xe0,0xf0,0xdf,0xff,0x00,0x00,0xc0,0xf0,0xdf,0xff,0x00,0x00,
    0x00,0xff,0xdf,0xff,0x00,0x00,0x1f,0x7f,0xdf,0xff,0x1f,0x1f,0x3f,0x7f,0xdf,0xff,
    0xf8,0xf8,0xf8,0xf8,0xd8,0xff,0xf0,0xf8,0xf8,0xf8,0xd8,0xff,0xe0,0xf0,0xf0,0xf0,
    0xd0,0xff,0xc0,0xe0,0xe0,0xf0,0xd0,0xff,0x00,0x00,0x00,0x00,0x00,0x00,0x00,0x00,
    0x00,0x00,0x00,0x00,0x00,0x00,0x00,0x00,0x00,0x00,0x1f,0x3f,0x3f,0x7f,0x5f,0xff,
    0xf8,0xf8,0xf8,0xf8,0xd8,0xf8,0xf8,0xf8,0xf8,0xf8,0xd8,0xf8,0xf0,0xf0,0xf0,0xf0,
    0xd0,0xf0,0xf0,0xf0,0xf0,0xf0,0xd0,0xf1,0x00,0x00,0x00,0x00,0x00,0x00,0x00,0x00,
    0x00,0x00,0x00,0x00,0x00,0x00,0x00,0x00,0x00,0x00,0x7f,0x7f,0x7f,0x7f,0x5f,0x7f,
    0xf8,0xf8,0xf8,0xf8,0xd8,0xf8,0xf8,0xf8,0xf8,0xf8,0xd8,0xf8,0xf0,0xf0,0xf0,0xf0,
    0xd0,0xf0,0xf0,0xf0,0xf0,0xf0,0xd0,0xe1,0x00,0x00,0x00,0x00,0x00,0x00,0x00,0x00,
    0x00,0x00,0x00,0x00,0x00,0x00,0x00,0x00,0x00,0x00,0x7f,0x7f,0x7f,0x7f,0x1f,0x3f,
    0xfc,0xf8,0xf8,0xf8,0xd8,0xf8,0xfc,0xf8,0xf8,0xf8,0xd8,0xf8,0xfc,0xf8,0xf0,0xf0,
    0xd0,0xf0,0xfc,0xf8,0xf0,0xf0,0xd0,0xe1,0x7c,0x78,0x70,0x70,0x81,0xf3,0x7e,0x7e,
    0x7e,0x7f,0x5f,0x8f,0x7e,0x7e,0x7f,0x7f,0x0f,0x7f,0x7f,0x7f,0x7f,0x7f,0x5f,0x3f,
    0xfc,0xff,0xff,0xff,0xbf,0xff,0xf8,0xff,0xff,0xff,0xbf,0xff,0xf1,0xff,0xff,0xff,
    0xbf,0xff,0xe3,0xff,0xff,0xff,0xbf,0xff,0xc7,0xff,0xff,0xff,0xbf,0xff,0x8f,0xff,
    0xff,0xff,0xbf,0xff,0x1f,0xff,0xff,0xff,0xbf,0xff,0x3f,0xff,0xff,0xff,0xbf,0xff,
    0xf8,0xf8,0xff,0xff,0xbf,0xff,0xf8,0xf0,0xff,0xff,0xbf,0xff,0xf0,0xe0,0xff,0xff,
    0xbf,0xff,0xe0,0xc0,0xff,0xff,0xbf,0xff,0xc0,0x80,0xff,0xff,0xbf,0xff,0x88,0x00,
    0xff,0xff,0xbf,0xff,0x1f,0x00,0xff,0xff,0xbf,0xff,0x3f,0x1f,0xff,0xff,0xbf,0xff,
    0xf8,0xf8,0xf8,0xff,0xbf,0xff,0xf0,0xf0,0xf0,0xff,0xbf,0xff,0xe0,0xe0,0xf0,0xff,
    0xbf,0xff,0xc0,0xc0,0xe0,0xff,0xbf,0xff,0x80,0x80,0xc0,0xff,0xbf,0xff,0x00,0x00,
    0x80,0xff,0xbf,0xff,0x00,0x00,0x01,0xff,0xbf,0xff,0x01,0x01,0x3f,0xff,0xbf,0xff,
    0xf8,0xf8,0xf8,0xf8,0xbf,0xff,0xf0,0xf0,0xf0,0xf0,0xbf,0xff,0xe0,0xe0,0xf0,0xf0,
    0xbf,0xff,0xc0,0xc0,0xe0,0xe0,0xbf,0xff,0x80,0x80,0xc0,0xe0,0xbf,0xff,0x00,0x00,
    0x80,0xe1,0xbf,0xff,0x00,0x00,0x01,0xff,0xbf,0xff,0x01,0x01,0x3f,0xff,0xbf,0xff,
    0xf8,0xf8,0xf8,0xf8,0xb8,0xff,0xf0,0xf0,0xf0,0xf0,0xb0,0xff,0xe0,0xf0,0xf0,0xf0,
    0xb0,0xff,0xc0,0xe0,0xe0,0xe0,0xa0,0xff,0x80,0xc0,0xc0,0xe0,0xa1,0xff,0x00,0x00,
    0x00,0x00,0x00,0x00,0x00,0x00,0x00,0x00,0x00,0x00,0x00,0x00,0x00,0x00,0x00,0x00,
    0xf8,0xf8,0xf8,0xf8,0xb8,0xf8,0xf0,0xf0,0xf0,0xf0,0xb0,0xf0,0xf0,0xf0,0xf0,0xf0,
    0xb0,0xf0,0xe0,0xe0,0xe0,0xe0,0xa0,0xe1,0xe0,0xe0,0xe0,0xe0,0xa1,0xe3,0x00,0x00,
    0x00,0x00,0x00,0x00,0x00,0x00,0x00,0x00,0x00,0x00,0x00,0x00,0x00,0x00,0x00,0x00,
    0xf8,0xf8,0xf8,0xf8,0xb8,0xf8,0xf0,0xf0,0xf0,0xf0,0xb0,0xf0,0xf0,0xf0,0xf0,0xf0,
    0xb0,0xf0,0xe0,0xe0,0xe0,0xe0,0xa0,0xe1,0x60,0x60,0x60,0x60,0xa1,0xc3,0x00,0x00,
    0x00,0x00,0x00,0x00,0x00,0x00,0x00,0x00,0x00,0x00,0x00,0x00,0x00,0x00,0x00,0x00,
    0xf8,0xf8,0xf8,0xf8,0xb8,0xf8,0xf8,0xf0,0xf0,0xf0,0xb0,0xf0,0xf8,0xf0,0xf0,0xf0,
    0xb0,0xf0,0xf8,0xf0,0xe0,0xe0,0xa0,0xe1,0x78,0x70,0x60,0x60,0xa1,0xc3,0x78,0x70,
    0x60,0x61,0x03,0xe7,0x7e,0x7e,0x7f,0x7f,0x3f,0x1f,0x7f,0x7f,0x7f,0x7f,0x1f,0x5f,
    0xfc,0xff,0xff,0xff,0x7f,0xff,0xf8,0xff,0xff,0xff,0x7f,0xff,0xf1,0xff,0xff,0xff,
    0x7f,0xff,0xe3,0xff,0xff,0xff,0x7f,0xff,0xc7,0xff,0xff,0xff,0x7f,0xff,0x8f,0xff,
    0xff,0xff,0x7f,0xff,0x1f,0xff,0xff,0xff,0x7f,0xff,0x3f,0xff,0xff,0xff,0x7f,0xff,
    0xf0,0xf0,0xff,0xff,0x7f,0xff,0xf0,0xf0,0xff,0xff,0x7f,0xff,0xf0,0xe0,0xff,0xff,
    0x7f,0xff,0xe0,0xc0,0xff,0xff,0x7f,0xff,0xc0,0x80,0xff,0xff,0x7f,0xff,0x80,0x00,
    0xff,0xff,0x7f,0xff,0x10,0x00,0xff,0xff,0x7f,0xff,0x3f,0x01,0xff,0xff,0x7f,0xff,
    0xf0,0xf0,0xf0,0xff,0x7f,0xff,0xf0,0xf0,0xf0,0xff,0x7f,0xff,0xe0,0xe0,0xe0,0xff,
    0x7f,0xff,0xc0,0xc0,0xe0,0xff,0x7f,0xff,0x00,0x00,0xc0,0xff,0x7f,0xff,0x00,0x00,
    0x80,0xff,0x7f,0xff,0x00,0x00,0x01,0xff,0x7f,0xff,0x01,0x01,0x03,0xff,0x7f,0xff,
    0xf0,0xf0,0xf0,0xf0,0x7f,0xff,0xf0,0xf0,0xf0,0xf0,0x7f,0xff,0xe0,0xe0,0xe0,0xe0,
    0x7f,0xff,0xc0,0xc0,0xe0,0xe0,0x7f,0xff,0x00,0x00,0x40,0xc0,0x7f,0xff,0x00,0x00,
    0x00,0xc1,0x7f,0xff,0x00,0x00,0x01,0xc3,0x7f,0xff,0x01,0x01,0x03,0xff,0x7f,0xff,
    0xf0,0xf0,0xf0,0xf0,0x70,0xff,0xf0,0xf0,0xf0,0xf0,0x70,0xff,0xe0,0xe0,0xe0,0xe0,
    0x60,0xff,0xc0,0xe0,0xe0,0xe0,0x60,0xff,0x00,0x40,0x40,0x40,0x41,0xff,0x00,0x00,
    0x00,0x41,0x43,0xff,0x00,0x00,0x00,0x00,0x00,0x00,0x00,0x00,0x00,0x00,0x00,0x00,
    0xf0,0xf0,0xf0,0xf0,0x70,0xf8,0xf0,0xf0,0xf0,0xf0,0x70,0xf0,0xe0,0xe0,0xe0,0xe0,
    0x60,0xe0,0xe0,0xe0,0xe0,0xe0,0x60,0xe1,0x40,0x40,0x40,0x40,0x41,0xc3,0x40,0x40,
    0x40,0x41,0x43,0xc7,0x00,0x00,0x00,0x00,0x00,0x00,0x00,0x00,0x00,0x00,0x00,0x00,
    0xf0,0xf0,0xf0,0xf0,0x70,0xf8,0xf0,0xf0,0xf0,0xf0,0x70,0xf0,0xe0,0xe0,0xe0,0xe0,
    0x60,0xe0,0xe0,0xe0,0xe0,0xe0,0x60,0xe1,0x40,0x40,0x40,0x40,0x41,0xc3,0x40,0x40,
    0x40,0x41,0x43,0x87,0x00,0x00,0x00,0x00,0x00,0x00,0x00,0x00,0x00,0x00,0x00,0x00,
    0xf0,0xf0,0xf0,0xf0,0x70,0xf8,0xf0,0xf0,0xf0,0xf0,0x70,0xf0,0xf0,0xe0,0xe0,0xe0,
    0x60,0xe0,0xf0,0xe0,0xe0,0xe0,0x60,0xe1,0x70,0x60,0x40,0x40,0x41,0xc3,0x70,0x60,
    0x40,0x41,0x43,0x87,0x70,0x60,0x41,0x43,0x07,0x4f,0x7f,0x7f,0x7f,0x7f,0x7f,0x1f,
    0xfc,0xff,0xff,0xff,0xff,0xfe,0xf8,0xff,0xff,0xff,0xff,0xfe,0xf1,0xff,0xff,0xff,
    0xff,0xfe,0xe3,0xff,0xff,0xff,0xff,0xfe,0xc7,0xff,0xff,0xff,0xff,0xfe,0x8f,0xff,
    0xff,0xff,0xff,0xfe,0x1f,0xff,0xff,0xff,0xff,0xfe,0x3f,0xff,0xff,0xff,0xff,0xfe,
    0x80,0x80,0xff,0xff,0xff,0xfe,0x00,0x00,0xff,0xff,0xff,0xfe,0x00,0x00,0xff,0xff,
    0xff,0xfe,0x00,0x00,0xff,0xff,0xff,0xfe,0x01,0x01,0xff,0xff,0xff,0xfe,0x03,0x03,
    0xff,0xff,0xff,0xfe,0x07,0x07,0xff,0xff,0xff,0xfe,0x0f,0x0f,0xff,0xff,0xff,0xfe,
    0x80,0x80,0xc0,0xff,0xff,0xfe,0x00,0x00,0x80,0xff,0xff,0xfe,0x00,0x00,0x00,0xff,
    0xff,0xfe,0x00,0x00,0x01,0xff,0xff,0xfe,0x01,0x01,0x03,0xff,0xff,0xfe,0x03,0x03,
    0x07,0xff,0xff,0xfe,0x07,0x07,0x0f,0xff,0xff,0xfe,0x0f,0x0f,0x0f,0xff,0xff,0xfe,
    0x80,0x80,0xc0,0xe0,0xff,0xfe,0x00,0x00,0x80,0xc0,0xff,0xfe,0x00,0x00,0x00,0x81,
    0xff,0xfe,0x00,0x00,0x00,0x03,0xff,0xfe,0x01,0x01,0x03,0x07,0xff,0xfe,0x03,0x03,
    0x07,0x07,0xff,0xfe,0x07,0x07,0x0f,0x0f,0xff,0xfe,0x0f,0x0f,0x0f,0x0f,0xff,0xfe,
    0x80,0x80,0xc0,0xe0,0xff,0xfe,0x00,0x00,0x80,0xc0,0xe3,0xfe,0x00,0x00,0x00,0x80,
    0xc3,0xfe,0x00,0x00,0x00,0x02,0x83,0xfe,0x01,0x01,0x03,0x07,0x07,0xfe,0x03,0x03,
    0x07,0x07,0x07,0xfe,0x07,0x07,0x0f,0x0f,0x0f,0xfe,0x0f,0x0f,0x0f,0x0f,0x0f,0xfe,
    0x00,0x00,0x00,0x00,0x00,0x00,0x00,0x00,0x00,0x00,0x00,0x00,0x00,0x00,0x00,0x80,
    0xc2,0xe2,0x00,0x00,0x02,0x02,0x82,0xc2,0x01,0x03,0x07,0x07,0x07,0x86,0x03,0x07,
    0x07,0x07,0x07,0x06,0x07,0x0f,0x0f,0x0f,0x0f,0x0e,0x0f,0x0f,0x0f,0x0f,0x0f,0x1e,
    0x00,0x00,0x00,0x00,0x00,0x00,0x00,0x00,0x00,0x00,0x00,0x00,0x02,0x02,0x02,0x82,
    0xc2,0xe2,0x02,0x02,0x02,0x02,0x82,0xc2,0x07,0x07,0x07,0x07,0x07,0x86,0x07,0x07,
    0x07,0x07,0x07,0x06,0x0f,0x0f,0x0f,0x0f,0x0f,0x0e,0x0f,0x0f,0x0f,0x0f,0x0f,0x1e,
    0x00,0x00,0x00,0x00,0x00,0x00,0x00,0x00,0x00,0x00,0x00,0x00,0x02,0x02,0x02,0x82,
    0xc2,0xe2,0x02,0x02,0x02,0x02,0x82,0xc2,0x07,0x07,0x07,0x07,0x07,0x86,0x07,0x07,
    0x07,0x07,0x07,0x06,0x0f,0x0f,0x0f,0x0f,0x0f,0x0e,0x0f,0x0f,0x0f,0x0f,0x0f,0x1e,
    0xfc,0xff,0xff,0xff,0xff,0xfd,0xf8,0xff,0xff,0xff,0xff,0xfd,0xf1,0xff,0xff,0xff,
    0xff,0xfd,0xe3,0xff,0xff,0xff,0xff,0xfd,0xc7,0xff,0xff,0xff,0xff,0xfd,0x8f,0xff,
    0xff,0xff,0xff,0xfd,0x1f,0xff,0xff,0xff,0xff,0xfd,0x3f,0xff,0xff,0xff,0xff,0xfd,
    0x80,0x80,0xff,0xff,0xff,0xfd,0x00,0x00,0xff,0xff,0xff,0xfd,0x00,0x00,0xff,0xff,
    0xff,0xfd,0x00,0x00,0xff,0xff,0xff,0xfd,0x01,0x01,0xff,0xff,0xff,0xfd,0x03,0x03,
    0xff,0xff,0xff,0xfd,0x07,0x07,0xff,0xff,0xff,0xfd,0x0f,0x0f,0xff,0xff,0xff,0xfd,
    0x80,0x80,0xf8,0xff,0xff,0xfd,0x00,0x00,0x80,0xff,0xff,0xfd,0x00,0x00,0x00,0xff,
    0xff,0xfd,0x00,0x00,0x01,0xff,0xff,0xfd,0x01,0x01,0x03,0xff,0xff,0xfd,0x03,0x03,
    0x07,0xff,0xff,0xfd,0x07,0x07,0x0f,0xff,0xff,0xfd,0x0f,0x0f,0x1f,0xff,0xff,0xfd,
    0x80,0x80,0xc0,0xfc,0xff,0xfd,0x00,0x00,0x80,0xc0,0xff,0xfd,0x00,0x00,0x00,0x81,
    0xff,0xfd,0x00,0x00,0x01,0x03,0xff,0xfd,0x01,0x01,0x03,0x07,0xff,0xfd,0x03,0x03,
    0x07,0x0f,0xff,0xfd,0x07,0x07,0x0f,0x0f,0xff,0xfd,0x0f,0x0f,0x1f,0x1f,0xff,0xfd,
    0x80,0x80,0xc0,0xfc,0xff,0xfd,0x00,0x00,0x80,0xc0,0xff,0xfd,0x00,0x00,0x00,0x81,
    0xc7,0xfd,0x00,0x00,0x01,0x03,0x87,0xfd,0x01,0x01,0x03,0x07,0x07,0xfd,0x03,0x03,
    0x07,0x0f,0x0f,0xfd,0x07,0x07,0x0f,0x0f,0x0f,0xfd,0x0f,0x0f,0x1f,0x1f,0x1f,0xfd,
    0x00,0x00,0x00,0x00,0x00,0x00,0x00,0x00,0x00,0x00,0x00,0x00,0x00,0x00,0x00,0x00,
    0x00,0x00,0x00,0x00,0x03,0x03,0x87,0xc5,0x01,0x03,0x07,0x07,0x07,0x85,0x03,0x07,
    0x0f,0x0f,0x0f,0x0d,0x07,0x0f,0x0f,0x0f,0x0f,0x0d,0x0f,0x1f,0x1f,0x1f,0x1f,0x1d,
    0x00,0x00,0x00,0x00,0x00,0x00,0x00,0x00,0x00,0x00,0x00,0x00,0x00,0x00,0x00,0x00,
    0x00,0x00,0x07,0x07,0x07,0x07,0x87,0xc5,0x07,0x07,0x07,0x07,0x07,0x85,0x0f,0x0f,
    0x0f,0x0f,0x0f,0x0d,0x0f,0x0f,0x0f,0x0f,0x0f,0x0d,0x1f,0x1f,0x1f,0x1f,0x1f,0x1d,
    0x00,0x00,0x00,0x00,0x00,0x00,0x00,0x00,0x00,0x00,0x00,0x00,0x00,0x00,0x00,0x00,
    0x00,0x00,0x07,0x07,0x07,0x07,0x87,0xc5,0x07,0x07,0x07,0x07,0x07,0x85,0x0f,0x0f,
    0x0f,0x0f,0x0f,0x0d,0x0f,0x0f,0x0f,0x0f,0x0f,0x0d,0x1f,0x1f,0x1f,0x1f,0x1f,0x1d,
    0xfc,0xff,0xff,0xff,0xff,0xfb,0xf8,0xff,0xff,0xff,0xff,0xfb,0xf1,0xff,0xff,0xff,
    0xff,0xfb,0xe3,0xff,0xff,0xff,0xff,0xfb,0xc7,0xff,0xff,0xff,0xff,0xfb,0x8f,0xff,
    0xff,0xff,0xff,0xfb,0x1f,0xff,0xff,0xff,0xff,0xfb,0x3f,0xff,0xff,0xff,0xff,0xfb,
    0xf0,0xf0,0xff,0xff,0xff,0xfb,0x00,0x00,0xff,0xff,0xff,0xfb,0x00,0x00,0xff,0xff,
    0xff,0xfb,0x00,0x00,0xff,0xff,0xff,0xfb,0x01,0x01,0xff,0xff,0xff,0xfb,0x03,0x03,
    0xff,0xff,0xff,0xfb,0x07,0x07,0xff,0xff,0xff,0xfb,0x0f,0x0f,0xff,0xff,0xff,0xfb,
    0xf0,0xf0,0xf8,0xff,0xff,0xfb,0x00,0x00,0xf0,0xff,0xff,0xfb,0x00,0x00,0x00,0xff,
    0xff,0xfb,0x00,0x00,0x01,0xff,0xff,0xfb,0x01,0x01,0x03,0xff,0xff,0xfb,0x03,0x03,
    0x07,0xff,0xff,0xfb,0x07,0x07,0x0f,0xff,0xff,0xfb,0x0f,0x0f,0x1f,0xff,0xff,0xfb,
    0xf0,0xf0,0xf8,0xfc,0xff,0xfb,0x00,0x00,0x80,0xf8,0xff,0xfb,0x00,0x00,0x00,0x80,
    0xff,0xfb,0x00,0x00,0x00,0x03,0xff,0xfb,0x01,0x01,0x03,0x07,0xff,0xfb,0x03,0x03,
    0x07,0x0f,0xff,0xfb,0x07,0x07,0x0f,0x1f,0xff,0xfb,0x0f,0x0f,0x1f,0x1f,0xff,0xfb,
    0xf0,0xf0,0xf8,0xfc,0xfe,0xfb,0x00,0x00,0x80,0xf8,0xfe,0xfb,0x00,0x00,0x00,0x80,
    0xff,0xfb,0x00,0x00,0x00,0x03,0x8f,0xfb,0x01,0x01,0x03,0x07,0x0f,0xfb,0x03,0x03,
    0x07,0x0f,0x0f,0xfb,0x07,0x07,0x0f,0x1f,0x1f,0xfb,0x0f,0x0f,0x1f,0x1f,0x1f,0xfb,
    0xf0,0xf8,0xfc,0xfc,0xfe,0xfa,0x00,0x00,0x00,0x00,0x00,0x00,0x00,0x00,0x00,0x00,
    0x00,0x00,0x00,0x00,0x00,0x00,0x00,0x00,0x01,0x03,0x07,0x07,0x0f,0x8b,0x03,0x07,
    0x0f,0x0f,0x0f,0x0b,0x07,0x0f,0x1f,0x1f,0x1f,0x1b,0x0f,0x1f,0x1f,0x1f,0x1f,0x1b,
    0xfe,0xfe,0xfe,0xfe,0xfe,0xfa,0x00,0x00,0x00,0x00,0x00,0x00,0x00,0x00,0x00,0x00,
    0x00,0x00,0x00,0x00,0x00,0x00,0x00,0x00,0x0f,0x0f,0x0f,0x0f,0x0f,0x8b,0x0f,0x0f,
    0x0f,0x0f,0x0f,0x0b,0x1f,0x1f,0x1f,0x1f,0x1f,0x1b,0x1f,0x1f,0x1f,0x1f,0x1f,0x1b,
    0xfe,0xfe,0xfe,0xfe,0xfc,0xfa,0x00,0x00,0x00,0x00,0x00,0x00,0x00,0x00,0x00,0x00,
    0x00,0x00,0x00,0x00,0x00,0x00,0x00,0x00,0x0f,0x0f,0x0f,0x0f,0x0f,0x8b,0x0f,0x0f,
    0x0f,0x0f,0x0f,0x0b,0x1f,0x1f,0x1f,0x1f,0x1f,0x1b,0x1f,0x1f,0x1f,0x1f,0x1f,0x1b,
    0xfc,0xff,0xff,0xff,0xff,0xf7,0xf8,0xff,0xff,0xff,0xff,0xf7,0xf1,0xff,0xff,0xff,
    0xff,0xf7,0xe3,0xff,0xff,0xff,0xff,0xf7,0xc7,0xff,0xff,0xff,0xff,0xf7,0x8f,0xff,
    0xff,0xff,0xff,0xf7,0x1f,0xff,0xff,0xff,0xff,0xf7,0x3f,0xff,0xff,0xff,0xff,0xf7,
    0xf0,0xf0,0xff,0xff,0xff,0xf7,0xe0,0xe0,0xff,0xff,0xff,0xf7,0x00,0x00,0xff,0xff,
    0xff,0xf7,0x00,0x00,0xff,0xff,0xff,0xf7,0x00,0x00,0xff,0xff,0xff,0xf7,0x03,0x03,
    0xff,0xff,0xff,0xf7,0x07,0x07,0xff,0xff,0xff,0xf7,0x0f,0x0f,0xff,0xff,0xff,0xf7,
    0xf0,0xf0,0xf8,0xff,0xff,0xf7,0xe0,0xe0,0xf0,0xff,0xff,0xf7,0x00,0x00,0xe0,0xff,
    0xff,0xf7,0x00,0x00,0x00,0xff,0xff,0xf7,0x00,0x00,0x03,0xff,0xff,0xf7,0x03,0x03,
    0x07,0xff,0xff,0xf7,0x07,0x07,0x0f,0xff,0xff,0xf7,0x0f,0x0f,0x1f,0xff,0xff,0xf7,
    0xf0,0xf0,0xf8,0xfc,0xff,0xf7,0xe0,0xe0,0xf0,0xf8,0xff,0xf7,0x00,0x00,0x00,0xf0,
    0xff,0xf7,0x00,0x00,0x00,0x00,0xff,0xf7,0x00,0x00,0x00,0x07,0xff,0xf7,0x03,0x03,
    0x07,0x0f,0xff,0xf7,0x07,0x07,0x0f,0x1f,0xff,0xf7,0x0f,0x0f,0x1f,0x3f,0xff,0xf7,
    0xf0,0xf0,0xf8,0xfc,0xfc,0xf7,0xe0,0xe0,0xf0,0xf8,0xfc,0xf7,0x00,0x00,0x00,0xf0,
    0xfc,0xf7,0x00,0x00,0x00,0x00,0xff,0xf7,0x00,0x00,0x00,0x07,0x1f,0xf7,0x03,0x03,
    0x07,0x0f,0x1f,0xf7,0x07,0x07,0x0f,0x1f,0x1f,0xf7,0x0f,0x0f,0x1f,0x3f,0x3f,0xf7,
    0xf0,0xf8,0xfc,0xfc,0xfc,0xf4,0xe0,0xf0,0xf8,0xf8,0xfc,0xf4,0x00,0x00,0x00,0x00,
    0x00,0x00,0x00,0x00,0x00,0x00,0x00,0x00,0x00,0x00,0x00,0x00,0x00,0x00,0x03,0x07,
    0x0f,0x0f,0x1f,0x17,0x07,0x0f,0x1f,0x1f,0x1f,0x17,0x0f,0x1f,0x3f,0x3f,0x3f,0x37,
    0xfc,0xfc,0xfc,0xfc,0xfc,0xf4,0xfc,0xfc,0xfc,0xfc,0xfc,0xf4,0x00,0x00,0x00,0x00,
    0x00,0x00,0x00,0x00,0x00,0x00,0x00,0x00,0x00,0x00,0x00,0x00,0x00,0x00,0x1f,0x1f,
    0x1f,0x1f,0x1f,0x17,0x1f,0x1f,0x1f,0x1f,0x1f,0x17,0x3f,0x3f,0x3f,0x3f,0x3f,0x37,
    0xfc,0xfc,0xfc,0xfc,0xfc,0xf4,0xfc,0xfc,0xfc,0xfc,0xfc,0xf4,0x00,0x00,0x00,0x00,
    0x00,0x00,0x00,0x00,0x00,0x00,0x00,0x00,0x00,0x00,0x00,0x00,0x00,0x00,0x1f,0x1f,
    0x1f,0x1f,0x1f,0x17,0x1f,0x1f,0x1f,0x1f,0x1f,0x17,0x3f,0x3f,0x3f,0x3f,0x3f,0x37,
    0xfc,0xff,0xff,0xff,0xff,0xef,0xf8,0xff,0xff,0xff,0xff,0xef,0xf1,0xff,0xff,0xff,
    0xff,0xef,0xe3,0xff,0xff,0xff,0xff,0xef,0xc7,0xff,0xff,0xff,0xff,0xef,0x8f,0xff,
    0xff,0xff,0xff,0xef,0x1f,0xff,0xff,0xff,0xff,0xef,0x3f,0xff,0xff,0xff,0xff,0xef,
    0xf0,0xf0,0xff,0xff,0xff,0xef,0xe0,0xe0,0xff,0xff,0xff,0xef,0xc0,0xc0,0xff,0xff,
    0xff,0xef,0x00,0x00,0xff,0xff,0xff,0xef,0x00,0x00,0xff,0xff,0xff,0xef,0x00,0x00,
    0xff,0xff,0xff,0xef,0x07,0x07,0xff,0xff,0xff,0xef,0x0f,0x0f,0xff,0xff,0xff,0xef,
    0xf0,0xf0,0xf8,0xff,0xff,0xef,0xe0,0xe0,0xf0,0xff,0xff,0xef,0xc0,0xc0,0xe0,0xff,
    0xff,0xef,0x00,0x00,0xc0,0xff,0xff,0xef,0x00,0x00,0x00,0xff,0xff,0xef,0x00,0x00,
    0x07,0xff,0xff,0xef,0x07,0x07,0x0f,0xff,0xff,0xef,0x0f,0x0f,0x1f,0xff,0xff,0xef,
    0xf0,0xf0,0xf8,0xfc,0xff,0xef,0xe0,0xe0,0xf0,0xf8,0xff,0xef,0xc0,0xc0,0xe0,0xf0,
    0xff,0xef,0x00,0x00,0x00,0xe0,0xff,0xef,0x00,0x00,0x00,0x00,0xff,0xef,0x00,0x00,
    0x00,0x0f,0xff,0xef,0x07,0x07,0x0f,0x1f,0xff,0xef,0x0f,0x0f,0x1f,0x3f,0xff,0xef,
    0xf0,0xf0,0xf8,0xfc,0xfc,0xef,0xe0,0xe0,0xf0,0xf8,0xf8,0xef,0xc0,0xc0,0xe0,0xf0,
    0xf8,0xef,0x00,0x00,0x00,0xe0,0xf8,0xef,0x00,0x00,0x00,0x00,0xff,0xef,0x00,0x00,
    0x00,0x0f,0x3f,0xef,0x07,0x07,0x0f,0x1f,0x3f,0xef,0x0f,0x0f,0x1f,0x3f,0x3f,0xef,
    0xf0,0xf8,0xfc,0xfc,0xfc,0xec,0xe0,0xf0,0xf8,0xf8,0xf8,0xe8,0xc0,0xe0,0xf0,0xf0,
    0xf8,0xe8,0x00,0x00,0x00,0x00,0x00,0x00,0x00,0x00,0x00,0x00,0x00,0x00,0x00,0x00,
    0x00,0x00,0x00,0x00,0x07,0x0f,0x1f,0x1f,0x3f,0x2f,0x0f,0x1f,0x3f,0x3f,0x3f,0x2f,
    0xfc,0xfc,0xfc,0xfc,0xfc,0xec,0xf8,0xf8,0xf8,0xf8,0xf8,0xe8,0xf8,0xf8,0xf8,0xf8,
    0xf8,0xe8,0x00,0x00,0x00,0x00,0x00,0x00,0x00,0x00,0x00,0x00,0x00,0x00,0x00,0x00,
    0x00,0x00,0x00,0x00,0x3f,0x3f,0x3f,0x3f,0x3f,0x2f,0x3f,0x3f,0x3f,0x3f,0x3f,0x2f,
    0xfc,0xfc,0xfc,0xfc,0xfc,0xec,0xf8,0xf8,0xf8,0xf8,0xf8,0xe8,0xf8,0xf8,0xf8,0xf8,
    0xf8,0xe8,0x00,0x00,0x00,0x00,0x00,0x00,0x00,0x00,0x00,0x00,0x00,0x00,0x00,0x00,
    0x00,0x00,0x00,0x00,0x3f,0x3f,0x3f,0x3f,0x3f,0x2f,0x3f,0x3f,0x3f,0x3f,0x3f,0x2f,
    0xfc,0xff,0xff,0xff,0xff,0xdf,0xf8,0xff,0xff,0xff,0xff,0xdf,0xf1,0xff,0xff,0xff,
    0xff,0xdf,0xe3,0xff,0xff,0xff,0xff,0xdf,0xc7,0xff,0xff,0xff,0xff,0xdf,0x8f,0xff,
    0xff,0xff,0xff,0xdf,0x1f,0xff,0xff,0xff,0xff,0xdf,0x3f,0xff,0xff,0xff,0xff,0xdf,
    0xf0,0xf0,0xff,0xff,0xff,0xdf,0xe0,0xe0,0xff,0xff,0xff,0xdf,0xc0,0xc0,0xff,0xff,
    0xff,0xdf,0x80,0x80,0xff,0xff,0xff,0xdf,0x00,0x00,0xff,0xff,0xff,0xdf,0x00,0x00,
    0xff,0xff,0xff,0xdf,0x00,0x00,0xff,0xff,0xff,0xdf,0x0f,0x0f,0xff,0xff,0xff,0xdf,
    0xf0,0xf0,0xf8,0xff,0xff,0xdf,0xe0,0xe0,0xf0,0xff,0xff,0xdf,0xc0,0xc0,0xe0,0xff,
    0xff,0xdf,0x80,0x80,0xc0,0xff,0xff,0xdf,0x00,0x00,0x80,0xff,0xff,0xdf,0x00,0x00,
    0x00,0xff,0xff,0xdf,0x00,0x00,0x0f,0xff,0xff,0xdf,0x0f,0x0f,0x1f,0xff,0xff,0xdf,
    0xf0,0xf0,0xf8,0xf8,0xff,0xdf,0xe0,0xe0,0xf0,0xf8,0xff,0xdf,0xc0,0xc0,0xe0,0xf0,
    0xff,0xdf,0x80,0x80,0xc0,0xe0,0xff,0xdf,0x00,0x00,0x00,0xc0,0xff,0xdf,0x00,0x00,
    0x00,0x01,0xff,0xdf,0x00,0x00,0x01,0x1f,0xff,0xdf,0x0f,0x0f,0x1f,0x3f,0xff,0xdf,
    0xf0,0xf0,0xf8,0xf8,0xf8,0xdf,0xe0,0xe0,0xf0,0xf8,0xf8,0xdf,0xc0,0xc0,0xe0,0xf0,
    0xf0,0xdf,0x80,0x80,0xc0,0xe0,0xf0,0xdf,0x00,0x00,0x00,0xc0,0xf1,0xdf,0x00,0x00,
    0x00,0x01,0xff,0xdf,0x00,0x00,0x01,0x1f,0x7f,0xdf,0x0f,0x0f,0x1f,0x3f,0x7f,0xdf,
    0xf0,0xf8,0xf8,0xf8,0xf8,0xd8,0xe0,0xf0,0xf8,0xf8,0xf8,0xd8,0xc0,0xe0,0xf0,0xf0,
    0xf0,0xd0,0x80,0xc0,0xe0,0xe0,0xf0,0xd1,0x00,0x00,0x00,0x00,0x00,0x00,0x00,0x00,
    0x00,0x00,0x00,0x00,0x00,0x00,0x00,0x00,0x00,0x00,0x0f,0x1f,0x3f,0x3f,0x7f,0x5f,
    0xf8,0xf8,0xf8,0xf8,0xf8,0xd8,0xf8,0xf8,0xf8,0xf8,0xf8,0xd8,0xf0,0xf0,0xf0,0xf0,
    0xf0,0xd0,0xf0,0xf0,0xf0,0xf0,0xf0,0xd1,0x00,0x00,0x00,0x00,0x00,0x00,0x00,0x00,
    0x00,0x00,0x00,0x00,0x00,0x00,0x00,0x00,0x00,0x00,0x7f,0x7f,0x7f,0x7f,0x7f,0x5f,
    0xf8,0xf8,0xf8,0xf8,0xf8,0xd8,0xf8,0xf8,0xf8,0xf8,0xf8,0xd8,0xf0,0xf0,0xf0,0xf0,
    0xf0,0xd0,0xf0,0xf0,0xf0,0xf0,0xf0,0xd1,0x00,0x00,0x00,0x00,0x00,0x00,0x00,0x00,
    0x00,0x00,0x00,0x00,0x00,0x00,0x00,0x00,0x00,0x00,0x7f,0x7f,0x7f,0x7f,0x3f,0x5f,
    0xfc,0xff,0xff,0xff,0xff,0xbf,0xf8,0xff,0xff,0xff,0xff,0xbf,0xf1,0xff,0xff,0xff,
    0xff,0xbf,0xe3,0xff,0xff,0xff,0xff,0xbf,0xc7,0xff,0xff,0xff,0xff,0xbf,0x8f,0xff,
    0xff,0xff,0xff,0xbf,0x1f,0xff,0xff,0xff,0xff,0xbf,0x3f,0xff,0xff,0xff,0xff,0xbf,
    0xf0,0xf0,0xff,0xff,0xff,0xbf,0xe0,0xe0,0xff,0xff,0xff,0xbf,0xc0,0xc0,0xff,0xff,
    0xff,0xbf,0x80,0x80,0xff,0xff,0xff,0xbf,0x00,0x00,0xff,0xff,0xff,0xbf,0x00,0x00,
    0xff,0xff,0xff,0xbf,0x00,0x00,0xff,0xff,0xff,0xbf,0x01,0x01,0xff,0xff,0xff,0xbf,
    0xf0,0xf0,0xf8,0xff,0xff,0xbf,0xe0,0xe0,0xf0,0xff,0xff,0xbf,0xc0,0xc0,0xe0,0xff,
    0xff,0xbf,0x80,0x80,0xc0,0xff,0xff,0xbf,0x00,0x00,0x80,0xff,0xff,0xbf,0x00,0x00,
    0x00,0xff,0xff,0xbf,0x00,0x00,0x01,0xff,0xff,0xbf,0x01,0x01,0x1f,0xff,0xff,0xbf,
    0xf0,0xf0,0xf8,0xf8,0xff,0xbf,0xe0,0xe0,0xf0,0xf0,0xff,0xbf,0xc0,0xc0,0xe0,0xf0,
    0xff,0xbf,0x80,0x80,0xc0,0xe0,0xff,0xbf,0x00,0x00,0x80,0xc0,0xff,0xbf,0x00,0x00,
    0x00,0x81,0xff,0xbf,0x00,0x00,0x01,0x03,0xff,0xbf,0x01,0x01,0x03,0x3f,0xff,0xbf,
    0xf0,0xf0,0xf8,0xf8,0xf8,0xbf,0xe0,0xe0,0xf0,0xf0,0xf0,0xbf,0xc0,0xc0,0xe0,0xf0,
    0xf0,0xbf,0x80,0x80,0xc0,0xe0,0xe0,0xbf,0x00,0x00,0x80,0xc0,0xe1,0xbf,0x00,0x00,
    0x00,0x81,0xe3,0xbf,0x00,0x00,0x01,0x03,0xff,0xbf,0x01,0x01,0x03,0x3f,0xff,0xbf,
    0xf0,0xf8,0xf8,0xf8,0xf8,0xb8,0xe0,0xf0,0xf0,0xf0,0xf0,0xb0,0xc0,0xe0,0xf0,0xf0,
    0xf0,0xb0,0x80,0xc0,0xe0,0xe0,0xe0,0xa1,0x00,0x00,0xc0,0xc0,0xe1,0xa3,0x00,0x00,
    0x00,0x00,0x00,0x00,0x00,0x00,0x00,0x00,0x00,0x00,0x00,0x00,0x00,0x00,0x00,0x00,
    0xf8,0xf8,0xf8,0xf8,0xf8,0xb8,0xf0,0xf0,0xf0,0xf0,0xf0,0xb0,0xf0,0xf0,0xf0,0xf0,
    0xf0,0xb0,0xe0,0xe0,0xe0,0xe0,0xe0,0xa1,0xe0,0xe0,0xe0,0xe0,0xe1,0xa3,0x00,0x00,
    0x00,0x00,0x00,0x00,0x00,0x00,0x00,0x00,0x00,0x00,0x00,0x00,0x00,0x00,0x00,0x00,
    0xf8,0xf8,0xf8,0xf8,0xf8,0xb8,0xf0,0xf0,0xf0,0xf0,0xf0,0xb0,0xf0,0xf0,0xf0,0xf0,
    0xf0,0xb0,0xe0,0xe0,0xe0,0xe0,0xe0,0xa1,0xe0,0xe0,0xe0,0xe0,0xe1,0xa3,0x00,0x00,
    0x00,0x00,0x00,0x00,0x00,0x00,0x00,0x00,0x00,0x00,0x00,0x00,0x00,0x00,0x00,0x00,
    0xfc,0xff,0xff,0xff,0xff,0x7f,0xf8,0xff,0xff,0xff,0xff,0x7f,0xf1,0xff,0xff,0xff,
    0xff,0x7f,0xe3,0xff,0xff,0xff,0xff,0x7f,0xc7,0xff,0xff,0xff,0xff,0x7f,0x8f,0xff,
    0xff,0xff,0xff,0x7f,0x1f,0xff,0xff,0xff,0xff,0x7f,0x3f,0xff,0xff,0xff,0xff,0x7f,
    0xf0,0xf0,0xff,0xff,0xff,0x7f,0xe0,0xe0,0xff,0xff,0xff,0x7f,0xc0,0xc0,0xff,0xff,
    0xff,0x7f,0x80,0x80,0xff,0xff,0xff,0x7f,0x00,0x00,0xff,0xff,0xff,0x7f,0x00,0x00,
    0xff,0xff,0xff,0x7f,0x00,0x00,0xff,0xff,0xff,0x7f,0x01,0x01,0xff,0xff,0xff,0x7f,
    0xf0,0xf0,0xf0,0xff,0xff,0x7f,0xe0,0xe0,0xf0,0xff,0xff,0x7f,0xc0,0xc0,0xe0,0xff,
    0xff,0x7f,0x80,0x80,0xc0,0xff,0xff,0x7f,0x00,0x00,0x80,0xff,0xff,0x7f,0x00,0x00,
    0x00,0xff,0xff,0x7f,0x00,0x00,0x01,0xff,0xff,0x7f,0x01,0x01,0x03,0xff,0xff,0x7f,
    0xf0,0xf0,0xf0,0xf0,0xff,0x7f,0xe0,0xe0,0xf0,0xf0,0xff,0x7f,0xc0,0xc0,0xe0,0xe0,
    0xff,0x7f,0x80,0x80,0xc0,0xe0,0xff,0x7f,0x00,0x00,0x00,0xc0,0xff,0x7f,0x00,0x00,
    0x00,0x81,0xff,0x7f,0x00,0x00,0x01,0x03,0xff,0x7f,0x01,0x01,0x03,0x07,0xff,0x7f,
    0xf0,0xf0,0xf0,0xf0,0xf0,0x7f,0xe0,0xe0,0xf0,0xf0,0xf0,0x7f,0xc0,0xc0,0xe0,0xe0,
    0xe0,0x7f,0x80,0x80,0xc0,0xe0,0xe0,0x7f,0x00,0x00,0x00,0x40,0xc1,0x7f,0x00,0x00,
    0x00,0x01,0xc3,0x7f,0x00,0x00,0x01,0x03,0xc7,0x7f,0x01,0x01,0x03,0x07,0xff,0x7f,
    0xf0,0xf0,0xf0,0xf0,0xf0,0x78,0xe0,0xf0,0xf0,0xf0,0xf0,0x70,0xc0,0xe0,0xe0,0xe0,
    0xe0,0x60,0x80,0xc0,0xe0,0xe0,0xe0,0x61,0x00,0x00,0x40,0x40,0x41,0x43,0x00,0x00,
    0x00,0x01,0x43,0x47,0x00,0x00,0x00,0x00,0x00,0x00,0x00,0x00,0x00,0x00,0x00,0x00,
    0xf0,0xf0,0xf0,0xf0,0xf0,0x78,0xf0,0xf0,0xf0,0xf0,0xf0,0x70,0xe0,0xe0,0xe0,0xe0,
    0xe0,0x60,0xe0,0xe0,0xe0,0xe0,0xe0,0x61,0x40,0x40,0x40,0x40,0x41,0x43,0x40,0x40,
    0x40,0x41,0x43,0x47,0x00,0x00,0x00,0x00,0x00,0x00,0x00,0x00,0x00,0x00,0x00,0x00,
    0xf0,0xf0,0xf0,0xf0,0xf0,0x78,0xf0,0xf0,0xf0,0xf0,0xf0,0x70,0xe0,0xe0,0xe0,0xe0,
    0xe0,0x60,0xe0,0xe0,0xe0,0xe0,0xe0,0x61,0x40,0x40,0x40,0x40,0x41,0x43,0x40,0x40,
    0x40,0x41,0x43,0x47,0x00,0x00,0x00,0x00,0x00,0x00,0x00,0x00,0x00,0x00,0x00,0x00,
    0xfc,0xff,0xff,0xff,0xff,0xff,0xf8,0xff,0xff,0xff,0xff,0xff,0xf1,0xff,0xff,0xff,
    0xff,0xff,0xe3,0xff,0xff,0xff,0xff,0xff,0xc7,0xff,0xff,0xff,0xff,0xff,0x8f,0xff,
    0xff,0xff,0xff,0xff,0x1f,0xff,0xff,0xff,0xff,0xff,0x3f,0xff,0xff,0xff,0xff,0xff,
    0x80,0x80,0xff,0xff,0xff,0xff,0x00,0x00,0xff,0xff,0xff,0xff,0x00,0x00,0xff,0xff,
    0xff,0xff,0x00,0x00,0xff,0xff,0xff,0xff,0x00,0x00,0xff,0xff,0xff,0xff,0x01,0x01,
    0xff,0xff,0xff,0xff,0x03,0x03,0xff,0xff,0xff,0xff,0x07,0x07,0xff,0xff,0xff,0xff,
    0x80,0x80,0xc0,0xff,0xff,0xff,0x00,0x00,0x80,0xff,0xff,0xff,0x00,0x00,0x00,0xff,
    0xff,0xff,0x00,0x00,0x00,0xff,0xff,0xff,0x00,0x00,0x01,0xff,0xff,0xff,0x01,0x01,
    0x03,0xff,0xff,0xff,0x03,0x03,0x07,0xff,0xff,0xff,0x07,0x07,0x0f,0xff,0xff,0xff,
    0x80,0x80,0xc0,0xe0,0xff,0xff,0x00,0x00,0x80,0xc0,0xff,0xff,0x00,0x00,0x00,0x80,
    0xff,0xff,0x00,0x00,0x00,0x01,0xff,0xff,0x00,0x00,0x01,0x03,0xff,0xff,0x01,0x01,
    0x03,0x07,0xff,0xff,0x03,0x03,0x07,0x0f,0xff,0xff,0x07,0x07,0x0f,0x0f,0xff,0xff,
    0x80,0x80,0xc0,0xe0,0xf0,0xff,0x00,0x00,0x80,0xc0,0xe0,0xff,0x00,0x00,0x00,0x80,
    0xc0,0xff,0x00,0x00,0x00,0x00,0x83,0xff,0x00,0x00,0x01,0x03,0x07,0xff,0x01,0x01,
    0x03,0x07,0x07,0xff,0x03,0x03,0x07,0x0f,0x0f,0xff,0x07,0x07,0x0f,0x0f,0x0f,0xff,
    0x80,0x80,0xc0,0xe0,0xf0,0xff,0x00,0x00,0x80,0xc0,0xe0,0xf2,0x00,0x00,0x00,0x80,
    0xc0,0xe2,0x00,0x00,0x00,0x00,0x82,0xc2,0x00,0x00,0x01,0x03,0x07,0x87,0x01,0x01,
    0x03,0x07,0x07,0x07,0x03,0x03,0x07,0x0f,0x0f,0x0f,0x07,0x07,0x0f,0x0f,0x0f,0x1f,
    0x00,0x00,0x00,0x00,0x00,0x00,0x00,0x00,0x00,0x00,0x00,0x00,0x00,0x00,0x00,0x80,
    0xc0,0xe2,0x00,0x00,0x00,0x02,0x82,0xc2,0x00,0x00,0x03,0x07,0x07,0x87,0x01,0x03,
    0x07,0x07,0x07,0x07,0x03,0x07,0x0f,0x0f,0x0f,0x0f,0x07,0x0f,0x0f,0x0f,0x0f,0x1f,
    0x00,0x00,0x00,0x00,0x00,0x00,0x00,0x00,0x00,0x00,0x00,0x00,0x02,0x02,0x02,0x82,
    0xc2,0xe2,0x02,0x02,0x02,0x02,0x82,0xc2,0x07,0x07,0x07,0x07,0x07,0x87,0x07,0x07,
    0x07,0x07,0x07,0x07,0x0f,0x0f,0x0f,0x0f,0x0f,0x0f,0x0f,0x0f,0x0f,0x0f,0x0f,0x1f,
    0xfc,0xff,0xff,0xff,0xff,0xff,0xf8,0xff,0xff,0xff,0xff,0xff,0xf1,0xff,0xff,0xff,
    0xff,0xff,0xe3,0xff,0xff,0xff,0xff,0xff,0xc7,0xff,0xff,0xff,0xff,0xff,0x8f,0xff,
    0xff,0xff,0xff,0xff,0x1f,0xff,0xff,0xff,0xff,0xff,0x3f,0xff,0xff,0xff,0xff,0xff,
    0x80,0x80,0xff,0xff,0xff,0xff,0x00,0x00,0xff,0xff,0xff,0xff,0x00,0x00,0xff,0xff,
    0xff,0xff,0x00,0x00,0xff,0xff,0xff,0xff,0x00,0x00,0xff,0xff,0xff,0xff,0x01,0x01,
    0xff,0xff,0xff,0xff,0x03,0x03,0xff,0xff,0xff,0xff,0x07,0x07,0xff,0xff,0xff,0xff,
    0x80,0x80,0xc0,0xff,0xff,0xff,0x00,0x00,0x80,0xff,0xff,0xff,0x00,0x00,0x00,0xff,
    0xff,0xff,0x00,0x00,0x00,0xff,0xff,0xff,0x00,0x00,0x01,0xff,0xff,0xff,0x01,0x01,
    0x03,0xff,0xff,0xff,0x03,0x03,0x07,0xff,0xff,0xff,0x07,0x07,0x0f,0xff,0xff,0xff,
    0x80,0x80,0xc0,0xf8,0xff,0xff,0x00,0x00,0x80,0xc0,0xff,0xff,0x00,0x00,0x00,0x80,
    0xff,0xff,0x00,0x00,0x00,0x01,0xff,0xff,0x00,0x00,0x01,0x03,0xff,0xff,0x01,0x01,
    0x03,0x07,0xff,0xff,0x03,0x03,0x07,0x0f,0xff,0xff,0x07,0x07,0x0f,0x1f,0xff,0xff,
    0x80,0x80,0xc0,0xe0,0xfc,0xff,0x00,0x00,0x80,0xc0,0xe0,0xff,0x00,0x00,0x00,0x80,
    0xc1,0xff,0x00,0x00,0x00,0x01,0x83,0xff,0x00,0x00,0x01,0x03,0x07,0xff,0x01,0x01,
    0x03,0x07,0x0f,0xff,0x03,0x03,0x07,0x0f,0x0f,0xff,0x07,0x07,0x0f,0x1f,0x1f,0xff,
    0x80,0x80,0xc0,0xe0,0xfc,0xff,0x00,0x00,0x80,0xc0,0xe0,0xff,0x00,0x00,0x00,0x80,
    0xc1,0xe7,0x00,0x00,0x00,0x01,0x83,0xc7,0x00,0x00,0x01,0x03,0x07,0x87,0x01,0x01,
    0x03,0x07,0x0f,0x0f,0x03,0x03,0x07,0x0f,0x0f,0x0f,0x07,0x07,0x0f,0x1f,0x1f,0x1f,
    0x00,0x00,0x00,0x00,0x00,0x00,0x00,0x00,0x00,0x00,0x00,0x00,0x00,0x00,0x00,0x00,
    0x00,0x00,0x00,0x00,0x00,0x03,0x83,0xc7,0x00,0x00,0x03,0x07,0x07,0x87,0x01,0x03,
    0x07,0x0f,0x0f,0x0f,0x03,0x07,0x0f,0x0f,0x0f,0x0f,0x07,0x0f,0x1f,0x1f,0x1f,0x1f,
    0x00,0x00,0x00,0x00,0x00,0x00,0x00,0x00,0x00,0x00,0x00,0x00,0x00,0x00,0x00,0x00,
    0x00,0x00,0x07,0x07,0x07,0x07,0x87,0xc7,0x07,0x07,0x07,0x07,0x07,0x87,0x0f,0x0f,
    0x0f,0x0f,0x0f,0x0f,0x0f,0x0f,0x0f,0x0f,0x0f,0x0f,0x1f,0x1f,0x1f,0x1f,0x1f,0x1f,
    0xfc,0xff,0xff,0xff,0xff,0xff,0xf8,0xff,0xff,0xff,0xff,0xff,0xf1,0xff,0xff,0xff,
    0xff,0xff,0xe3,0xff,0xff,0xff,0xff,0xff,0xc7,0xff,0xff,0xff,0xff,0xff,0x8f,0xff,
    0xff,0xff,0xff,0xff,0x1f,0xff,0xff,0xff,0xff,0xff,0x3f,0xff,0xff,0xff,0xff,0xff,
    0xe0,0xe0,0xff,0xff,0xff,0xff,0x00,0x00,0xff,0xff,0xff,0xff,0x00,0x00,0xff,0xff,
    0xff,0xff,0x00,0x00,0xff,0xff,0xff,0xff,0x00,0x00,0xff,0xff,0xff,0xff,0x01,0x01,
    0xff,0xff,0xff,0xff,0x03,0x03,0xff,0xff,0xff,0xff,0x07,0x07,0xff,0xff,0xff,0xff,
    0xe0,0xe0,0xf0,0xff,0xff,0xff,0x00,0x00,0x80,0xff,0xff,0xff,0x00,0x00,0x00,0xff,
    0xff,0xff,0x00,0x00,0x00,0xff,0xff,0xff,0x00,0x00,0x01,0xff,0xff,0xff,0x01,0x01,
    0x03,0xff,0xff,0xff,0x03,0x03,0x07,0xff,0xff,0xff,0x07,0x07,0x0f,0xff,0xff,0xff,
    0xe0,0xe0,0xf0,0xf8,0xff,0xff,0x00,0x00,0x80,0xf0,0xff,0xff,0x00,0x00,0x00,0x80,
    0xff,0xff,0x00,0x00,0x00,0x01,0xff,0xff,0x00,0x00,0x01,0x03,0xff,0xff,0x01,0x01,
    0x03,0x07,0xff,0xff,0x03,0x03,0x07,0x0f,0xff,0xff,0x07,0x07,0x0f,0x1f,0xff,0xff,
    0xe0,0xe0,0xf0,0xf8,0xfc,0xff,0x00,0x00,0x80,0xc0,0xf8,0xff,0x00,0x00,0x00,0x80,
    0xc0,0xff,0x00,0x00,0x00,0x00,0x83,0xff,0x00,0x00,0x01,0x03,0x07,0xff,0x01,0x01,
    0x03,0x07,0x0f,0xff,0x03,0x03,0x07,0x0f,0x1f,0xff,0x07,0x07,0x0f,0x1f,0x1f,0xff,
    0xe0,0xe0,0xf0,0xf8,0xfc,0xfe,0x00,0x00,0x80,0xc0,0xf8,0xfe,0x00,0x00,0x00,0x80,
    0xc0,0xff,0x00,0x00,0x00,0x00,0x83,0xcf,0x00,0x00,0x01,0x03,0x07,0x8f,0x01,0x01,
    0x03,0x07,0x0f,0x0f,0x03,0x03,0x07,0x0f,0x1f,0x1f,0x07,0x07,0x0f,0x1f,0x1f,0x1f,
    0xe0,0xf0,0xf8,0xfc,0xfc,0xfe,0x00,0x00,0x00,0x00,0x00,0x00,0x00,0x00,0x00,0x00,
    0x00,0x00,0x00,0x00,0x00,0x00,0x00,0x00,0x00,0x00,0x03,0x07,0x07,0x8f,0x01,0x03,
    0x07,0x0f,0x0f,0x0f,0x03,0x07,0x0f,0x1f,0x1f,0x1f,0x07,0x0f,0x1f,0x1f,0x1f,0x1f,
    0xfe,0xfe,0xfe,0xfe,0xfc,0xfe,0x00,0x00,0x00,0x00,0x00,0x00,0x00,0x00,0x00,0x00,
    0x00,0x00,0x00,0x00,0x00,0x00,0x00,0x00,0x0f,0x0f,0x0f,0x0f,0x0f,0x8f,0x0f,0x0f,
    0x0f,0x0f,0x0f,0x0f,0x1f,0x1f,0x1f,0x1f,0x1f,0x1f,0x1f,0x1f,0x1f,0x1f,0x1f,0x1f,
    0xfc,0xff,0xff,0xff,0xff,0xff,0xf8,0xff,0xff,0xff,0xff,0xff,0xf1,0xff,0xff,0xff,
    0xff,0xff,0xe3,0xff,0xff,0xff,0xff,0xff,0xc7,0xff,0xff,0xff,0xff,0xff,0x8f,0xff,
    0xff,0xff,0xff,0xff,0x1f,0xff,0xff,0xff,0xff,0xff,0x3f,0xff,0xff,0xff,0xff,0xff,
    0xe0,0xe0,0xff,0xff,0xff,0xff,0xc0,0xc0,0xff,0xff,0xff,0xff,0x00,0x00,0xff,0xff,
    0xff,0xff,0x00,0x00,0xff,0xff,0xff,0xff,0x00,0x00,0xff,0xff,0xff,0xff,0x01,0x01,
    0xff,0xff,0xff,0xff,0x03,0x03,0xff,0xff,0xff,0xff,0x07,0x07,0xff,0xff,0xff,0xff,
    0xe0,0xe0,0xf0,0xff,0xff,0xff,0xc0,0xc0,0xe0,0xff,0xff,0xff,0x00,0x00,0x00,0xff,
    0xff,0xff,0x00,0x00,0x00,0xff,0xff,0xff,0x00,0x00,0x00,0xff,0xff,0xff,0x01,0x01,
    0x03,0xff,0xff,0xff,0x03,0x03,0x07,0xff,0xff,0xff,0x07,0x07,0x0f,0xff,0xff,0xff,
    0xe0,0xe0,0xf0,0xf8,0xff,0xff,0xc0,0xc0,0xe0,0xf0,0xff,0xff,0x00,0x00,0x00,0xe0,
    0xff,0xff,0x00,0x00,0x00,0x00,0xff,0xff,0x00,0x00,0x00,0x03,0xff,0xff,0x01,0x01,
    0x03,0x07,0xff,0xff,0x03,0x03,0x07,0x0f,0xff,0xff,0x07,0x07,0x0f,0x1f,0xff,0xff,
    0xe0,0xe0,0xf0,0xf8,0xfc,0xff,0xc0,0xc0,0xe0,0xf0,0xf8,0xff,0x00,0x00,0x00,0x80,
    0xf0,0xff,0x00,0x00,0x00,0x00,0x80,0xff,0x00,0x00,0x00,0x00,0x07,0xff,0x01,0x01,
    0x03,0x07,0x0f,0xff,0x03,0x03,0x07,0x0f,0x1f,0xff,0x07,0x07,0x0f,0x1f,0x3f,0xff,
    0xe0,0xe0,0xf0,0xf8,0xfc,0xfc,0xc0,0xc0,0xe0,0xf0,0xf8,0xfc,0x00,0x00,0x00,0x80,
    0xf0,0xfc,0x00,0x00,0x00,0x00,0x80,0xff,0x00,0x00,0x00,0x00,0x07,0x9f,0x01,0x01,
    0x03,0x07,0x0f,0x1f,0x03,0x03,0x07,0x0f,0x1f,0x1f,0x07,0x07,0x0f,0x1f,0x3f,0x3f,
    0xe0,0xf0,0xf8,0xfc,0xfc,0xfc,0xc0,0xe0,0xf0,0xf8,0xf8,0xfc,0x00,0x00,0x00,0x00,
    0x00,0x00,0x00,0x00,0x00,0x00,0x00,0x00,0x00,0x00,0x00,0x00,0x00,0x00,0x01,0x03,
    0x07,0x0f,0x0f,0x1f,0x03,0x07,0x0f,0x1f,0x1f,0x1f,0x07,0x0f,0x1f,0x3f,0x3f,0x3f,
    0xfc,0xfc,0xfc,0xfc,0xfc,0xfc,0xfc,0xfc,0xfc,0xfc,0xfc,0xfc,0x00,0x00,0x00,0x00,
    0x00,0x00,0x00,0x00,0x00,0x00,0x00,0x00,0x00,0x00,0x00,0x00,0x00,0x00,0x1f,0x1f,
    0x1f,0x1f,0x1f,0x1f,0x1f,0x1f,0x1f,0x1f,0x1f,0x1f,0x3f,0x3f,0x3f,0x3f,0x3f,0x3f,
    0xfc,0xff,0xff,0xff,0xff,0xff,0xf8,0xff,0xff,0xff,0xff,0xff,0xf1,0xff,0xff,0xff,
    0xff,0xff,0xe3,0xff,0xff,0xff,0xff,0xff,0xc7,0xff,0xff,0xff,0xff,0xff,0x8f,0xff,
    0xff,0xff,0xff,0xff,0x1f,0xff,0xff,0xff,0xff,0xff,0x3f,0xff,0xff,0xff,0xff,0xff,
    0xe0,0xe0,0xff,0xff,0xff,0xff,0xc0,0xc0,0xff,0xff,0xff,0xff,0x80,0x80,0xff,0xff,
    0xff,0xff,0x00,0x00,0xff,0xff,0xff,0xff,0x00,0x00,0xff,0xff,0xff,0xff,0x00,0x00,
    0xff,0xff,0xff,0xff,0x03,0x03,0xff,0xff,0xff,0xff,0x07,0x07,0xff,0xff,0xff,0xff,
    0xe0,0xe0,0xf0,0xff,0xff,0xff,0xc0,0xc0,0xe0,0xff,0xff,0xff,0x80,0x80,0xc0,0xff,
    0xff,0xff,0x00,0x00,0x00,0xff,0xff,0xff,0x00,0x00,0x00,0xff,0xff,0xff,0x00,0x00,
    0x00,0xff,0xff,0xff,0x03,0x03,0x07,0xff,0xff,0xff,0x07,0x07,0x0f,0xff,0xff,0xff,
    0xe0,0xe0,0xf0,0xf8,0xff,0xff,0xc0,0xc0,0xe0,0xf0,0xff,0xff,0x80,0x80,0xc0,0xe0,
    0xff,0xff,0x00,0x00,0x00,0xc0,0xff,0xff,0x00,0x00,0x00,0x00,0xff,0xff,0x00,0x00,
    0x00,0x07,0xff,0xff,0x03,0x03,0x07,0x0f,0xff,0xff,0x07,0x07,0x0f,0x1f,0xff,0xff,
    0xe0,0xe0,0xf0,0xf8,0xfc,0xff,0xc0,0xc0,0xe0,0xf0,0xf8,0xff,0x80,0x80,0xc0,0xe0,
    0xf0,0xff,0x00,0x00,0x00,0x00,0xe0,0xff,0x00,0x00,0x00,0x00,0x01,0xff,0x00,0x00,
    0x00,0x01,0x0f,0xff,0x03,0x03,0x07,0x0f,0x1f,0xff,0x07,0x07,0x0f,0x1f,0x3f,0xff,
    0xe0,0xe0,0xf0,0xf8,0xfc,0xfc,0xc0,0xc0,0xe0,0xf0,0xf8,0xf8,0x80,0x80,0xc0,0xe0,
    0xf0,0xf8,0x00,0x00,0x00,0x00,0xe0,0xf9,0x00,0x00,0x00,0x00,0x01,0xff,0x00,0x00,
    0x00,0x01,0x0f,0x3f,0x03,0x03,0x07,0x0f,0x1f,0x3f,0x07,0x07,0x0f,0x1f,0x3f,0x3f,
    0xe0,0xf0,0xf8,0xfc,0xfc,0xfc,0xc0,0xe0,0xf0,0xf8,0xf8,0xf8,0x80,0xc0,0xe0,0xf0,
    0xf0,0xf8,0x00,0x00,0x00,0x00,0x00,0x00,0x00,0x00,0x00,0x00,0x00,0x00,0x00,0x00,
    0x00,0x00,0x00,0x00,0x03,0x07,0x0f,0x1f,0x1f,0x3f,0x07,0x0f,0x1f,0x3f,0x3f,0x3f,
    0xfc,0xfc,0xfc,0xfc,0xfc,0xfc,0xf8,0xf8,0xf8,0xf8,0xf8,0xf8,0xf8,0xf8,0xf8,0xf8,
    0xf8,0xf8,0x00,0x00,0x00,0x00,0x00,0x00,0x00,0x00,0x00,0x00,0x00,0x00,0x00,0x00,
    0x00,0x00,0x00,0x00,0x3f,0x3f,0x3f,0x3f,0x3f,0x3f,0x3f,0x3f,0x3f,0x3f,0x3f,0x3f,
    0xfc,0xff,0xff,0xff,0xff,0xff,0xf8,0xff,0xff,0xff,0xff,0xff,0xf1,0xff,0xff,0xff,
    0xff,0xff,0xe3,0xff,0xff,0xff,0xff,0xff,0xc7,0xff,0xff,0xff,0xff,0xff,0x8f,0xff,
    0xff,0xff,0xff,0xff,0x1f,0xff,0xff,0xff,0xff,0xff,0x3f,0xff,0xff,0xff,0xff,0xff,
    0xe0,0xe0,0xff,0xff,0xff,0xff,0xc0,0xc0,0xff,0xff,0xff,0xff,0x80,0x80,0xff,0xff,
    0xff,0xff,0x00,0x00,0xff,0xff,0xff,0xff,0x00,0x00,0xff,0xff,0xff,0xff,0x00,0x00,
    0xff,0xff,0xff,0xff,0x00,0x00,0xff,0xff,0xff,0xff,0x07,0x07,0xff,0xff,0xff,0xff,
    0xe0,0xe0,0xf0,0xff,0xff,0xff,0xc0,0xc0,0xe0,0xff,0xff,0xff,0x80,0x80,0xc0,0xff,
    0xff,0xff,0x00,0x00,0x80,0xff,0xff,0xff,0x00,0x00,0x00,0xff,0xff,0xff,0x00,0x00,
    0x00,0xff,0xff,0xff,0x00,0x00,0x01,0xff,0xff,0xff,0x07,0x07,0x0f,0xff,0xff,0xff,
    0xe0,0xe0,0xf0,0xf8,0xff,0xff,0xc0,0xc0,0xe0,0xf0,0xff,0xff,0x80,0x80,0xc0,0xe0,
    0xff,0xff,0x00,0x00,0x80,0xc0,0xff,0xff,0x00,0x00,0x00,0x80,0xff,0xff,0x00,0x00,
    0x00,0x01,0xff,0xff,0x00,0x00,0x01,0x0f,0xff,0xff,0x07,0x07,0x0f,0x1f,0xff,0xff,
    0xe0,0xe0,0xf0,0xf8,0xf8,0xff,0xc0,0xc0,0xe0,0xf0,0xf8,0xff,0x80,0x80,0xc0,0xe0,
    0xf0,0xff,0x00,0x00,0x80,0xc0,0xe0,0xff,0x00,0x00,0x00,0x00,0xc1,0xff,0x00,0x00,
    0x00,0x01,0x03,0xff,0x00,0x00,0x01,0x03,0x1f,0xff,0x07,0x07,0x0f,0x1f,0x3f,0xff,
    0xe0,0xe0,0xf0,0xf8,0xf8,0xf8,0xc0,0xc0,0xe0,0xf0,0xf8,0xf8,0x80,0x80,0xc0,0xe0,
    0xf0,0xf0,0x00,0x00,0x80,0xc0,0xe0,0xf1,0x00,0x00,0x00,0x00,0xc1,0xf3,0x00,0x00,
    0x00,0x01,0x03,0xff,0x00,0x00,0x01,0x03,0x1f,0x7f,0x07,0x07,0x0f,0x1f,0x3f,0x7f,
    0xe0,0xf0,0xf8,0xf8,0xf8,0xf8,0xc0,0xe0,0xf0,0xf8,0xf8,0xf8,0x80,0xc0,0xe0,0xf0,
    0xf0,0xf0,0x00,0x00,0xc0,0xe0,0xe0,0xf1,0x00,0x00,0x00,0x00,0x00,0x00,0x00,0x00,
    0x00,0x00,0x00,0x00,0x00,0x00,0x00,0x00,0x00,0x00,0x07,0x0f,0x1f,0x3f,0x3f,0x7f,
    0xf8,0xf8,0xf8,0xf8,0xf8,0xf8,0xf8,0xf8,0xf8,0xf8,0xf8,0xf8,0xf0,0xf0,0xf0,0xf0,
    0xf0,0xf0,0xf0,0xf0,0xf0,0xf0,0xf0,0xf1,0x00,0x00,0x00,0x00,0x00,0x00,0x00,0x00,
    0x00,0x00,0x00,0x00,0x00,0x00,0x00,0x00,0x00,0x00,0x7f,0x7f,0x7f,0x7f,0x3f,0x7f,
    0xfc,0xff,0xff,0xff,0xff,0xff,0xf8,0xff,0xff,0xff,0xff,0xff,0xf1,0xff,0xff,0xff,
    0xff,0xff,0xe3,0xff,0xff,0xff,0xff,0xff,0xc7,0xff,0xff,0xff,0xff,0xff,0x8f,0xff,
    0xff,0xff,0xff,0xff,0x1f,0xff,0xff,0xff,0xff,0xff,0x3f,0xff,0xff,0xff,0xff,0xff,
    0xe0,0xe0,0xff,0xff,0xff,0xff,0xc0,0xc0,0xff,0xff,0xff,0xff,0x80,0x80,0xff,0xff,
    0xff,0xff,0x00,0x00,0xff,0xff,0xff,0xff,0x00,0x00,0xff,0xff,0xff,0xff,0x00,0x00,
    0xff,0xff,0xff,0xff,0x00,0x00,0xff,0xff,0xff,0xff,0x01,0x01,0xff,0xff,0xff,0xff,
    0xe0,0xe0,0xf0,0xff,0xff,0xff,0xc0,0xc0,0xe0,0xff,0xff,0xff,0x80,0x80,0xc0,0xff,
    0xff,0xff,0x00,0x00,0x80,0xff,0xff,0xff,0x00,0x00,0x00,0xff,0xff,0xff,0x00,0x00,
    0x00,0xff,0xff,0xff,0x00,0x00,0x01,0xff,0xff,0xff,0x01,0x01,0x03,0xff,0xff,0xff,
    0xe0,0xe0,0xf0,0xf8,0xff,0xff,0xc0,0xc0,0xe0,0xf0,0xff,0xff,0x80,0x80,0xc0,0xe0,
    0xff,0xff,0x00,0x00,0x80,0xc0,0xff,0xff,0x00,0x00,0x00,0x80,0xff,0xff,0x00,0x00,
    0x00,0x01,0xff,0xff,0x00,0x00,0x01,0x03,0xff,0xff,0x01,0x01,0x03,0x1f,0xff,0xff,
    0xe0,0xe0,0xf0,0xf8,0xf8,0xff,0xc0,0xc0,0xe0,0xf0,0xf0,0xff,0x80,0x80,0xc0,0xe0,
    0xf0,0xff,0x00,0x00,0x80,0xc0,0xe0,0xff,0x00,0x00,0x00,0x80,0xc1,0xff,0x00,0x00,
    0x00,0x01,0x83,0xff,0x00,0x00,0x01,0x03,0x07,0xff,0x01,0x01,0x03,0x07,0x3f,0xff,
    0xe0,0xe0,0xf0,0xf8,0xf8,0xf8,0xc0,0xc0,0xe0,0xf0,0xf0,0xf0,0x80,0x80,0xc0,0xe0,
    0xf0,0xf0,0x00,0x00,0x80,0xc0,0xe0,0xe1,0x00,0x00,0x00,0x80,0xc1,0xe3,0x00,0x00,
    0x00,0x01,0x83,0xe7,0x00,0x00,0x01,0x03,0x07,0xff,0x01,0x01,0x03,0x07,0x3f,0xff,
    0xe0,0xf0,0xf8,0xf8,0xf8,0xf8,0xc0,0xe0,0xf0,0xf0,0xf0,0xf0,0x80,0xc0,0xe0,0xf0,
    0xf0,0xf0,0x00,0x00,0xc0,0xe0,0xe0,0xe1,0x00,0x00,0x00,0xc0,0xc1,0xe3,0x00,0x00,
    0x00,0x00,0x00,0x00,0x00,0x00,0x00,0x00,0x00,0x00,0x00,0x00,0x00,0x00,0x00,0x00,
    0xf8,0xf8,0xf8,0xf8,0xf8,0xf8,0xf0,0xf0,0xf0,0xf0,0xf0,0xf0,0xf0,0xf0,0xf0,0xf0,
    0xf0,0xf0,0xe0,0xe0,0xe0,0xe0,0xe0,0xe1,0xe0,0xe0,0xe0,0xe0,0xe1,0xe3,0x00,0x00,
    0x00,0x00,0x00,0x00,0x00,0x00,0x00,0x00,0x00,0x00,0x00,0x00,0x00,0x00,0x00,0x00,
    0xfc,0xff,0xff,0xff,0xff,0xff,0xf8,0xff,0xff,0xff,0xff,0xff,0xf1,0xff,0xff,0xff,
    0xff,0xff,0xe3,0xff,0xff,0xff,0xff,0xff,0xc7,0xff,0xff,0xff,0xff,0xff,0x8f,0xff,
    0xff,0xff,0xff,0xff,0x1f,0xff,0xff,0xff,0xff,0xff,0x3f,0xff,0xff,0xff,0xff,0xff,
    0xe0,0xe0,0xff,0xff,0xff,0xff,0xc0,0xc0,0xff,0xff,0xff,0xff,0x80,0x80,0xff,0xff,
    0xff,0xff,0x00,0x00,0xff,0xff,0xff,0xff,0x00,0x00,0xff,0xff,0xff,0xff,0x00,0x00,
    0xff,0xff,0xff,0xff,0x00,0x00,0xff,0xff,0xff,0xff,0x01,0x01,0xff,0xff,0xff,0xff,
    0xe0,0xe0,0xf0,0xff,0xff,0xff,0xc0,0xc0,0xe0,0xff,0xff,0xff,0x80,0x80,0xc0,0xff,
    0xff,0xff,0x00,0x00,0x80,0xff,0xff,0xff,0x00,0x00,0x00,0xff,0xff,0xff,0x00,0x00,
    0x00,0xff,0xff,0xff,0x00,0x00,0x01,0xff,0xff,0xff,0x01,0x01,0x03,0xff,0xff,0xff,
    0xe0,0xe0,0xf0,0xf0,0xff,0xff,0xc0,0xc0,0xe0,0xf0,0xff,0xff,0x80,0x80,0xc0,0xe0,
    0xff,0xff,0x00,0x00,0x80,0xc0,0xff,0xff,0x00,0x00,0x00,0x80,0xff,0xff,0x00,0x00,
    0x00,0x01,0xff,0xff,0x00,0x00,0x01,0x03,0xff,0xff,0x01,0x01,0x03,0x07,0xff,0xff,
    0xe0,0xe0,0xf0,0xf0,0xf0,0xff,0xc0,0xc0,0xe0,0xf0,0xf0,0xff,0x80,0x80,0xc0,0xe0,
    0xe0,0xff,0x00,0x00,0x80,0xc0,0xe0,0xff,0x00,0x00,0x00,0x00,0xc1,0xff,0x00,0x00,
    0x00,0x01,0x03,0xff,0x00,0x00,0x01,0x03,0x07,0xff,0x01,0x01,0x03,0x07,0x0f,0xff,
    0xe0,0xe0,0xf0,0xf0,0xf0,0xf8,0xc0,0xc0,0xe0,0xf0,0xf0,0xf0,0x80,0x80,0xc0,0xe0,
    0xe0,0xe0,0x00,0x00,0x80,0xc0,0xe0,0xe1,0x00,0x00,0x00,0x00,0x41,0x43,0x00,0x00,
    0x00,0x01,0x03,0x47,0x00,0x00,0x01,0x03,0x07,0x4f,0x01,0x01,0x03,0x07,0x0f,0xff,
    0xe0,0xf0,0xf0,0xf0,0xf0,0xf8,0xc0,0xe0,0xf0,0xf0,0xf0,0xf0,0x80,0xc0,0xe0,0xe0,
    0xe0,0xe0,0x00,0x00,0xc0,0xe0,0xe0,0xe1,0x00,0x00,0x00,0x40,0x41,0x43,0x00,0x00,
    0x00,0x01,0x03,0x47,0x00,0x00,0x00,0x00,0x00,0x00,0x00,0x00,0x00,0x00,0x00,0x00,
    0xf0,0xf0,0xf0,0xf0,0xf0,0xf8,0xf0,0xf0,0xf0,0xf0,0xf0,0xf0,0xe0,0xe0,0xe0,0xe0,
    0xe0,0xe0,0xe0,0xe0,0xe0,0xe0,0xe0,0xe1,0x40,0x40,0x40,0x40,0x41,0x43,0x40,0x40,
    0x40,0x41,0x43,0x47,0x00,0x00,0x00,0x00,0x00,0x00,0x00,0x00,0x00,0x00,0x00,0x00,
};
